BlockHeight,TimeStamp,From,To,Value
15773249,1666075079.0,0xe7f6215dc275ece1e867e6824129f5d950543b43,,0.0
15773251,1666075103.0,0xe7f6215dc275ece1e867e6824129f5d950543b43,0x024aca4c8575ab8e9fc67affe7cbca08e1758da1,0.0
15773620,1666079531.0,0xe7f6215dc275ece1e867e6824129f5d950543b43,0x024aca4c8575ab8e9fc67affe7cbca08e1758da1,0.0
15773620,1666079531.0,0xe7f6215dc275ece1e867e6824129f5d950543b43,0x024aca4c8575ab8e9fc67affe7cbca08e1758da1,0.0
15773620,1666079531.0,0xe7f6215dc275ece1e867e6824129f5d950543b43,0x024aca4c8575ab8e9fc67affe7cbca08e1758da1,0.0
15773620,1666079531.0,0xe7f6215dc275ece1e867e6824129f5d950543b43,0x024aca4c8575ab8e9fc67affe7cbca08e1758da1,0.0
15773620,1666079531.0,0xe7f6215dc275ece1e867e6824129f5d950543b43,0x024aca4c8575ab8e9fc67affe7cbca08e1758da1,0.0
15773620,1666079531.0,0xe7f6215dc275ece1e867e6824129f5d950543b43,0x024aca4c8575ab8e9fc67affe7cbca08e1758da1,0.0
15773620,1666079531.0,0xe7f6215dc275ece1e867e6824129f5d950543b43,0x024aca4c8575ab8e9fc67affe7cbca08e1758da1,0.0
15773620,1666079531.0,0xe7f6215dc275ece1e867e6824129f5d950543b43,0x024aca4c8575ab8e9fc67affe7cbca08e1758da1,0.0
15773738,1666080959.0,0xe7f6215dc275ece1e867e6824129f5d950543b43,0x024aca4c8575ab8e9fc67affe7cbca08e1758da1,0.0
