BlockHeight,TimeStamp,From,To,Value
15982742,1668603575.0,0x8885e881485840985d8dcdf19fc19d85faee163c,,0.0
15983104,1668607967.0,0x8885e881485840985d8dcdf19fc19d85faee163c,0x02c49252fdbc3ebf3f13679ada688331b9eeab2d,0.0
15984068,1668619643.0,0x8885e881485840985d8dcdf19fc19d85faee163c,0x02c49252fdbc3ebf3f13679ada688331b9eeab2d,0.0
15989974,1668690911.0,0x8885e881485840985d8dcdf19fc19d85faee163c,0x02c49252fdbc3ebf3f13679ada688331b9eeab2d,0.0
15989974,1668690911.0,0x8885e881485840985d8dcdf19fc19d85faee163c,0x02c49252fdbc3ebf3f13679ada688331b9eeab2d,0.0
15990723,1668699947.0,0x8885e881485840985d8dcdf19fc19d85faee163c,0x02c49252fdbc3ebf3f13679ada688331b9eeab2d,0.0
16005813,1668882047.0,0x8885e881485840985d8dcdf19fc19d85faee163c,0x02c49252fdbc3ebf3f13679ada688331b9eeab2d,0.0
