BlockHeight,TimeStamp,From,To,Value
14380840,1647208522.0,0x4976a4a02f38326660d17bf34b431dc6e2eb2327,0x0341552cabe750ae3a593de78a50bff0570efdea,0.18771395
14380916,1647209546.0,0x19aa9d9fb32ffb6197bb3912eaf0acaeb0ade44d,0x0341552cabe750ae3a593de78a50bff0570efdea,0.002
14381057,1647211198.0,0xd24400ae8bfebb18ca49be86258a3c749cf46853,0x0341552cabe750ae3a593de78a50bff0570efdea,0.150004
14381242,1647213805.0,0xea7a4b385568a47a6ecfad373c06569576558e49,0x0341552cabe750ae3a593de78a50bff0570efdea,0.0001990275513839
14383911,1647250398.0,0xb5d85cbf7cb3ee0d56b3bb207d5fc4b82f43f511,0x0341552cabe750ae3a593de78a50bff0570efdea,1.0
14404892,1647531470.0,0x0341552cabe750ae3a593de78a50bff0570efdea,0x9395b1714680c4ec1e7e072f9b2b7aa9b24d377c,1.3376724496430128
