BlockHeight,TimeStamp,From,To,Value
14612066,1650324184.0,0x7baaa744e1b8829e6cd649c814ae786b51aae08f,0x050c7ff6b9d6e0c8be904ae4f2799ea6b5d268de,0.0132792587672655
14612070,1650324308.0,0x050c7ff6b9d6e0c8be904ae4f2799ea6b5d268de,0x3155ba85d5f96b2d030a4966af206230e46849cb,0.0
14612076,1650324404.0,0x4837e6f3a0e29059396bc6469ec339df758981c0,0x050c7ff6b9d6e0c8be904ae4f2799ea6b5d268de,0.0219957847344656
14612082,1650324487.0,0xd12bcdfb9a39be79da3bdf02557efdcd5ca59e77,0x050c7ff6b9d6e0c8be904ae4f2799ea6b5d268de,2.397251577295343
14612082,1650324487.0,0x050c7ff6b9d6e0c8be904ae4f2799ea6b5d268de,0x00555513acf282b42882420e5e5ba87b44d8fa6e,0.0
14614746,1650360549.0,0x050c7ff6b9d6e0c8be904ae4f2799ea6b5d268de,0x00555513acf282b42882420e5e5ba87b44d8fa6e,0.0
14614746,1650360549.0,0xd12bcdfb9a39be79da3bdf02557efdcd5ca59e77,0x050c7ff6b9d6e0c8be904ae4f2799ea6b5d268de,0.322651653898329
14619500,1650425035.0,0x050c7ff6b9d6e0c8be904ae4f2799ea6b5d268de,0x00555513acf282b42882420e5e5ba87b44d8fa6e,0.0
14619500,1650425035.0,0xd12bcdfb9a39be79da3bdf02557efdcd5ca59e77,0x050c7ff6b9d6e0c8be904ae4f2799ea6b5d268de,8.847137449760366
14621678,1650454959.0,0x050c7ff6b9d6e0c8be904ae4f2799ea6b5d268de,0x00555513acf282b42882420e5e5ba87b44d8fa6e,0.0
14621678,1650454959.0,0xd12bcdfb9a39be79da3bdf02557efdcd5ca59e77,0x050c7ff6b9d6e0c8be904ae4f2799ea6b5d268de,3.637084751939242
14621688,1650455086.0,0x050c7ff6b9d6e0c8be904ae4f2799ea6b5d268de,0x00555513acf282b42882420e5e5ba87b44d8fa6e,15.0
14621702,1650455282.0,0x050c7ff6b9d6e0c8be904ae4f2799ea6b5d268de,0xe4b679400f0f267212d5d812b95f58c83243ee71,0.0
14625185,1650501139.0,0x050c7ff6b9d6e0c8be904ae4f2799ea6b5d268de,0x00555513acf282b42882420e5e5ba87b44d8fa6e,0.0
14625185,1650501139.0,0xd12bcdfb9a39be79da3bdf02557efdcd5ca59e77,0x050c7ff6b9d6e0c8be904ae4f2799ea6b5d268de,4.120711121346961
14628229,1650543327.0,0x050c7ff6b9d6e0c8be904ae4f2799ea6b5d268de,0x00555513acf282b42882420e5e5ba87b44d8fa6e,0.0
14628229,1650543327.0,0xd12bcdfb9a39be79da3bdf02557efdcd5ca59e77,0x050c7ff6b9d6e0c8be904ae4f2799ea6b5d268de,1.8485453128344669
14633943,1650620678.0,0x050c7ff6b9d6e0c8be904ae4f2799ea6b5d268de,0x03bd39babbef9fbf42c392843275165f79af67bf,3.5
14646947,1650796181.0,0x050c7ff6b9d6e0c8be904ae4f2799ea6b5d268de,0x0716e152ebaf0468b7282bb6a277c78747e6848e,2.0
14656521,1650926626.0,0xd12bcdfb9a39be79da3bdf02557efdcd5ca59e77,0x050c7ff6b9d6e0c8be904ae4f2799ea6b5d268de,17.9168481188737
14656521,1650926626.0,0x050c7ff6b9d6e0c8be904ae4f2799ea6b5d268de,0x00555513acf282b42882420e5e5ba87b44d8fa6e,0.0
14660394,1650979784.0,0xd12bcdfb9a39be79da3bdf02557efdcd5ca59e77,0x050c7ff6b9d6e0c8be904ae4f2799ea6b5d268de,1.7470625241957232
14660394,1650979784.0,0x050c7ff6b9d6e0c8be904ae4f2799ea6b5d268de,0x00555513acf282b42882420e5e5ba87b44d8fa6e,0.0
14663410,1651020989.0,0xd12bcdfb9a39be79da3bdf02557efdcd5ca59e77,0x050c7ff6b9d6e0c8be904ae4f2799ea6b5d268de,3.3903274756117345
14663410,1651020989.0,0x050c7ff6b9d6e0c8be904ae4f2799ea6b5d268de,0x00555513acf282b42882420e5e5ba87b44d8fa6e,0.0
14663420,1651021137.0,0x050c7ff6b9d6e0c8be904ae4f2799ea6b5d268de,0x00555513acf282b42882420e5e5ba87b44d8fa6e,23.4
14663449,1651021493.0,0x050c7ff6b9d6e0c8be904ae4f2799ea6b5d268de,0xe4b679400f0f267212d5d812b95f58c83243ee71,0.0
14669602,1651104605.0,0x050c7ff6b9d6e0c8be904ae4f2799ea6b5d268de,0x00555513acf282b42882420e5e5ba87b44d8fa6e,0.0
14669602,1651104605.0,0xd12bcdfb9a39be79da3bdf02557efdcd5ca59e77,0x050c7ff6b9d6e0c8be904ae4f2799ea6b5d268de,5.584853953327535
14670333,1651114152.0,0x050c7ff6b9d6e0c8be904ae4f2799ea6b5d268de,0xfe053dc759a2701a0e19481e6e2d4da7590eea42,0.23
14670341,1651114299.0,0x050c7ff6b9d6e0c8be904ae4f2799ea6b5d268de,0xac13c0c6d94f4c4f257f25a5c89fb1dab0c922a4,5.3
14673058,1651151759.0,0xd12bcdfb9a39be79da3bdf02557efdcd5ca59e77,0x050c7ff6b9d6e0c8be904ae4f2799ea6b5d268de,0.906745784099217
14673058,1651151759.0,0x050c7ff6b9d6e0c8be904ae4f2799ea6b5d268de,0x00555513acf282b42882420e5e5ba87b44d8fa6e,0.0
14676056,1651192235.0,0xd12bcdfb9a39be79da3bdf02557efdcd5ca59e77,0x050c7ff6b9d6e0c8be904ae4f2799ea6b5d268de,1.1650799256933335
14676056,1651192235.0,0x050c7ff6b9d6e0c8be904ae4f2799ea6b5d268de,0x00555513acf282b42882420e5e5ba87b44d8fa6e,0.0
14683144,1651288549.0,0x050c7ff6b9d6e0c8be904ae4f2799ea6b5d268de,0xac13c0c6d94f4c4f257f25a5c89fb1dab0c922a4,2.0
14688589,1651362603.0,0x050c7ff6b9d6e0c8be904ae4f2799ea6b5d268de,0x3155ba85d5f96b2d030a4966af206230e46849cb,0.0
14695116,1651450926.0,0xd12bcdfb9a39be79da3bdf02557efdcd5ca59e77,0x050c7ff6b9d6e0c8be904ae4f2799ea6b5d268de,7.918926863787687
14695116,1651450926.0,0x050c7ff6b9d6e0c8be904ae4f2799ea6b5d268de,0x00555513acf282b42882420e5e5ba87b44d8fa6e,0.0
14698417,1651496757.0,0x050c7ff6b9d6e0c8be904ae4f2799ea6b5d268de,0x0b1db852c8e917fcb9cb3d836a7d0a0ce73c4a1c,4.0
14698434,1651497045.0,0x050c7ff6b9d6e0c8be904ae4f2799ea6b5d268de,0xac13c0c6d94f4c4f257f25a5c89fb1dab0c922a4,4.0
14703309,1651562803.0,0xd12bcdfb9a39be79da3bdf02557efdcd5ca59e77,0x050c7ff6b9d6e0c8be904ae4f2799ea6b5d268de,1.2695248818501716
14703309,1651562803.0,0x050c7ff6b9d6e0c8be904ae4f2799ea6b5d268de,0x00555513acf282b42882420e5e5ba87b44d8fa6e,0.0
14707972,1651626395.0,0xd12bcdfb9a39be79da3bdf02557efdcd5ca59e77,0x050c7ff6b9d6e0c8be904ae4f2799ea6b5d268de,3.8893716416178985
14707972,1651626395.0,0x050c7ff6b9d6e0c8be904ae4f2799ea6b5d268de,0x00555513acf282b42882420e5e5ba87b44d8fa6e,0.0
14709324,1651645406.0,0xd12bcdfb9a39be79da3bdf02557efdcd5ca59e77,0x050c7ff6b9d6e0c8be904ae4f2799ea6b5d268de,2.6682135431896863
14709324,1651645406.0,0x050c7ff6b9d6e0c8be904ae4f2799ea6b5d268de,0x00555513acf282b42882420e5e5ba87b44d8fa6e,0.0
14709468,1651647181.0,0x050c7ff6b9d6e0c8be904ae4f2799ea6b5d268de,0x350464ec2bf5d7c776ca763af453961372cbf393,2.9
14711251,1651671311.0,0xd12bcdfb9a39be79da3bdf02557efdcd5ca59e77,0x050c7ff6b9d6e0c8be904ae4f2799ea6b5d268de,1.5301567793163728
14711251,1651671311.0,0x050c7ff6b9d6e0c8be904ae4f2799ea6b5d268de,0x00555513acf282b42882420e5e5ba87b44d8fa6e,0.0
14714304,1651713680.0,0x050c7ff6b9d6e0c8be904ae4f2799ea6b5d268de,0x8d8cd366d377ae8ba002fc29013b67979eeff757,1.5
14714305,1651713699.0,0x050c7ff6b9d6e0c8be904ae4f2799ea6b5d268de,0x350464ec2bf5d7c776ca763af453961372cbf393,2.5
14716588,1651744485.0,0x050c7ff6b9d6e0c8be904ae4f2799ea6b5d268de,0x8d8cd366d377ae8ba002fc29013b67979eeff757,0.2
14716684,1651745826.0,0x050c7ff6b9d6e0c8be904ae4f2799ea6b5d268de,0x350464ec2bf5d7c776ca763af453961372cbf393,1.0
14716872,1651748346.0,0x050c7ff6b9d6e0c8be904ae4f2799ea6b5d268de,0x8d8cd366d377ae8ba002fc29013b67979eeff757,1.0
14716881,1651748556.0,0x050c7ff6b9d6e0c8be904ae4f2799ea6b5d268de,0x00555513acf282b42882420e5e5ba87b44d8fa6e,0.0
14716881,1651748556.0,0xd12bcdfb9a39be79da3bdf02557efdcd5ca59e77,0x050c7ff6b9d6e0c8be904ae4f2799ea6b5d268de,0.7440044625505581
14720436,1651797794.0,0xd12bcdfb9a39be79da3bdf02557efdcd5ca59e77,0x050c7ff6b9d6e0c8be904ae4f2799ea6b5d268de,0.2565147274514716
14720436,1651797794.0,0x050c7ff6b9d6e0c8be904ae4f2799ea6b5d268de,0x00555513acf282b42882420e5e5ba87b44d8fa6e,0.0
14720545,1651799208.0,0x050c7ff6b9d6e0c8be904ae4f2799ea6b5d268de,0xac13c0c6d94f4c4f257f25a5c89fb1dab0c922a4,1.3
14727506,1651894709.0,0xd12bcdfb9a39be79da3bdf02557efdcd5ca59e77,0x050c7ff6b9d6e0c8be904ae4f2799ea6b5d268de,1.1013938155309495
14727506,1651894709.0,0x050c7ff6b9d6e0c8be904ae4f2799ea6b5d268de,0x00555513acf282b42882420e5e5ba87b44d8fa6e,0.0
14727512,1651894829.0,0x050c7ff6b9d6e0c8be904ae4f2799ea6b5d268de,0x350464ec2bf5d7c776ca763af453961372cbf393,1.0
14739353,1652057257.0,0xd12bcdfb9a39be79da3bdf02557efdcd5ca59e77,0x050c7ff6b9d6e0c8be904ae4f2799ea6b5d268de,2.0172764969011547
14739353,1652057257.0,0x050c7ff6b9d6e0c8be904ae4f2799ea6b5d268de,0x00555513acf282b42882420e5e5ba87b44d8fa6e,0.0
14739372,1652057710.0,0x050c7ff6b9d6e0c8be904ae4f2799ea6b5d268de,0x350464ec2bf5d7c776ca763af453961372cbf393,2.0
14746263,1652153342.0,0xd12bcdfb9a39be79da3bdf02557efdcd5ca59e77,0x050c7ff6b9d6e0c8be904ae4f2799ea6b5d268de,3.0797129221633104
14746263,1652153342.0,0x050c7ff6b9d6e0c8be904ae4f2799ea6b5d268de,0x00555513acf282b42882420e5e5ba87b44d8fa6e,0.0
14748667,1652187054.0,0x050c7ff6b9d6e0c8be904ae4f2799ea6b5d268de,0x00555513acf282b42882420e5e5ba87b44d8fa6e,0.0
14748667,1652187054.0,0xd12bcdfb9a39be79da3bdf02557efdcd5ca59e77,0x050c7ff6b9d6e0c8be904ae4f2799ea6b5d268de,0.7079608280312211
14751857,1652231131.0,0x050c7ff6b9d6e0c8be904ae4f2799ea6b5d268de,0x8d8cd366d377ae8ba002fc29013b67979eeff757,1.5
14751865,1652231264.0,0x050c7ff6b9d6e0c8be904ae4f2799ea6b5d268de,0xac13c0c6d94f4c4f257f25a5c89fb1dab0c922a4,1.5
14764293,1652402422.0,0x050c7ff6b9d6e0c8be904ae4f2799ea6b5d268de,0x00555513acf282b42882420e5e5ba87b44d8fa6e,0.0
14764293,1652402422.0,0xd12bcdfb9a39be79da3bdf02557efdcd5ca59e77,0x050c7ff6b9d6e0c8be904ae4f2799ea6b5d268de,1.9560892011237268
14766784,1652437242.0,0x050c7ff6b9d6e0c8be904ae4f2799ea6b5d268de,0x8d8cd366d377ae8ba002fc29013b67979eeff757,1.0
14766842,1652438057.0,0x050c7ff6b9d6e0c8be904ae4f2799ea6b5d268de,0x992e10be790f5c19b501cdc2eabcf97a29f50302,0.5
14770739,1652490638.0,0x050c7ff6b9d6e0c8be904ae4f2799ea6b5d268de,0xf0ee71a8b9298df4237e9c2e9a1eccd647f875ef,1.0
14772345,1652513989.0,0x050c7ff6b9d6e0c8be904ae4f2799ea6b5d268de,0xcb807616300efc11d85877fa23cb738a67cfe7e5,0.35
14783776,1652669836.0,0x050c7ff6b9d6e0c8be904ae4f2799ea6b5d268de,0x00555513acf282b42882420e5e5ba87b44d8fa6e,0.0
14783776,1652669836.0,0xd12bcdfb9a39be79da3bdf02557efdcd5ca59e77,0x050c7ff6b9d6e0c8be904ae4f2799ea6b5d268de,0.7258285083223796
14792144,1652785240.0,0x050c7ff6b9d6e0c8be904ae4f2799ea6b5d268de,0x00555513acf282b42882420e5e5ba87b44d8fa6e,0.0
14792144,1652785240.0,0xd12bcdfb9a39be79da3bdf02557efdcd5ca59e77,0x050c7ff6b9d6e0c8be904ae4f2799ea6b5d268de,0.8528932204187055
14795603,1652832662.0,0x050c7ff6b9d6e0c8be904ae4f2799ea6b5d268de,0xac13c0c6d94f4c4f257f25a5c89fb1dab0c922a4,1.0
14795903,1652836611.0,0x050c7ff6b9d6e0c8be904ae4f2799ea6b5d268de,0x8836fdcfb7e1ec292f33d58e9ee982dd5b04ad7b,0.5
14808710,1653016403.0,0x050c7ff6b9d6e0c8be904ae4f2799ea6b5d268de,0x00555513acf282b42882420e5e5ba87b44d8fa6e,0.0
14808710,1653016403.0,0xd12bcdfb9a39be79da3bdf02557efdcd5ca59e77,0x050c7ff6b9d6e0c8be904ae4f2799ea6b5d268de,3.910107107365445
14814436,1653096388.0,0x050c7ff6b9d6e0c8be904ae4f2799ea6b5d268de,0x4dec45a48f758bdc4aab9fbc243258e57fefc473,1.0
14820760,1653184896.0,0x050c7ff6b9d6e0c8be904ae4f2799ea6b5d268de,0x84fa0e334b45e1ee30abf830c933cf7ea4256bdf,1.0
14826923,1653272181.0,0x050c7ff6b9d6e0c8be904ae4f2799ea6b5d268de,0x8836fdcfb7e1ec292f33d58e9ee982dd5b04ad7b,1.0
14827201,1653276028.0,0x050c7ff6b9d6e0c8be904ae4f2799ea6b5d268de,0x19e31c26fb7acd826e762439ed049d2e6449de0d,1.0
14832684,1653352304.0,0x050c7ff6b9d6e0c8be904ae4f2799ea6b5d268de,0x00555513acf282b42882420e5e5ba87b44d8fa6e,0.0
14832684,1653352304.0,0xd12bcdfb9a39be79da3bdf02557efdcd5ca59e77,0x050c7ff6b9d6e0c8be904ae4f2799ea6b5d268de,1.133559222558827
14851027,1653611339.0,0x050c7ff6b9d6e0c8be904ae4f2799ea6b5d268de,0x00555513acf282b42882420e5e5ba87b44d8fa6e,0.0
14851027,1653611339.0,0xd12bcdfb9a39be79da3bdf02557efdcd5ca59e77,0x050c7ff6b9d6e0c8be904ae4f2799ea6b5d268de,2.413748710324721
14863469,1653785112.0,0x050c7ff6b9d6e0c8be904ae4f2799ea6b5d268de,0x00555513acf282b42882420e5e5ba87b44d8fa6e,0.0
14863469,1653785112.0,0xd12bcdfb9a39be79da3bdf02557efdcd5ca59e77,0x050c7ff6b9d6e0c8be904ae4f2799ea6b5d268de,0.3573882937442649
14863597,1653786790.0,0x050c7ff6b9d6e0c8be904ae4f2799ea6b5d268de,0xf546623c37bf3d067f45071831cce678ed573739,1.5
14863659,1653787696.0,0x050c7ff6b9d6e0c8be904ae4f2799ea6b5d268de,0x3a9a6beb016a4ccab9b8280ee9887f58d8ce7ec8,1.5
14867150,1653837132.0,0xd12bcdfb9a39be79da3bdf02557efdcd5ca59e77,0x050c7ff6b9d6e0c8be904ae4f2799ea6b5d268de,0.6420618033974257
14867150,1653837132.0,0x050c7ff6b9d6e0c8be904ae4f2799ea6b5d268de,0x00555513acf282b42882420e5e5ba87b44d8fa6e,0.0
14869989,1653876997.0,0x050c7ff6b9d6e0c8be904ae4f2799ea6b5d268de,0x31929efcf68dc49d510bde83530bb24fa0403ddb,1.0
14882060,1654046901.0,0x050c7ff6b9d6e0c8be904ae4f2799ea6b5d268de,0x3b0c9c98b9f84ee775374f633c00386b144dd828,0.1
14882283,1654049748.0,0x050c7ff6b9d6e0c8be904ae4f2799ea6b5d268de,0x1a9731210711dfc9172d7c74903d36e2ce0bc1f7,0.3
14883492,1654067380.0,0xd12bcdfb9a39be79da3bdf02557efdcd5ca59e77,0x050c7ff6b9d6e0c8be904ae4f2799ea6b5d268de,7.772286095118592
14883492,1654067380.0,0x050c7ff6b9d6e0c8be904ae4f2799ea6b5d268de,0x00555513acf282b42882420e5e5ba87b44d8fa6e,0.0
14883543,1654068054.0,0x050c7ff6b9d6e0c8be904ae4f2799ea6b5d268de,0x1a9731210711dfc9172d7c74903d36e2ce0bc1f7,0.6
14883805,1654071830.0,0x050c7ff6b9d6e0c8be904ae4f2799ea6b5d268de,0x3a9a6beb016a4ccab9b8280ee9887f58d8ce7ec8,0.4
14889562,1654153165.0,0x050c7ff6b9d6e0c8be904ae4f2799ea6b5d268de,0x3a9a6beb016a4ccab9b8280ee9887f58d8ce7ec8,2.0
14889564,1654153190.0,0x050c7ff6b9d6e0c8be904ae4f2799ea6b5d268de,0x1a9731210711dfc9172d7c74903d36e2ce0bc1f7,1.0
14889681,1654154873.0,0x050c7ff6b9d6e0c8be904ae4f2799ea6b5d268de,0x2d1a138f2cb7962d5a270d0c07ea9ea4b59348a5,1.0
14889923,1654158315.0,0x050c7ff6b9d6e0c8be904ae4f2799ea6b5d268de,0xba8da9dcf11b50b03fd5284f164ef5cdef910705,1.0
14891218,1654176286.0,0x050c7ff6b9d6e0c8be904ae4f2799ea6b5d268de,0x3a9a6beb016a4ccab9b8280ee9887f58d8ce7ec8,1.0
14894264,1654218754.0,0x050c7ff6b9d6e0c8be904ae4f2799ea6b5d268de,0x00555513acf282b42882420e5e5ba87b44d8fa6e,0.0
14894264,1654218754.0,0xd12bcdfb9a39be79da3bdf02557efdcd5ca59e77,0x050c7ff6b9d6e0c8be904ae4f2799ea6b5d268de,1.1023147218949902
14894756,1654225638.0,0x050c7ff6b9d6e0c8be904ae4f2799ea6b5d268de,0xfd92988e77b4575614ac9210355b65d01e4370fe,0.2
14894760,1654225678.0,0x050c7ff6b9d6e0c8be904ae4f2799ea6b5d268de,0xa458c2a1cd454d8eaaa8d8b7233e7d540a3d32d8,0.2
14894925,1654228167.0,0x050c7ff6b9d6e0c8be904ae4f2799ea6b5d268de,0x2d25d45c43b92998433d5c10f2e9facb3901f257,1.0
14897079,1654258768.0,0x050c7ff6b9d6e0c8be904ae4f2799ea6b5d268de,0x2d1a138f2cb7962d5a270d0c07ea9ea4b59348a5,0.5
14904136,1654359568.0,0x050c7ff6b9d6e0c8be904ae4f2799ea6b5d268de,0x00555513acf282b42882420e5e5ba87b44d8fa6e,0.0
14904136,1654359568.0,0xd12bcdfb9a39be79da3bdf02557efdcd5ca59e77,0x050c7ff6b9d6e0c8be904ae4f2799ea6b5d268de,1.9096355584812503
14906540,1654395252.0,0x050c7ff6b9d6e0c8be904ae4f2799ea6b5d268de,0x2fec10ac5f68ed17138bb6dcf8baec1874c7eae3,1.0
14906851,1654399744.0,0x050c7ff6b9d6e0c8be904ae4f2799ea6b5d268de,0xfd92988e77b4575614ac9210355b65d01e4370fe,0.3
14909624,1654439471.0,0x050c7ff6b9d6e0c8be904ae4f2799ea6b5d268de,0xc02aaa39b223fe8d0a0e5c4f27ead9083c756cc2,0.6
14909629,1654439537.0,0xc02aaa39b223fe8d0a0e5c4f27ead9083c756cc2,0x050c7ff6b9d6e0c8be904ae4f2799ea6b5d268de,0.6
14909629,1654439537.0,0x050c7ff6b9d6e0c8be904ae4f2799ea6b5d268de,0xc02aaa39b223fe8d0a0e5c4f27ead9083c756cc2,0.0
14914618,1654513447.0,0xd12bcdfb9a39be79da3bdf02557efdcd5ca59e77,0x050c7ff6b9d6e0c8be904ae4f2799ea6b5d268de,0.7297929617234196
14914618,1654513447.0,0x050c7ff6b9d6e0c8be904ae4f2799ea6b5d268de,0x00555513acf282b42882420e5e5ba87b44d8fa6e,0.0
14914944,1654517855.0,0xd12bcdfb9a39be79da3bdf02557efdcd5ca59e77,0x050c7ff6b9d6e0c8be904ae4f2799ea6b5d268de,1.15260553524924
14914944,1654517855.0,0x050c7ff6b9d6e0c8be904ae4f2799ea6b5d268de,0x00555513acf282b42882420e5e5ba87b44d8fa6e,0.0
14918083,1654565285.0,0x050c7ff6b9d6e0c8be904ae4f2799ea6b5d268de,0x1c55453714bff15190df08aa1ffe9a7ffea19cc4,1.2
14918187,1654566794.0,0x050c7ff6b9d6e0c8be904ae4f2799ea6b5d268de,0x28552932260385c9a2fa5543905e2442e85f8328,1.2
14950891,1655047612.0,0x050c7ff6b9d6e0c8be904ae4f2799ea6b5d268de,0x00555513acf282b42882420e5e5ba87b44d8fa6e,0.0
14950891,1655047612.0,0x41684b361557e9282e0373ca51260d9331e518c9,0x050c7ff6b9d6e0c8be904ae4f2799ea6b5d268de,0.7580729679101866
14956355,1655128952.0,0x050c7ff6b9d6e0c8be904ae4f2799ea6b5d268de,0x3155ba85d5f96b2d030a4966af206230e46849cb,0.0
14956386,1655129321.0,0x050c7ff6b9d6e0c8be904ae4f2799ea6b5d268de,0x1111111254fb6c44bac0bed2854e76f90643097d,0.0
14956386,1655129321.0,0x1111111254fb6c44bac0bed2854e76f90643097d,0x050c7ff6b9d6e0c8be904ae4f2799ea6b5d268de,2.149498890081129
14958969,1655167337.0,0x050c7ff6b9d6e0c8be904ae4f2799ea6b5d268de,0x9c400f66e95d44b8915f99d25ac9f8e244f40c3f,0.2
14958997,1655167626.0,0x050c7ff6b9d6e0c8be904ae4f2799ea6b5d268de,0x9c4038839f0074312af6e61ee754403e85882a91,2.7
14964683,1655253297.0,0x41684b361557e9282e0373ca51260d9331e518c9,0x050c7ff6b9d6e0c8be904ae4f2799ea6b5d268de,1.3890535897288907
14964683,1655253297.0,0x050c7ff6b9d6e0c8be904ae4f2799ea6b5d268de,0x00555513acf282b42882420e5e5ba87b44d8fa6e,0.0
14966540,1655281581.0,0x050c7ff6b9d6e0c8be904ae4f2799ea6b5d268de,0x66e96154a848bdb0f8f7a270a2a58e8c3f185dc4,1.47
15197664,1658562069.0,0x050c7ff6b9d6e0c8be904ae4f2799ea6b5d268de,0x00555513acf282b42882420e5e5ba87b44d8fa6e,0.0
15197664,1658562069.0,0x41684b361557e9282e0373ca51260d9331e518c9,0x050c7ff6b9d6e0c8be904ae4f2799ea6b5d268de,0.5588208133110305
15197671,1658562304.0,0x050c7ff6b9d6e0c8be904ae4f2799ea6b5d268de,,0.0
15197678,1658562377.0,0x050c7ff6b9d6e0c8be904ae4f2799ea6b5d268de,0x2e91f9807869493d50544661bfd86af2341641fc,0.0
15197686,1658562538.0,0x050c7ff6b9d6e0c8be904ae4f2799ea6b5d268de,0xf49a68327ba2d8491f02f04246b4400356c8a486,0.5
15298911,1659925101.0,0x050c7ff6b9d6e0c8be904ae4f2799ea6b5d268de,0x1111111254fb6c44bac0bed2854e76f90643097d,0.0
15298911,1659925101.0,0x1111111254fb6c44bac0bed2854e76f90643097d,0x050c7ff6b9d6e0c8be904ae4f2799ea6b5d268de,0.2751295420283757
15299206,1659929091.0,0x050c7ff6b9d6e0c8be904ae4f2799ea6b5d268de,0x4353450ef7a9334874154bb26e095eef44e169e5,0.2
15299214,1659929141.0,0x050c7ff6b9d6e0c8be904ae4f2799ea6b5d268de,0xfd7bd3578b01cfafeefde581d8a3ac2cf6e02c11,0.06
15301531,1659961241.0,0x050c7ff6b9d6e0c8be904ae4f2799ea6b5d268de,,0.0
15301554,1659961614.0,0x050c7ff6b9d6e0c8be904ae4f2799ea6b5d268de,0x164bb809f454337c2068a2546f3ced6cc86396b9,0.0
15301565,1659961740.0,0x050c7ff6b9d6e0c8be904ae4f2799ea6b5d268de,0x164bb809f454337c2068a2546f3ced6cc86396b9,0.0
15319095,1660198630.0,0x050c7ff6b9d6e0c8be904ae4f2799ea6b5d268de,0x0d31422aa3dccf022782151ee41a0d6d82c684ce,0.0790083151535931
15406162,1661388974.0,0x050c7ff6b9d6e0c8be904ae4f2799ea6b5d268de,0x1111111254fb6c44bac0bed2854e76f90643097d,0.0
15406162,1661388974.0,0x1111111254fb6c44bac0bed2854e76f90643097d,0x050c7ff6b9d6e0c8be904ae4f2799ea6b5d268de,0.2971866814150786
15406169,1661389035.0,0x050c7ff6b9d6e0c8be904ae4f2799ea6b5d268de,0xfd7bd3578b01cfafeefde581d8a3ac2cf6e02c11,0.2
15409336,1661434040.0,0x050c7ff6b9d6e0c8be904ae4f2799ea6b5d268de,0x31df85b8272670bc263a2f41ae990b33d4f9cd81,0.02380399
15409357,1661434274.0,0x050c7ff6b9d6e0c8be904ae4f2799ea6b5d268de,0x4f59c619df7df22d018f76275f21e3a8c241cc55,0.00549212
15452919,1662035708.0,0x050c7ff6b9d6e0c8be904ae4f2799ea6b5d268de,0xf95704e6aeb547138f05f5573ce7344d817e8640,0.045714
15661245,1664723123.0,0x050c7ff6b9d6e0c8be904ae4f2799ea6b5d268de,0x164bb809f454337c2068a2546f3ced6cc86396b9,0.0
15811042,1666530899.0,0x1111111254fb6c44bac0bed2854e76f90643097d,0x050c7ff6b9d6e0c8be904ae4f2799ea6b5d268de,0.9342100532742936
15811042,1666530899.0,0x050c7ff6b9d6e0c8be904ae4f2799ea6b5d268de,0x1111111254fb6c44bac0bed2854e76f90643097d,0.0
15814200,1666569011.0,0x050c7ff6b9d6e0c8be904ae4f2799ea6b5d268de,0x53d0e83b0ff7662e6e3602432d333e86c977f079,0.9
15816592,1666597955.0,0x050c7ff6b9d6e0c8be904ae4f2799ea6b5d268de,0x3b975c8a1dd5cff000b7b7b3ee3d51f9e9f00cbb,0.01
15821244,1666654511.0,0x050c7ff6b9d6e0c8be904ae4f2799ea6b5d268de,0x1111111254fb6c44bac0bed2854e76f90643097d,0.0
15821244,1666654511.0,0x1111111254fb6c44bac0bed2854e76f90643097d,0x050c7ff6b9d6e0c8be904ae4f2799ea6b5d268de,0.6825877233026827
15823408,1666680551.0,0x050c7ff6b9d6e0c8be904ae4f2799ea6b5d268de,0x481d0195e8d71377a65b32b7224b9faed80cd2c2,0.3
15829269,1666751411.0,0x050c7ff6b9d6e0c8be904ae4f2799ea6b5d268de,0x87545eb89cb3a1936b5a22b260733f70f78eb030,0.35
15875783,1667313023.0,0x050c7ff6b9d6e0c8be904ae4f2799ea6b5d268de,0x1111111254fb6c44bac0bed2854e76f90643097d,0.0
15875783,1667313023.0,0x1111111254fb6c44bac0bed2854e76f90643097d,0x050c7ff6b9d6e0c8be904ae4f2799ea6b5d268de,0.2708720275238559
15945912,1668159239.0,0x050c7ff6b9d6e0c8be904ae4f2799ea6b5d268de,0x942efe4f6d0fe9e5df9f1b85f0bf050f86b26278,0.1
16074726,1669713791.0,0x050c7ff6b9d6e0c8be904ae4f2799ea6b5d268de,0x0d31422aa3dccf022782151ee41a0d6d82c684ce,0.1911095526738079
16074727,1669713803.0,0x050c7ff6b9d6e0c8be904ae4f2799ea6b5d268de,0x3155ba85d5f96b2d030a4966af206230e46849cb,0.0
16258507,1671932051.0,0x050c7ff6b9d6e0c8be904ae4f2799ea6b5d268de,0xb070aebb27a6b1f466369b406e0aa7823ec20f2f,0.0489311340401534
