BlockHeight,TimeStamp,From,To,Value
13999637,1642110057.0,0x183479e41d71d57ea9c70fbf0ce5dfbac951717f,0x06a8e0ca550a2c400d3b00dd53d230c9e89d8ccc,0.25
14000741,1642124839.0,0xdbef34a8b30e9eefab96de67040e3c9cfec732f9,0x06a8e0ca550a2c400d3b00dd53d230c9e89d8ccc,0.25
14000741,1642124839.0,0x236a03be964c9f322f57f94f8b13ce8e98fd1070,0x06a8e0ca550a2c400d3b00dd53d230c9e89d8ccc,0.5
14000741,1642124839.0,0xdbef34a8b30e9eefab96de67040e3c9cfec732f9,0x06a8e0ca550a2c400d3b00dd53d230c9e89d8ccc,0.25
14000788,1642125468.0,0x236a03be964c9f322f57f94f8b13ce8e98fd1070,0x06a8e0ca550a2c400d3b00dd53d230c9e89d8ccc,0.25
14000822,1642125969.0,0xb54667f03fc1eadea8767607ed951de037e4bc0f,0x06a8e0ca550a2c400d3b00dd53d230c9e89d8ccc,0.25
14000829,1642126034.0,0x5dedd95c7f30ee9e9a37f6b75984d27d4470a5c2,0x06a8e0ca550a2c400d3b00dd53d230c9e89d8ccc,0.25
14001298,1642132067.0,0x06a8e0ca550a2c400d3b00dd53d230c9e89d8ccc,0x68b3465833fb72a70ecdf485e0e4c7bd8665fc45,1.0
14001305,1642132123.0,0x06a8e0ca550a2c400d3b00dd53d230c9e89d8ccc,0x68b3465833fb72a70ecdf485e0e4c7bd8665fc45,1.0
14001312,1642132198.0,0x06a8e0ca550a2c400d3b00dd53d230c9e89d8ccc,0xa68dd8cb83097765263adad881af6eed479c4a33,0.0
14001616,1642136045.0,0xea55afa1d6a04d9fa0e13012a700ec975678d6a1,0x06a8e0ca550a2c400d3b00dd53d230c9e89d8ccc,0.5
14001832,1642138936.0,0x06a8e0ca550a2c400d3b00dd53d230c9e89d8ccc,0x68b3465833fb72a70ecdf485e0e4c7bd8665fc45,0.75
14001967,1642140485.0,0x06a8e0ca550a2c400d3b00dd53d230c9e89d8ccc,0x7be8076f4ea4a4ad08075c2508e481d6c946d12b,0.5
14002130,1642142984.0,0x06a8e0ca550a2c400d3b00dd53d230c9e89d8ccc,0xa68dd8cb83097765263adad881af6eed479c4a33,0.0
14004047,1642169100.0,0xedbcd639523147137fa166be9864c28f0deec23b,0x06a8e0ca550a2c400d3b00dd53d230c9e89d8ccc,0.25
14004255,1642171878.0,0x06a8e0ca550a2c400d3b00dd53d230c9e89d8ccc,0x6d6a888880e08e609369987c2e3049434bdff77f,0.1
14004326,1642172864.0,0xefe4a286147aeed184d3e2ffde4943e772d70b4e,0x06a8e0ca550a2c400d3b00dd53d230c9e89d8ccc,0.25
14004425,1642174096.0,0x06a8e0ca550a2c400d3b00dd53d230c9e89d8ccc,0xa68dd8cb83097765263adad881af6eed479c4a33,0.0
14004553,1642175609.0,0x06a8e0ca550a2c400d3b00dd53d230c9e89d8ccc,0x73e0a80101a2c820a965a75f5131df59a32a2537,0.02
14005258,1642185189.0,0x06a8e0ca550a2c400d3b00dd53d230c9e89d8ccc,0x7a250d5630b4cf539739df2c5dacb4c659f2488d,0.3
14005351,1642186421.0,0xe9c273637b3e1e6aebc9252a24ad2533ddbc74a6,0x06a8e0ca550a2c400d3b00dd53d230c9e89d8ccc,0.0888
14005362,1642186556.0,0x3845f282f1b96959fc775f9c2493b4b7037ae941,0x06a8e0ca550a2c400d3b00dd53d230c9e89d8ccc,0.0888
14005413,1642187393.0,0x03dc7ba5ca0661c397a62cbdbcd7f6a5a7ca3300,0x06a8e0ca550a2c400d3b00dd53d230c9e89d8ccc,0.0888
14005433,1642187867.0,0x6718cfd52cd262bfa3cb8bba7554da9c3d18e7b8,0x06a8e0ca550a2c400d3b00dd53d230c9e89d8ccc,0.0888
14005454,1642188160.0,0xe37ff49967059402ae08716c81a826a6ba9d4118,0x06a8e0ca550a2c400d3b00dd53d230c9e89d8ccc,0.0888
14005521,1642189006.0,0x8e246c8c37c82d3f89726773e58b43baa8614214,0x06a8e0ca550a2c400d3b00dd53d230c9e89d8ccc,0.1776
14005562,1642189515.0,0xb4d6baf4eaea88bb9b4f1545d5871934f55e819b,0x06a8e0ca550a2c400d3b00dd53d230c9e89d8ccc,0.0888
14005565,1642189535.0,0xb4d6baf4eaea88bb9b4f1545d5871934f55e819b,0x06a8e0ca550a2c400d3b00dd53d230c9e89d8ccc,0.0888
14005635,1642190356.0,0x06a8e0ca550a2c400d3b00dd53d230c9e89d8ccc,0x7857d53a5e28170a2f02174c8b598a16ec95a0d5,0.45
14005645,1642190494.0,0x7a250d5630b4cf539739df2c5dacb4c659f2488d,0x06a8e0ca550a2c400d3b00dd53d230c9e89d8ccc,1.695236496589128
14005645,1642190494.0,0x06a8e0ca550a2c400d3b00dd53d230c9e89d8ccc,0x7a250d5630b4cf539739df2c5dacb4c659f2488d,0.0
14005649,1642190533.0,0x06a8e0ca550a2c400d3b00dd53d230c9e89d8ccc,0x7be8076f4ea4a4ad08075c2508e481d6c946d12b,0.7
14005654,1642190605.0,0x06a8e0ca550a2c400d3b00dd53d230c9e89d8ccc,0x7be8076f4ea4a4ad08075c2508e481d6c946d12b,0.599
14005808,1642192447.0,0x06a8e0ca550a2c400d3b00dd53d230c9e89d8ccc,0x6d6a888880e08e609369987c2e3049434bdff77f,0.15
14005922,1642193967.0,0x99e73a69536f7365fd4f2f2e5391f5daa484b99b,0x06a8e0ca550a2c400d3b00dd53d230c9e89d8ccc,0.444
14005937,1642194211.0,0xa6713ca28d492462ee1e9d4b11fc84ac443792a8,0x06a8e0ca550a2c400d3b00dd53d230c9e89d8ccc,0.0888
14005956,1642194383.0,0xa6713ca28d492462ee1e9d4b11fc84ac443792a8,0x06a8e0ca550a2c400d3b00dd53d230c9e89d8ccc,0.0888
14005964,1642194503.0,0x73ded7a5c7e67dbb45b709a2320f3ac6c5f9bb8e,0x06a8e0ca550a2c400d3b00dd53d230c9e89d8ccc,0.0888
14005974,1642194621.0,0x78b9ff33cfbe1b6b6914e38ada0593cc04d0fe39,0x06a8e0ca550a2c400d3b00dd53d230c9e89d8ccc,0.0888
14005975,1642194649.0,0x51882e96f0693162f2b72e495da8e78c2491a8fe,0x06a8e0ca550a2c400d3b00dd53d230c9e89d8ccc,0.0888
14006035,1642195467.0,0xada5a780cdb3315fbbd0d9900ad20c2f3e7cd736,0x06a8e0ca550a2c400d3b00dd53d230c9e89d8ccc,0.0888
14006194,1642197376.0,0x06a8e0ca550a2c400d3b00dd53d230c9e89d8ccc,0xddec51fcb10ed81f532fca8d73e25480f71b7cfe,0.198
14006763,1642205588.0,0x06a8e0ca550a2c400d3b00dd53d230c9e89d8ccc,0x68b3465833fb72a70ecdf485e0e4c7bd8665fc45,1.0
14006765,1642205613.0,0x06a8e0ca550a2c400d3b00dd53d230c9e89d8ccc,0x68b3465833fb72a70ecdf485e0e4c7bd8665fc45,1.0
14006972,1642208451.0,0x372288f53a53635777fb2d3af3a14f68c8ab2784,0x06a8e0ca550a2c400d3b00dd53d230c9e89d8ccc,0.0888
14007258,1642212036.0,0xe5be854010488e89103191183497fb4ace3412ee,0x06a8e0ca550a2c400d3b00dd53d230c9e89d8ccc,0.0888
14007307,1642212670.0,0x06a8e0ca550a2c400d3b00dd53d230c9e89d8ccc,0x68b3465833fb72a70ecdf485e0e4c7bd8665fc45,0.35
14007324,1642212901.0,0x7a250d5630b4cf539739df2c5dacb4c659f2488d,0x06a8e0ca550a2c400d3b00dd53d230c9e89d8ccc,0.8223063242627834
14007324,1642212901.0,0x06a8e0ca550a2c400d3b00dd53d230c9e89d8ccc,0x7a250d5630b4cf539739df2c5dacb4c659f2488d,0.0
14007332,1642213003.0,0x06a8e0ca550a2c400d3b00dd53d230c9e89d8ccc,0x68b3465833fb72a70ecdf485e0e4c7bd8665fc45,0.7
14007398,1642213779.0,0x06a8e0ca550a2c400d3b00dd53d230c9e89d8ccc,0x2d7a3accbe5f0402a9dd9657dae8281ac30fa1d4,0.0
14007611,1642216596.0,0x06a8e0ca550a2c400d3b00dd53d230c9e89d8ccc,0x68b3465833fb72a70ecdf485e0e4c7bd8665fc45,0.0
14007611,1642216596.0,0x68b3465833fb72a70ecdf485e0e4c7bd8665fc45,0x06a8e0ca550a2c400d3b00dd53d230c9e89d8ccc,1.16442294722896
14007615,1642216645.0,0x06a8e0ca550a2c400d3b00dd53d230c9e89d8ccc,0x68b3465833fb72a70ecdf485e0e4c7bd8665fc45,1.1
14007876,1642220426.0,0x06a8e0ca550a2c400d3b00dd53d230c9e89d8ccc,0xa5409ec958c83c3f309868babaca7c86dcb077c1,0.0
14007880,1642220467.0,0x06a8e0ca550a2c400d3b00dd53d230c9e89d8ccc,0xb8da418ffc2cb675b8b3d73dca0e3f10811fbbdd,0.0
14007954,1642221356.0,0x06a8e0ca550a2c400d3b00dd53d230c9e89d8ccc,0x3f5dd1a1538a4f9f82e543098f01f22480b0a3a8,0.0
14007959,1642221494.0,0x06a8e0ca550a2c400d3b00dd53d230c9e89d8ccc,0x68b3465833fb72a70ecdf485e0e4c7bd8665fc45,0.0
14007959,1642221494.0,0x68b3465833fb72a70ecdf485e0e4c7bd8665fc45,0x06a8e0ca550a2c400d3b00dd53d230c9e89d8ccc,0.9260822216462608
14007964,1642221584.0,0x06a8e0ca550a2c400d3b00dd53d230c9e89d8ccc,0x4bff00d3de3717ea2972cb0c1031e2b56c08cea9,0.85
14011204,1642265597.0,0x7be8076f4ea4a4ad08075c2508e481d6c946d12b,0x06a8e0ca550a2c400d3b00dd53d230c9e89d8ccc,0.2691
14011479,1642268969.0,0x7be8076f4ea4a4ad08075c2508e481d6c946d12b,0x06a8e0ca550a2c400d3b00dd53d230c9e89d8ccc,0.26091
14011648,1642271457.0,0x7be8076f4ea4a4ad08075c2508e481d6c946d12b,0x06a8e0ca550a2c400d3b00dd53d230c9e89d8ccc,0.63825
14011778,1642273151.0,0x63f5285a19b7a2f1c470796ba9ab72691a56ee21,0x06a8e0ca550a2c400d3b00dd53d230c9e89d8ccc,0.0080038210936435
14011795,1642273364.0,0x06a8e0ca550a2c400d3b00dd53d230c9e89d8ccc,0x881d40237659c251811cec9c364ef91dc08d300c,0.0
14011795,1642273364.0,0x06a8e0ca550a2c400d3b00dd53d230c9e89d8ccc,0x06a8e0ca550a2c400d3b00dd53d230c9e89d8ccc,0.0
14011802,1642273432.0,0x06a8e0ca550a2c400d3b00dd53d230c9e89d8ccc,0x2b591e99afe9f32eaa6214f7b7629768c40eeb39,0.0
14011804,1642273473.0,0x06a8e0ca550a2c400d3b00dd53d230c9e89d8ccc,0x68b3465833fb72a70ecdf485e0e4c7bd8665fc45,0.0
14011804,1642273473.0,0x68b3465833fb72a70ecdf485e0e4c7bd8665fc45,0x06a8e0ca550a2c400d3b00dd53d230c9e89d8ccc,0.0633695928528893
14012169,1642278049.0,0x7be8076f4ea4a4ad08075c2508e481d6c946d12b,0x06a8e0ca550a2c400d3b00dd53d230c9e89d8ccc,0.63825
14012609,1642283422.0,0x7be8076f4ea4a4ad08075c2508e481d6c946d12b,0x06a8e0ca550a2c400d3b00dd53d230c9e89d8ccc,0.2035
14012609,1642283422.0,0x7be8076f4ea4a4ad08075c2508e481d6c946d12b,0x06a8e0ca550a2c400d3b00dd53d230c9e89d8ccc,0.074
14012967,1642288196.0,0x7be8076f4ea4a4ad08075c2508e481d6c946d12b,0x06a8e0ca550a2c400d3b00dd53d230c9e89d8ccc,0.041625
14013019,1642288841.0,0x7be8076f4ea4a4ad08075c2508e481d6c946d12b,0x06a8e0ca550a2c400d3b00dd53d230c9e89d8ccc,0.045325
14013101,1642289969.0,0x7be8076f4ea4a4ad08075c2508e481d6c946d12b,0x06a8e0ca550a2c400d3b00dd53d230c9e89d8ccc,0.2565
14013150,1642290612.0,0x7be8076f4ea4a4ad08075c2508e481d6c946d12b,0x06a8e0ca550a2c400d3b00dd53d230c9e89d8ccc,0.494875
14013576,1642296795.0,0x06a8e0ca550a2c400d3b00dd53d230c9e89d8ccc,0x7be8076f4ea4a4ad08075c2508e481d6c946d12b,2.75
14020414,1642387526.0,0x06a8e0ca550a2c400d3b00dd53d230c9e89d8ccc,0x82dbadd779bb4a513e8f201e79e064e020aa6524,0.0999175048938588
14020566,1642389689.0,0x82dbadd779bb4a513e8f201e79e064e020aa6524,0x06a8e0ca550a2c400d3b00dd53d230c9e89d8ccc,0.0543684964656616
14020592,1642390057.0,0x7be8076f4ea4a4ad08075c2508e481d6c946d12b,0x06a8e0ca550a2c400d3b00dd53d230c9e89d8ccc,1.971
14020600,1642390118.0,0x06a8e0ca550a2c400d3b00dd53d230c9e89d8ccc,0x68b3465833fb72a70ecdf485e0e4c7bd8665fc45,1.85
14020718,1642391836.0,0x06a8e0ca550a2c400d3b00dd53d230c9e89d8ccc,0x82dbadd779bb4a513e8f201e79e064e020aa6524,0.1410767055858484
14054090,1642836763.0,0xb72b3867142ce91b2c5061b699c07c6edcc03cd2,0x06a8e0ca550a2c400d3b00dd53d230c9e89d8ccc,0.1277130653897059
14054102,1642836912.0,0x06a8e0ca550a2c400d3b00dd53d230c9e89d8ccc,0x9b4711575a056f936210bee2838dc61355506eb4,0.0
14082739,1643219753.0,0x82dbadd779bb4a513e8f201e79e064e020aa6524,0x06a8e0ca550a2c400d3b00dd53d230c9e89d8ccc,0.05
14082743,1643219801.0,0x06a8e0ca550a2c400d3b00dd53d230c9e89d8ccc,0x68b3465833fb72a70ecdf485e0e4c7bd8665fc45,0.0
14082743,1643219801.0,0x68b3465833fb72a70ecdf485e0e4c7bd8665fc45,0x06a8e0ca550a2c400d3b00dd53d230c9e89d8ccc,0.4555653110637994
14082748,1643219932.0,0x06a8e0ca550a2c400d3b00dd53d230c9e89d8ccc,0x82dbadd779bb4a513e8f201e79e064e020aa6524,0.5418366961462037
