BlockHeight,TimeStamp,From,To,Value
14231010,1645199736.0,0x1572d06d995651b2717df78f0d31f86b6d34200a,0x084badb343dbb1f4387cfd71fd32c91020e0fe03,0.08
14231014,1645199779.0,0x1572d06d995651b2717df78f0d31f86b6d34200a,0x084badb343dbb1f4387cfd71fd32c91020e0fe03,0.08
14233293,1645230640.0,0xe8d8bc080b56359c8ce5ee10264bb42a3a40817a,0x084badb343dbb1f4387cfd71fd32c91020e0fe03,0.08
14238187,1645296962.0,0x41c52eafe613e710e6c6cb71835cdb330010ab27,0x084badb343dbb1f4387cfd71fd32c91020e0fe03,0.05
14238189,1645296979.0,0x41c52eafe613e710e6c6cb71835cdb330010ab27,0x084badb343dbb1f4387cfd71fd32c91020e0fe03,0.05
14238189,1645296979.0,0x41c52eafe613e710e6c6cb71835cdb330010ab27,0x084badb343dbb1f4387cfd71fd32c91020e0fe03,0.05
14238189,1645296979.0,0x41c52eafe613e710e6c6cb71835cdb330010ab27,0x084badb343dbb1f4387cfd71fd32c91020e0fe03,0.05
14238190,1645296989.0,0x41c52eafe613e710e6c6cb71835cdb330010ab27,0x084badb343dbb1f4387cfd71fd32c91020e0fe03,0.05
14238190,1645296989.0,0x41c52eafe613e710e6c6cb71835cdb330010ab27,0x084badb343dbb1f4387cfd71fd32c91020e0fe03,0.05
14238194,1645297025.0,0x41c52eafe613e710e6c6cb71835cdb330010ab27,0x084badb343dbb1f4387cfd71fd32c91020e0fe03,0.05
14239997,1645320857.0,0xd36a286b1083f7615c3c1949b82951ccae91618b,0x084badb343dbb1f4387cfd71fd32c91020e0fe03,0.08
14240718,1645330282.0,0xc73d79f74a9f6ddb5f2c20ee92758aeebd645d37,0x084badb343dbb1f4387cfd71fd32c91020e0fe03,0.08
14240720,1645330305.0,0xc73d79f74a9f6ddb5f2c20ee92758aeebd645d37,0x084badb343dbb1f4387cfd71fd32c91020e0fe03,0.08
14243033,1645361703.0,0xaae2fd7f3f37564e8479ccd8b504c2c2e472ac76,0x084badb343dbb1f4387cfd71fd32c91020e0fe03,0.08
14245410,1645392900.0,0x67b7d92bc7f2ff927e072fc37707fd9250db03a6,0x084badb343dbb1f4387cfd71fd32c91020e0fe03,0.08
14246280,1645404218.0,0x8befcbda262c63313214508d7b37e36159bde6a7,0x084badb343dbb1f4387cfd71fd32c91020e0fe03,0.08
14246934,1645412835.0,0x8befcbda262c63313214508d7b37e36159bde6a7,0x084badb343dbb1f4387cfd71fd32c91020e0fe03,0.08
14246949,1645412968.0,0x4a2d54bf70a2eb8ac80101714f712c5c3a388b07,0x084badb343dbb1f4387cfd71fd32c91020e0fe03,0.24
14247152,1645415540.0,0x7b332dd6cae40997d8da3c4980ca3bdd9666d00a,0x084badb343dbb1f4387cfd71fd32c91020e0fe03,0.08
14249795,1645451647.0,0xf4688e924ec8768b0989bc1dd0765aa72720be8b,0x084badb343dbb1f4387cfd71fd32c91020e0fe03,0.2
14251188,1645470094.0,0x6146b54bcbf6fc463312a547927f309ce46446f4,0x084badb343dbb1f4387cfd71fd32c91020e0fe03,0.08
14261999,1645614879.0,0x65d970c1f46fe45ac2c91020b4aeb275975a6676,0x084badb343dbb1f4387cfd71fd32c91020e0fe03,0.05
14262189,1645617422.0,0x4c7f1cf56f29eab0ecbb2f0a8d83af6b0a41538e,0x084badb343dbb1f4387cfd71fd32c91020e0fe03,0.1
14262330,1645619561.0,0x4c7f1cf56f29eab0ecbb2f0a8d83af6b0a41538e,0x084badb343dbb1f4387cfd71fd32c91020e0fe03,0.1
14263698,1645637777.0,0x3b89bc4ff7ac5108e63b918e92d4ac640b1a5dbd,0x084badb343dbb1f4387cfd71fd32c91020e0fe03,0.05
14266110,1645669595.0,0x2b1f79ceae9a450ec4cab46abf75f1d1abc18f73,0x084badb343dbb1f4387cfd71fd32c91020e0fe03,0.1
14270781,1645732008.0,0x22881324eda3b9634d867f200190f52680796f75,0x084badb343dbb1f4387cfd71fd32c91020e0fe03,0.085
14271524,1645741902.0,0x2070eb20610de746004c2d0c6d12b26c36b106e1,0x084badb343dbb1f4387cfd71fd32c91020e0fe03,0.05
14271747,1645744543.0,0x1a85081601ece01df6b2ebbdd714f65e7e4830a1,0x084badb343dbb1f4387cfd71fd32c91020e0fe03,0.085
14272521,1645755151.0,0x4d2e95b53b438a181529a41a78948e2fc2bb005e,0x084badb343dbb1f4387cfd71fd32c91020e0fe03,0.085
14275134,1645790661.0,0x4b2a61f5042120d1bad485f279c98d9ca200774a,0x084badb343dbb1f4387cfd71fd32c91020e0fe03,0.1
14275721,1645798338.0,0x023c81176050fa67bf0e481b3777d6cd52dab185,0x084badb343dbb1f4387cfd71fd32c91020e0fe03,0.09
14276163,1645803872.0,0x12850f895afb1be08b17f91901b7d2c2a43a9bb1,0x084badb343dbb1f4387cfd71fd32c91020e0fe03,0.09
14277694,1645824293.0,0xe22ec286d16f898f6e30f59532695c56f24f44f0,0x084badb343dbb1f4387cfd71fd32c91020e0fe03,0.17
14281027,1645869431.0,0x027a806eac321565ac0180800c58e9801c05cad9,0x084badb343dbb1f4387cfd71fd32c91020e0fe03,0.085
14285149,1645923921.0,0x56937ee2c1e385762bb6919400bc04d4ede6bb62,0x084badb343dbb1f4387cfd71fd32c91020e0fe03,1.15
14285978,1645934819.0,0x816c3433085cac98c5c37550a082a948701221fb,0x084badb343dbb1f4387cfd71fd32c91020e0fe03,0.12
14292714,1646025787.0,0xf177f59e83164a03b868d810f6f906e7a60c5d13,0x084badb343dbb1f4387cfd71fd32c91020e0fe03,0.46
14292724,1646025903.0,0x4f65ff13a33018f3dd78191644e348f14af1487f,0x084badb343dbb1f4387cfd71fd32c91020e0fe03,0.46
14298563,1646103672.0,0x90715e65be9e1088a5353d2c3694ca9c1854e340,0x084badb343dbb1f4387cfd71fd32c91020e0fe03,0.23
14304045,1646176371.0,0x4cc554dc0da7e3febf1072a98a38f7fa24ca688c,0x084badb343dbb1f4387cfd71fd32c91020e0fe03,0.23
14304968,1646189062.0,0x7d52257e6c38f29f4574624a01203dd05bcdbe1c,0x084badb343dbb1f4387cfd71fd32c91020e0fe03,0.23
14305244,1646192819.0,0xa2d6d26c5215e2c5d71b0673ec24c3daac0006fa,0x084badb343dbb1f4387cfd71fd32c91020e0fe03,0.23
14305251,1646192883.0,0xee6ad3b6b210c71ba6ac30ffbace3dfb04bc7e4c,0x084badb343dbb1f4387cfd71fd32c91020e0fe03,0.23
14320509,1646397556.0,0xfd7a31465bd224c8dc88ad309fd42b36b7b16366,0x084badb343dbb1f4387cfd71fd32c91020e0fe03,0.23
14346462,1646746072.0,0x7c34b72c81628f212367cf697c1e8da65e048ebe,0x084badb343dbb1f4387cfd71fd32c91020e0fe03,0.095
14349272,1646784421.0,0xcebb6f71c77ca9d9315e0914f50d096744f25c93,0x084badb343dbb1f4387cfd71fd32c91020e0fe03,0.125
14349491,1646787566.0,0x0b0d8c9dd82ac564aada158aa01dff69e5620fc9,0x084badb343dbb1f4387cfd71fd32c91020e0fe03,0.38
14349492,1646787569.0,0x36689beb2db14219b8740b210de627856ec136f4,0x084badb343dbb1f4387cfd71fd32c91020e0fe03,0.125
14349934,1646793074.0,0xff7e22508d3e35e6f5b3a8c507e81ccec8c5a1bd,0x084badb343dbb1f4387cfd71fd32c91020e0fe03,0.13
14349942,1646793179.0,0xff7e22508d3e35e6f5b3a8c507e81ccec8c5a1bd,0x084badb343dbb1f4387cfd71fd32c91020e0fe03,0.13
14350981,1646806766.0,0x0a161dc5b986e307bd3063f9fc8be567e1d095ba,0x084badb343dbb1f4387cfd71fd32c91020e0fe03,0.5
14358583,1646908281.0,0xcf17ccbf8ea837f82b24862948d426015a2f64fe,0x084badb343dbb1f4387cfd71fd32c91020e0fe03,0.095
14358891,1646912746.0,0x52fdc58236998384d48e446057238f29209f60ef,0x084badb343dbb1f4387cfd71fd32c91020e0fe03,0.125
14366262,1647011380.0,0x0feff62b5b671ccf1de7d59cdda6e631a4c212e1,0x084badb343dbb1f4387cfd71fd32c91020e0fe03,0.125
14368063,1647036443.0,0x8490897a6a25559418019f4d6f23f933581ef60b,0x084badb343dbb1f4387cfd71fd32c91020e0fe03,0.125
14368338,1647040022.0,0x1c57377d454e7b29ab5894501d13c85e80b9e36e,0x084badb343dbb1f4387cfd71fd32c91020e0fe03,0.13
14368828,1647046437.0,0xa81e809c1c026f02783a11708c1a9bec2977245c,0x084badb343dbb1f4387cfd71fd32c91020e0fe03,0.125
14374841,1647126709.0,0xf5063157701efc1c62e8bc4f5d978261ab5cec52,0x084badb343dbb1f4387cfd71fd32c91020e0fe03,0.125
14386494,1647284480.0,0x7f1aa52a2889425c303c04580642fc8a360fce6f,0x084badb343dbb1f4387cfd71fd32c91020e0fe03,0.125
14394075,1647386171.0,0xa6a86ca3c065a1b8b57d81c6f2f7d5d649ffde44,0x084badb343dbb1f4387cfd71fd32c91020e0fe03,0.125
14394080,1647386254.0,0xa6a86ca3c065a1b8b57d81c6f2f7d5d649ffde44,0x084badb343dbb1f4387cfd71fd32c91020e0fe03,0.125
14397252,1647429285.0,0x30fee9a3e3233308420485e41a94ea8d502e5645,0x084badb343dbb1f4387cfd71fd32c91020e0fe03,0.125
14401042,1647480442.0,0x90fde0d934dc2768b7a1f3bd7b90d929bba9a78e,0x084badb343dbb1f4387cfd71fd32c91020e0fe03,0.125
14403043,1647506945.0,0x44e4558d06083c7d1bce0c9fb1c58865632d8424,0x084badb343dbb1f4387cfd71fd32c91020e0fe03,0.088
14403046,1647507016.0,0x44e4558d06083c7d1bce0c9fb1c58865632d8424,0x084badb343dbb1f4387cfd71fd32c91020e0fe03,0.088
14415325,1647672255.0,0x95b04110afc201e32da6755f91cf4755ae5164ca,0x084badb343dbb1f4387cfd71fd32c91020e0fe03,0.19
14415343,1647672422.0,0x95b04110afc201e32da6755f91cf4755ae5164ca,0x084badb343dbb1f4387cfd71fd32c91020e0fe03,0.069
14423373,1647780776.0,0x184e2917e6b5ff0be6bb4d1e9dd0812ae35a6940,0x084badb343dbb1f4387cfd71fd32c91020e0fe03,0.11
14424621,1647797688.0,0xee999714dd814dfeba2aca1f419404a598e44128,0x084badb343dbb1f4387cfd71fd32c91020e0fe03,0.09
14427341,1647833632.0,0x62a646ff753f5be89ccf48b14e218052bccb98fa,0x084badb343dbb1f4387cfd71fd32c91020e0fe03,0.11
14430947,1647882272.0,0x5c954a0c430da7c335d88ba4fdb2b2fe164c9fec,0x084badb343dbb1f4387cfd71fd32c91020e0fe03,0.088
14438492,1647983787.0,0x529a6f7cf37c6614bfb7f0cccb2e1016198f411b,0x084badb343dbb1f4387cfd71fd32c91020e0fe03,0.08
14439622,1647998811.0,0x23a97e0c0405edd12bec84ff19ad7b083113eca1,0x084badb343dbb1f4387cfd71fd32c91020e0fe03,0.069
14443418,1648050110.0,0x03e37e08f3c8f848f64ef7288f24b0949f9772db,0x084badb343dbb1f4387cfd71fd32c91020e0fe03,0.069
14446929,1648097412.0,0xe066d7a9d62af9f45bd9ca15d58f04577f3000ef,0x084badb343dbb1f4387cfd71fd32c91020e0fe03,0.08
14449064,1648126256.0,0xfb2753f54ca4e8e5c84658ecf20f6a76768b0133,0x084badb343dbb1f4387cfd71fd32c91020e0fe03,0.16
14451250,1648155424.0,0xa08e9ef923f3a6c975399fd3f67e25762e32b280,0x084badb343dbb1f4387cfd71fd32c91020e0fe03,0.11
14467115,1648369348.0,0x23d38d9761e727b170481a6052714f9f27e0ea44,0x084badb343dbb1f4387cfd71fd32c91020e0fe03,0.069
14469759,1648404057.0,0xc81e6aeb081fc97eca60d0a5423ec246a7e1aee3,0x084badb343dbb1f4387cfd71fd32c91020e0fe03,0.12
14469765,1648404109.0,0xc81e6aeb081fc97eca60d0a5423ec246a7e1aee3,0x084badb343dbb1f4387cfd71fd32c91020e0fe03,0.12
14470361,1648412459.0,0x1a1eac252749f40a68312f17931a9832e0b1ab6e,0x084badb343dbb1f4387cfd71fd32c91020e0fe03,0.04
14470366,1648412538.0,0x1a1eac252749f40a68312f17931a9832e0b1ab6e,0x084badb343dbb1f4387cfd71fd32c91020e0fe03,0.04
14472057,1648435124.0,0x46ac94a49e8cfdca17545f5fb1f18d3a9f10ea15,0x084badb343dbb1f4387cfd71fd32c91020e0fe03,0.1
14472334,1648438627.0,0xf80b37b5c5caa7a02640ad419e371818f45af523,0x084badb343dbb1f4387cfd71fd32c91020e0fe03,0.04
14473911,1648459905.0,0x9ab08717f9445793d345eff19f6b544a3aa3b75d,0x084badb343dbb1f4387cfd71fd32c91020e0fe03,0.04
14474325,1648465652.0,0x931cedc13e5f567031e6789eaba36739eb38c633,0x084badb343dbb1f4387cfd71fd32c91020e0fe03,0.08
14474333,1648465700.0,0x931cedc13e5f567031e6789eaba36739eb38c633,0x084badb343dbb1f4387cfd71fd32c91020e0fe03,0.08
14474531,1648468586.0,0x084badb343dbb1f4387cfd71fd32c91020e0fe03,0xca0840578f57fe71599d29375e16783424023357,1.0
14474671,1648470658.0,0x084badb343dbb1f4387cfd71fd32c91020e0fe03,0xd90e2f925da726b50c4ed8d0fb90ad053324f31b,10.0
14474707,1648471227.0,0x084badb343dbb1f4387cfd71fd32c91020e0fe03,0xca0840578f57fe71599d29375e16783424023357,0.5910570059289564
14480442,1648547867.0,0x65d970c1f46fe45ac2c91020b4aeb275975a6676,0x084badb343dbb1f4387cfd71fd32c91020e0fe03,0.0025628751245313
14480446,1648548028.0,0x084badb343dbb1f4387cfd71fd32c91020e0fe03,0x0d1f159e4b24a8957faf7a13e8e4a69b5cf2016a,0.00714938
14487733,1648645974.0,0x988ff512254d51f2f66f4be5107faf3b0374bf28,0x084badb343dbb1f4387cfd71fd32c91020e0fe03,0.24
14504048,1648865480.0,0x4a152d36156bb2805f8fab9b47d16dc9fc23a8b2,0x084badb343dbb1f4387cfd71fd32c91020e0fe03,0.16
14509984,1648946211.0,0x084badb343dbb1f4387cfd71fd32c91020e0fe03,0x0d1f159e4b24a8957faf7a13e8e4a69b5cf2016a,0.02094425
14513536,1648994187.0,0x084badb343dbb1f4387cfd71fd32c91020e0fe03,0x9a8cc2ebcf909783b994ea92f9b580232d8001e4,0.05
14522176,1649111072.0,0x084badb343dbb1f4387cfd71fd32c91020e0fe03,0x9a8cc2ebcf909783b994ea92f9b580232d8001e4,0.13
14529448,1649208869.0,0x084badb343dbb1f4387cfd71fd32c91020e0fe03,0x64a6eb3eab2f5f3dedf83210a894bd0f6ce91621,0.04895222
14529822,1649214064.0,0x084badb343dbb1f4387cfd71fd32c91020e0fe03,0x59708e1d66e8d45e41fb4e80c9be0022fa6ab898,0.005
14533439,1649263319.0,0x084badb343dbb1f4387cfd71fd32c91020e0fe03,0x9b839f763e2c90d79c6075b5ac3a05966054462f,0.007
14540561,1649358766.0,0x084badb343dbb1f4387cfd71fd32c91020e0fe03,0x2f48cac94461efcaca8ce4f70364385a91807e0d,0.031
14553404,1649532198.0,0x084badb343dbb1f4387cfd71fd32c91020e0fe03,0x9a8cc2ebcf909783b994ea92f9b580232d8001e4,0.0979481371288593
