BlockHeight,TimeStamp,From,To,Value
16013804,1668978419.0,0x6a05fcf07c89cd01bb41b0058d3663c2701be2bb,,0.01
16013804,1668978419.0,0x0999687f9d9fbcf57a9735bd81bc3d3feafb6ec2,0x5b8a969814aea42cc1fac408e95383eb5c44e059,0.01
16013952,1668980207.0,0x6a05fcf07c89cd01bb41b0058d3663c2701be2bb,0x0999687f9d9fbcf57a9735bd81bc3d3feafb6ec2,0.0
16016150,1669006679.0,0x6a05fcf07c89cd01bb41b0058d3663c2701be2bb,0x0999687f9d9fbcf57a9735bd81bc3d3feafb6ec2,0.0
16018067,1669029827.0,0x6a05fcf07c89cd01bb41b0058d3663c2701be2bb,0x0999687f9d9fbcf57a9735bd81bc3d3feafb6ec2,0.0
16020398,1669057943.0,0x6a05fcf07c89cd01bb41b0058d3663c2701be2bb,0x0999687f9d9fbcf57a9735bd81bc3d3feafb6ec2,0.0
16128077,1670357711.0,0x6a05fcf07c89cd01bb41b0058d3663c2701be2bb,0x0999687f9d9fbcf57a9735bd81bc3d3feafb6ec2,0.0
16128090,1670357879.0,0x6a05fcf07c89cd01bb41b0058d3663c2701be2bb,0x0999687f9d9fbcf57a9735bd81bc3d3feafb6ec2,0.0
16128119,1670358227.0,0x6a05fcf07c89cd01bb41b0058d3663c2701be2bb,0x0999687f9d9fbcf57a9735bd81bc3d3feafb6ec2,0.0
16185060,1671046535.0,0x6a05fcf07c89cd01bb41b0058d3663c2701be2bb,0x0999687f9d9fbcf57a9735bd81bc3d3feafb6ec2,0.0
16185222,1671048491.0,0xbc481569db1f6581a3f638d4f1fcb5ae4ee873bc,0x0999687f9d9fbcf57a9735bd81bc3d3feafb6ec2,0.0
16199121,1671216155.0,0xbc481569db1f6581a3f638d4f1fcb5ae4ee873bc,0x0999687f9d9fbcf57a9735bd81bc3d3feafb6ec2,0.0
16199173,1671216779.0,0xbc481569db1f6581a3f638d4f1fcb5ae4ee873bc,0x0999687f9d9fbcf57a9735bd81bc3d3feafb6ec2,0.0
16231169,1671602735.0,0xbc481569db1f6581a3f638d4f1fcb5ae4ee873bc,0x0999687f9d9fbcf57a9735bd81bc3d3feafb6ec2,0.0
16231214,1671603275.0,0x8f7a048f308d3b3032d2eda9af1b7901182d4d1a,0x0999687f9d9fbcf57a9735bd81bc3d3feafb6ec2,0.0
16277844,1672165343.0,0x6a05fcf07c89cd01bb41b0058d3663c2701be2bb,0x0999687f9d9fbcf57a9735bd81bc3d3feafb6ec2,0.0
16298289,1672411811.0,0x6a05fcf07c89cd01bb41b0058d3663c2701be2bb,0x0999687f9d9fbcf57a9735bd81bc3d3feafb6ec2,0.0
16301355,1672448783.0,0x6a05fcf07c89cd01bb41b0058d3663c2701be2bb,0x0999687f9d9fbcf57a9735bd81bc3d3feafb6ec2,0.0
16336495,1672872287.0,0x6a05fcf07c89cd01bb41b0058d3663c2701be2bb,0x0999687f9d9fbcf57a9735bd81bc3d3feafb6ec2,0.0
16338723,1672899179.0,0x8f7a048f308d3b3032d2eda9af1b7901182d4d1a,0x0999687f9d9fbcf57a9735bd81bc3d3feafb6ec2,0.0
16339341,1672906619.0,0x8f7a048f308d3b3032d2eda9af1b7901182d4d1a,0x0999687f9d9fbcf57a9735bd81bc3d3feafb6ec2,0.0
16343343,1672954967.0,0x6a05fcf07c89cd01bb41b0058d3663c2701be2bb,0x0999687f9d9fbcf57a9735bd81bc3d3feafb6ec2,0.0
16344062,1672963667.0,0x6a05fcf07c89cd01bb41b0058d3663c2701be2bb,0x0999687f9d9fbcf57a9735bd81bc3d3feafb6ec2,0.0
16344306,1672966595.0,0x6a05fcf07c89cd01bb41b0058d3663c2701be2bb,0x0999687f9d9fbcf57a9735bd81bc3d3feafb6ec2,0.0
16345549,1672981595.0,0x6a05fcf07c89cd01bb41b0058d3663c2701be2bb,0x0999687f9d9fbcf57a9735bd81bc3d3feafb6ec2,0.0
16348420,1673016299.0,0x6a05fcf07c89cd01bb41b0058d3663c2701be2bb,0x0999687f9d9fbcf57a9735bd81bc3d3feafb6ec2,0.0
16348479,1673017007.0,0x6a05fcf07c89cd01bb41b0058d3663c2701be2bb,0x0999687f9d9fbcf57a9735bd81bc3d3feafb6ec2,0.0
16348684,1673019479.0,0x6a05fcf07c89cd01bb41b0058d3663c2701be2bb,0x0999687f9d9fbcf57a9735bd81bc3d3feafb6ec2,0.0
16349278,1673026655.0,0xa60b1d5c400ccca274ad84feb964b40b7af4ca3e,0x0999687f9d9fbcf57a9735bd81bc3d3feafb6ec2,0.0
16349716,1673031935.0,0x6a05fcf07c89cd01bb41b0058d3663c2701be2bb,0x0999687f9d9fbcf57a9735bd81bc3d3feafb6ec2,0.0
16355553,1673102315.0,0x6a05fcf07c89cd01bb41b0058d3663c2701be2bb,0x0999687f9d9fbcf57a9735bd81bc3d3feafb6ec2,0.0
16365347,1673220431.0,0x6a05fcf07c89cd01bb41b0058d3663c2701be2bb,0x0999687f9d9fbcf57a9735bd81bc3d3feafb6ec2,0.0
16371385,1673293115.0,0x32b116344ee65c9372c146b928dad52b8b87a080,0x0999687f9d9fbcf57a9735bd81bc3d3feafb6ec2,0.0
16371426,1673293607.0,0x6a05fcf07c89cd01bb41b0058d3663c2701be2bb,0x0999687f9d9fbcf57a9735bd81bc3d3feafb6ec2,0.0
16371478,1673294231.0,0x32b116344ee65c9372c146b928dad52b8b87a080,0x0999687f9d9fbcf57a9735bd81bc3d3feafb6ec2,0.0
16371551,1673295119.0,0x6a05fcf07c89cd01bb41b0058d3663c2701be2bb,0x0999687f9d9fbcf57a9735bd81bc3d3feafb6ec2,0.0
16371572,1673295383.0,0x6a05fcf07c89cd01bb41b0058d3663c2701be2bb,0x0999687f9d9fbcf57a9735bd81bc3d3feafb6ec2,0.0
16371695,1673296883.0,0x32b116344ee65c9372c146b928dad52b8b87a080,0x0999687f9d9fbcf57a9735bd81bc3d3feafb6ec2,0.0
16373076,1673313599.0,0x32b116344ee65c9372c146b928dad52b8b87a080,0x0999687f9d9fbcf57a9735bd81bc3d3feafb6ec2,0.0
16373106,1673313959.0,0x32b116344ee65c9372c146b928dad52b8b87a080,0x0999687f9d9fbcf57a9735bd81bc3d3feafb6ec2,0.0
16381026,1673409443.0,0x02eac347334818ddfe54e7f1fc7eb4dd7ebf653f,0x0999687f9d9fbcf57a9735bd81bc3d3feafb6ec2,0.0
16381072,1673409995.0,0x02eac347334818ddfe54e7f1fc7eb4dd7ebf653f,0x0999687f9d9fbcf57a9735bd81bc3d3feafb6ec2,0.0
16388676,1673501807.0,0x6a05fcf07c89cd01bb41b0058d3663c2701be2bb,0x0999687f9d9fbcf57a9735bd81bc3d3feafb6ec2,0.0
16397967,1673614055.0,0x6a05fcf07c89cd01bb41b0058d3663c2701be2bb,0x0999687f9d9fbcf57a9735bd81bc3d3feafb6ec2,0.0
16426839,1673962331.0,0x6a05fcf07c89cd01bb41b0058d3663c2701be2bb,0x0999687f9d9fbcf57a9735bd81bc3d3feafb6ec2,0.0
16426844,1673962391.0,0x6a05fcf07c89cd01bb41b0058d3663c2701be2bb,0x0999687f9d9fbcf57a9735bd81bc3d3feafb6ec2,0.0
16440774,1674130367.0,0x6a05fcf07c89cd01bb41b0058d3663c2701be2bb,0x0999687f9d9fbcf57a9735bd81bc3d3feafb6ec2,0.0
16563823,1675615031.0,0x6a05fcf07c89cd01bb41b0058d3663c2701be2bb,0x0999687f9d9fbcf57a9735bd81bc3d3feafb6ec2,0.0
16564215,1675619795.0,0x6a05fcf07c89cd01bb41b0058d3663c2701be2bb,0x0999687f9d9fbcf57a9735bd81bc3d3feafb6ec2,0.0
16570088,1675690631.0,0x6a05fcf07c89cd01bb41b0058d3663c2701be2bb,0x0999687f9d9fbcf57a9735bd81bc3d3feafb6ec2,0.0
16571944,1675712999.0,0x65582dc45a106f279bd900db378f0fa3c301ced6,0x0999687f9d9fbcf57a9735bd81bc3d3feafb6ec2,0.0
16605920,1676123351.0,0x6a05fcf07c89cd01bb41b0058d3663c2701be2bb,0x0999687f9d9fbcf57a9735bd81bc3d3feafb6ec2,0.0
16671350,1676915435.0,0x6a05fcf07c89cd01bb41b0058d3663c2701be2bb,0x0999687f9d9fbcf57a9735bd81bc3d3feafb6ec2,0.0
16699884,1677262259.0,0x8f7a048f308d3b3032d2eda9af1b7901182d4d1a,0x0999687f9d9fbcf57a9735bd81bc3d3feafb6ec2,0.0
16728156,1677605483.0,0x2de93d727d782f3fb9ff9ed3631871cee530b66a,0x0999687f9d9fbcf57a9735bd81bc3d3feafb6ec2,0.0
16749580,1677865919.0,0x6a05fcf07c89cd01bb41b0058d3663c2701be2bb,0x0999687f9d9fbcf57a9735bd81bc3d3feafb6ec2,0.0
16749666,1677866963.0,0x65582dc45a106f279bd900db378f0fa3c301ced6,0x0999687f9d9fbcf57a9735bd81bc3d3feafb6ec2,0.0
16749716,1677867563.0,0x65582dc45a106f279bd900db378f0fa3c301ced6,0x0999687f9d9fbcf57a9735bd81bc3d3feafb6ec2,0.0
16749736,1677867803.0,0x65582dc45a106f279bd900db378f0fa3c301ced6,0x0999687f9d9fbcf57a9735bd81bc3d3feafb6ec2,0.0
16749743,1677867887.0,0x65582dc45a106f279bd900db378f0fa3c301ced6,0x0999687f9d9fbcf57a9735bd81bc3d3feafb6ec2,0.0
16751369,1677887783.0,0x65582dc45a106f279bd900db378f0fa3c301ced6,0x0999687f9d9fbcf57a9735bd81bc3d3feafb6ec2,0.0
16757446,1677961667.0,0x65582dc45a106f279bd900db378f0fa3c301ced6,0x0999687f9d9fbcf57a9735bd81bc3d3feafb6ec2,0.0
16757469,1677961943.0,0x65582dc45a106f279bd900db378f0fa3c301ced6,0x0999687f9d9fbcf57a9735bd81bc3d3feafb6ec2,0.0
16757542,1677962855.0,0x65582dc45a106f279bd900db378f0fa3c301ced6,0x0999687f9d9fbcf57a9735bd81bc3d3feafb6ec2,0.0
16771820,1678136207.0,0x65582dc45a106f279bd900db378f0fa3c301ced6,0x0999687f9d9fbcf57a9735bd81bc3d3feafb6ec2,0.0
16778523,1678217639.0,0x8f7a048f308d3b3032d2eda9af1b7901182d4d1a,0x0999687f9d9fbcf57a9735bd81bc3d3feafb6ec2,0.0
16785349,1678300523.0,0x2de93d727d782f3fb9ff9ed3631871cee530b66a,0x0999687f9d9fbcf57a9735bd81bc3d3feafb6ec2,0.0
16786362,1678312811.0,0x2de93d727d782f3fb9ff9ed3631871cee530b66a,0x0999687f9d9fbcf57a9735bd81bc3d3feafb6ec2,0.0
16786427,1678313615.0,0x2de93d727d782f3fb9ff9ed3631871cee530b66a,0x0999687f9d9fbcf57a9735bd81bc3d3feafb6ec2,0.0
16806326,1678555775.0,0x6a05fcf07c89cd01bb41b0058d3663c2701be2bb,0x0999687f9d9fbcf57a9735bd81bc3d3feafb6ec2,0.0
16814763,1678658231.0,0x6a05fcf07c89cd01bb41b0058d3663c2701be2bb,0x0999687f9d9fbcf57a9735bd81bc3d3feafb6ec2,0.0
16814828,1678659035.0,0x7deee0d842523a69efed1f1b4e551fbdd672f7d4,0x0999687f9d9fbcf57a9735bd81bc3d3feafb6ec2,0.0
16814959,1678660631.0,0x6a05fcf07c89cd01bb41b0058d3663c2701be2bb,0x0999687f9d9fbcf57a9735bd81bc3d3feafb6ec2,0.0
16815502,1678667291.0,0x7deee0d842523a69efed1f1b4e551fbdd672f7d4,0x0999687f9d9fbcf57a9735bd81bc3d3feafb6ec2,0.0
16834609,1678899251.0,0x6a05fcf07c89cd01bb41b0058d3663c2701be2bb,0x0999687f9d9fbcf57a9735bd81bc3d3feafb6ec2,0.0
16834773,1678901219.0,0x6a05fcf07c89cd01bb41b0058d3663c2701be2bb,0x0999687f9d9fbcf57a9735bd81bc3d3feafb6ec2,0.0
16834821,1678901819.0,0x6a05fcf07c89cd01bb41b0058d3663c2701be2bb,0x0999687f9d9fbcf57a9735bd81bc3d3feafb6ec2,0.0
16834848,1678902143.0,0x6a05fcf07c89cd01bb41b0058d3663c2701be2bb,0x0999687f9d9fbcf57a9735bd81bc3d3feafb6ec2,0.0
16834898,1678902743.0,0x6a05fcf07c89cd01bb41b0058d3663c2701be2bb,0x0999687f9d9fbcf57a9735bd81bc3d3feafb6ec2,0.0
16841421,1678982003.0,0x7deee0d842523a69efed1f1b4e551fbdd672f7d4,0x0999687f9d9fbcf57a9735bd81bc3d3feafb6ec2,0.0
16841680,1678985135.0,0x7deee0d842523a69efed1f1b4e551fbdd672f7d4,0x0999687f9d9fbcf57a9735bd81bc3d3feafb6ec2,0.0
16843677,1679009375.0,0xc0a736144bb3b6636826cda8f2809c95da45f1a9,0x0999687f9d9fbcf57a9735bd81bc3d3feafb6ec2,0.0
16843976,1679012963.0,0x6a05fcf07c89cd01bb41b0058d3663c2701be2bb,0x0999687f9d9fbcf57a9735bd81bc3d3feafb6ec2,0.0
16844213,1679015831.0,0x8d2411f3dbb7875255d8d2421ffdb60345eb2408,0x0999687f9d9fbcf57a9735bd81bc3d3feafb6ec2,0.0
16848153,1679063663.0,0x6a05fcf07c89cd01bb41b0058d3663c2701be2bb,0x0999687f9d9fbcf57a9735bd81bc3d3feafb6ec2,0.0
16848438,1679067155.0,0xc0a736144bb3b6636826cda8f2809c95da45f1a9,0x0999687f9d9fbcf57a9735bd81bc3d3feafb6ec2,0.0
16848753,1679070995.0,0xc0a736144bb3b6636826cda8f2809c95da45f1a9,0x0999687f9d9fbcf57a9735bd81bc3d3feafb6ec2,0.0
16848998,1679073959.0,0x6a05fcf07c89cd01bb41b0058d3663c2701be2bb,0x0999687f9d9fbcf57a9735bd81bc3d3feafb6ec2,0.0
16849029,1679074331.0,0xc0a736144bb3b6636826cda8f2809c95da45f1a9,0x0999687f9d9fbcf57a9735bd81bc3d3feafb6ec2,0.0
16849153,1679075819.0,0xc0a736144bb3b6636826cda8f2809c95da45f1a9,0x0999687f9d9fbcf57a9735bd81bc3d3feafb6ec2,0.0
16849197,1679076359.0,0xc0a736144bb3b6636826cda8f2809c95da45f1a9,0x0999687f9d9fbcf57a9735bd81bc3d3feafb6ec2,0.0
16851914,1679109371.0,0x6a05fcf07c89cd01bb41b0058d3663c2701be2bb,0x0999687f9d9fbcf57a9735bd81bc3d3feafb6ec2,0.0
16855820,1679156819.0,0x32b116344ee65c9372c146b928dad52b8b87a080,0x0999687f9d9fbcf57a9735bd81bc3d3feafb6ec2,0.0
16856013,1679159159.0,0x32b116344ee65c9372c146b928dad52b8b87a080,0x0999687f9d9fbcf57a9735bd81bc3d3feafb6ec2,0.0
16856694,1679167379.0,0x32b116344ee65c9372c146b928dad52b8b87a080,0x0999687f9d9fbcf57a9735bd81bc3d3feafb6ec2,0.0
16856713,1679167619.0,0x65582dc45a106f279bd900db378f0fa3c301ced6,0x0999687f9d9fbcf57a9735bd81bc3d3feafb6ec2,0.0
16856938,1679170331.0,0x32b116344ee65c9372c146b928dad52b8b87a080,0x0999687f9d9fbcf57a9735bd81bc3d3feafb6ec2,0.0
16857098,1679172275.0,0x32b116344ee65c9372c146b928dad52b8b87a080,0x0999687f9d9fbcf57a9735bd81bc3d3feafb6ec2,0.0
16857147,1679172863.0,0x32b116344ee65c9372c146b928dad52b8b87a080,0x0999687f9d9fbcf57a9735bd81bc3d3feafb6ec2,0.0
16857149,1679172887.0,0x65582dc45a106f279bd900db378f0fa3c301ced6,0x0999687f9d9fbcf57a9735bd81bc3d3feafb6ec2,0.0
16857223,1679173787.0,0x32b116344ee65c9372c146b928dad52b8b87a080,0x0999687f9d9fbcf57a9735bd81bc3d3feafb6ec2,0.0
16857853,1679181407.0,0x8f7a048f308d3b3032d2eda9af1b7901182d4d1a,0x0999687f9d9fbcf57a9735bd81bc3d3feafb6ec2,0.0
16865074,1679269103.0,0x661c032b6b235ea593cc6177e211e6ea67d884de,0x0999687f9d9fbcf57a9735bd81bc3d3feafb6ec2,0.0
16869375,1679321231.0,0x661c032b6b235ea593cc6177e211e6ea67d884de,0x0999687f9d9fbcf57a9735bd81bc3d3feafb6ec2,0.0
16873547,1679371727.0,0x8d2411f3dbb7875255d8d2421ffdb60345eb2408,0x0999687f9d9fbcf57a9735bd81bc3d3feafb6ec2,0.0
16875065,1679390135.0,0x661c032b6b235ea593cc6177e211e6ea67d884de,0x0999687f9d9fbcf57a9735bd81bc3d3feafb6ec2,0.0
16892918,1679606999.0,0x661c032b6b235ea593cc6177e211e6ea67d884de,0x0999687f9d9fbcf57a9735bd81bc3d3feafb6ec2,0.0
16893267,1679611247.0,0x661c032b6b235ea593cc6177e211e6ea67d884de,0x0999687f9d9fbcf57a9735bd81bc3d3feafb6ec2,0.0
16893671,1679616191.0,0x6a05fcf07c89cd01bb41b0058d3663c2701be2bb,0x0999687f9d9fbcf57a9735bd81bc3d3feafb6ec2,0.0
16899652,1679688671.0,0xa184795311440132dbec247168fcacbc4724649d,0x0999687f9d9fbcf57a9735bd81bc3d3feafb6ec2,0.0
16899866,1679691275.0,0xa184795311440132dbec247168fcacbc4724649d,0x0999687f9d9fbcf57a9735bd81bc3d3feafb6ec2,0.0
16906255,1679768903.0,0x661c032b6b235ea593cc6177e211e6ea67d884de,0x0999687f9d9fbcf57a9735bd81bc3d3feafb6ec2,0.0
16920255,1679938703.0,0x6a05fcf07c89cd01bb41b0058d3663c2701be2bb,0x0999687f9d9fbcf57a9735bd81bc3d3feafb6ec2,0.0
16920485,1679941487.0,0xf8c9b042ff391fd94f52de1af3b7fe777f26c745,0x0999687f9d9fbcf57a9735bd81bc3d3feafb6ec2,0.0
16920502,1679941703.0,0xf8c9b042ff391fd94f52de1af3b7fe777f26c745,0x0999687f9d9fbcf57a9735bd81bc3d3feafb6ec2,0.0
16926862,1680018995.0,0x6a05fcf07c89cd01bb41b0058d3663c2701be2bb,0x0999687f9d9fbcf57a9735bd81bc3d3feafb6ec2,0.0
16927013,1680020819.0,0x8d2411f3dbb7875255d8d2421ffdb60345eb2408,0x0999687f9d9fbcf57a9735bd81bc3d3feafb6ec2,0.0
16927045,1680021227.0,0x8d2411f3dbb7875255d8d2421ffdb60345eb2408,0x0999687f9d9fbcf57a9735bd81bc3d3feafb6ec2,0.0
16928391,1680037571.0,0xf8c9b042ff391fd94f52de1af3b7fe777f26c745,0x0999687f9d9fbcf57a9735bd81bc3d3feafb6ec2,0.0
16935207,1680120443.0,0x661c032b6b235ea593cc6177e211e6ea67d884de,0x0999687f9d9fbcf57a9735bd81bc3d3feafb6ec2,0.0
16936525,1680136427.0,0x11329d01e7f9683920f567584707e31f5aff1805,0x0999687f9d9fbcf57a9735bd81bc3d3feafb6ec2,0.0
16936545,1680136667.0,0x11329d01e7f9683920f567584707e31f5aff1805,0x0999687f9d9fbcf57a9735bd81bc3d3feafb6ec2,0.0
16940311,1680182351.0,0xa0cedabb0bfe160df5609528940770b2b719f8c7,0x0999687f9d9fbcf57a9735bd81bc3d3feafb6ec2,0.0
16940701,1680187067.0,0x11329d01e7f9683920f567584707e31f5aff1805,0x0999687f9d9fbcf57a9735bd81bc3d3feafb6ec2,0.0
16941230,1680193499.0,0x661c032b6b235ea593cc6177e211e6ea67d884de,0x0999687f9d9fbcf57a9735bd81bc3d3feafb6ec2,0.0
16942766,1680212135.0,0x661c032b6b235ea593cc6177e211e6ea67d884de,0x0999687f9d9fbcf57a9735bd81bc3d3feafb6ec2,0.0
16943165,1680216971.0,0x661c032b6b235ea593cc6177e211e6ea67d884de,0x0999687f9d9fbcf57a9735bd81bc3d3feafb6ec2,0.0
16948319,1680279551.0,0x11329d01e7f9683920f567584707e31f5aff1805,0x0999687f9d9fbcf57a9735bd81bc3d3feafb6ec2,0.0
16948386,1680280355.0,0x661c032b6b235ea593cc6177e211e6ea67d884de,0x0999687f9d9fbcf57a9735bd81bc3d3feafb6ec2,0.0
16950174,1680301979.0,0x661c032b6b235ea593cc6177e211e6ea67d884de,0x0999687f9d9fbcf57a9735bd81bc3d3feafb6ec2,0.0
16952400,1680328991.0,0x11329d01e7f9683920f567584707e31f5aff1805,0x0999687f9d9fbcf57a9735bd81bc3d3feafb6ec2,0.0
16955741,1680369611.0,0x6a05fcf07c89cd01bb41b0058d3663c2701be2bb,0x0999687f9d9fbcf57a9735bd81bc3d3feafb6ec2,0.0
16955782,1680370103.0,0x8d2411f3dbb7875255d8d2421ffdb60345eb2408,0x0999687f9d9fbcf57a9735bd81bc3d3feafb6ec2,0.0
16955811,1680370451.0,0x8d2411f3dbb7875255d8d2421ffdb60345eb2408,0x0999687f9d9fbcf57a9735bd81bc3d3feafb6ec2,0.0
16956192,1680375071.0,0x8d2411f3dbb7875255d8d2421ffdb60345eb2408,0x0999687f9d9fbcf57a9735bd81bc3d3feafb6ec2,0.0
16956289,1680376259.0,0x8d2411f3dbb7875255d8d2421ffdb60345eb2408,0x0999687f9d9fbcf57a9735bd81bc3d3feafb6ec2,0.0
16956539,1680379295.0,0x8d2411f3dbb7875255d8d2421ffdb60345eb2408,0x0999687f9d9fbcf57a9735bd81bc3d3feafb6ec2,0.0
16956719,1680381491.0,0x8d2411f3dbb7875255d8d2421ffdb60345eb2408,0x0999687f9d9fbcf57a9735bd81bc3d3feafb6ec2,0.0
16956736,1680381695.0,0x8d2411f3dbb7875255d8d2421ffdb60345eb2408,0x0999687f9d9fbcf57a9735bd81bc3d3feafb6ec2,0.0
16956794,1680382403.0,0x8d2411f3dbb7875255d8d2421ffdb60345eb2408,0x0999687f9d9fbcf57a9735bd81bc3d3feafb6ec2,0.0
16956809,1680382583.0,0x8d2411f3dbb7875255d8d2421ffdb60345eb2408,0x0999687f9d9fbcf57a9735bd81bc3d3feafb6ec2,0.0
16959178,1680411299.0,0x8d2411f3dbb7875255d8d2421ffdb60345eb2408,0x0999687f9d9fbcf57a9735bd81bc3d3feafb6ec2,0.0
16959712,1680417803.0,0x11329d01e7f9683920f567584707e31f5aff1805,0x0999687f9d9fbcf57a9735bd81bc3d3feafb6ec2,0.0
16960846,1680431687.0,0x8d2411f3dbb7875255d8d2421ffdb60345eb2408,0x0999687f9d9fbcf57a9735bd81bc3d3feafb6ec2,0.0
16965716,1680490955.0,0x8d2411f3dbb7875255d8d2421ffdb60345eb2408,0x0999687f9d9fbcf57a9735bd81bc3d3feafb6ec2,0.0
16967130,1680508163.0,0xafb66ad108f248ae938e3a84c25fc337f2520e93,0x0999687f9d9fbcf57a9735bd81bc3d3feafb6ec2,0.0
16969718,1680539807.0,0x11329d01e7f9683920f567584707e31f5aff1805,0x0999687f9d9fbcf57a9735bd81bc3d3feafb6ec2,0.0
16976002,1680617183.0,0x8d2411f3dbb7875255d8d2421ffdb60345eb2408,0x0999687f9d9fbcf57a9735bd81bc3d3feafb6ec2,0.0
16993438,1680831611.0,0x8d2411f3dbb7875255d8d2421ffdb60345eb2408,0x0999687f9d9fbcf57a9735bd81bc3d3feafb6ec2,0.0
16998901,1680898523.0,0x6a05fcf07c89cd01bb41b0058d3663c2701be2bb,0x0999687f9d9fbcf57a9735bd81bc3d3feafb6ec2,0.0
17000007,1680911975.0,0x6a05fcf07c89cd01bb41b0058d3663c2701be2bb,0x0999687f9d9fbcf57a9735bd81bc3d3feafb6ec2,0.0
17004869,1680971483.0,0x661c032b6b235ea593cc6177e211e6ea67d884de,0x0999687f9d9fbcf57a9735bd81bc3d3feafb6ec2,0.0
17005746,1680982247.0,0x7deee0d842523a69efed1f1b4e551fbdd672f7d4,0x0999687f9d9fbcf57a9735bd81bc3d3feafb6ec2,0.0
17005791,1680982787.0,0x7deee0d842523a69efed1f1b4e551fbdd672f7d4,0x0999687f9d9fbcf57a9735bd81bc3d3feafb6ec2,0.0
17005861,1680983627.0,0x6a05fcf07c89cd01bb41b0058d3663c2701be2bb,0x0999687f9d9fbcf57a9735bd81bc3d3feafb6ec2,0.0
17005911,1680984239.0,0x7deee0d842523a69efed1f1b4e551fbdd672f7d4,0x0999687f9d9fbcf57a9735bd81bc3d3feafb6ec2,0.0
17005968,1680984947.0,0x7deee0d842523a69efed1f1b4e551fbdd672f7d4,0x0999687f9d9fbcf57a9735bd81bc3d3feafb6ec2,0.0
17006071,1680986219.0,0x8271af980ea57202a9cf7b31b1d782c9f3f47d8b,0x0999687f9d9fbcf57a9735bd81bc3d3feafb6ec2,0.0
17006104,1680986627.0,0x7deee0d842523a69efed1f1b4e551fbdd672f7d4,0x0999687f9d9fbcf57a9735bd81bc3d3feafb6ec2,0.0
17006107,1680986663.0,0x8271af980ea57202a9cf7b31b1d782c9f3f47d8b,0x0999687f9d9fbcf57a9735bd81bc3d3feafb6ec2,0.0
17006112,1680986723.0,0x7deee0d842523a69efed1f1b4e551fbdd672f7d4,0x0999687f9d9fbcf57a9735bd81bc3d3feafb6ec2,0.0
17006177,1680987503.0,0x7deee0d842523a69efed1f1b4e551fbdd672f7d4,0x0999687f9d9fbcf57a9735bd81bc3d3feafb6ec2,0.0
17006394,1680990155.0,0x7deee0d842523a69efed1f1b4e551fbdd672f7d4,0x0999687f9d9fbcf57a9735bd81bc3d3feafb6ec2,0.0
17006539,1680991931.0,0x7deee0d842523a69efed1f1b4e551fbdd672f7d4,0x0999687f9d9fbcf57a9735bd81bc3d3feafb6ec2,0.0
17006608,1680992771.0,0xc40781650328c2b3d1fbbd56dbd777d158c765fc,0x0999687f9d9fbcf57a9735bd81bc3d3feafb6ec2,0.0
17006918,1680996539.0,0x7deee0d842523a69efed1f1b4e551fbdd672f7d4,0x0999687f9d9fbcf57a9735bd81bc3d3feafb6ec2,0.0
17008818,1681019723.0,0x8271af980ea57202a9cf7b31b1d782c9f3f47d8b,0x0999687f9d9fbcf57a9735bd81bc3d3feafb6ec2,0.0
17009481,1681027859.0,0x7deee0d842523a69efed1f1b4e551fbdd672f7d4,0x0999687f9d9fbcf57a9735bd81bc3d3feafb6ec2,0.0
17012415,1681063859.0,0x6a05fcf07c89cd01bb41b0058d3663c2701be2bb,0x0999687f9d9fbcf57a9735bd81bc3d3feafb6ec2,0.0
17012514,1681065059.0,0x86e54a4299e5c30667fa69fbaecb1c80985978c5,0x0999687f9d9fbcf57a9735bd81bc3d3feafb6ec2,0.0
17012608,1681066187.0,0x86e54a4299e5c30667fa69fbaecb1c80985978c5,0x0999687f9d9fbcf57a9735bd81bc3d3feafb6ec2,0.0
17012694,1681067267.0,0x6a05fcf07c89cd01bb41b0058d3663c2701be2bb,0x0999687f9d9fbcf57a9735bd81bc3d3feafb6ec2,0.0
17012751,1681067951.0,0x86e54a4299e5c30667fa69fbaecb1c80985978c5,0x0999687f9d9fbcf57a9735bd81bc3d3feafb6ec2,0.0
17013331,1681075139.0,0x6a05fcf07c89cd01bb41b0058d3663c2701be2bb,0x0999687f9d9fbcf57a9735bd81bc3d3feafb6ec2,0.0
17013398,1681075979.0,0x661c032b6b235ea593cc6177e211e6ea67d884de,0x0999687f9d9fbcf57a9735bd81bc3d3feafb6ec2,0.0
17020222,1681159499.0,0x9ff2f7ec8984b7a171137133b9796cb37597ee0e,0x0999687f9d9fbcf57a9735bd81bc3d3feafb6ec2,0.0
17021171,1681171079.0,0x661c032b6b235ea593cc6177e211e6ea67d884de,0x0999687f9d9fbcf57a9735bd81bc3d3feafb6ec2,0.0
17021290,1681172531.0,0x661c032b6b235ea593cc6177e211e6ea67d884de,0x0999687f9d9fbcf57a9735bd81bc3d3feafb6ec2,0.0
17022619,1681188827.0,0x7deee0d842523a69efed1f1b4e551fbdd672f7d4,0x0999687f9d9fbcf57a9735bd81bc3d3feafb6ec2,0.0
17022961,1681193003.0,0x7deee0d842523a69efed1f1b4e551fbdd672f7d4,0x0999687f9d9fbcf57a9735bd81bc3d3feafb6ec2,0.0
17022982,1681193255.0,0x7deee0d842523a69efed1f1b4e551fbdd672f7d4,0x0999687f9d9fbcf57a9735bd81bc3d3feafb6ec2,0.0
17025438,1681223267.0,0x661c032b6b235ea593cc6177e211e6ea67d884de,0x0999687f9d9fbcf57a9735bd81bc3d3feafb6ec2,0.0
17028681,1681262999.0,0xf8c9b042ff391fd94f52de1af3b7fe777f26c745,0x0999687f9d9fbcf57a9735bd81bc3d3feafb6ec2,0.0
17033769,1681325039.0,0xc40781650328c2b3d1fbbd56dbd777d158c765fc,0x0999687f9d9fbcf57a9735bd81bc3d3feafb6ec2,0.0
17035519,1681347683.0,0xc40781650328c2b3d1fbbd56dbd777d158c765fc,0x0999687f9d9fbcf57a9735bd81bc3d3feafb6ec2,0.0
17040000,1681408055.0,0x6a05fcf07c89cd01bb41b0058d3663c2701be2bb,0x0999687f9d9fbcf57a9735bd81bc3d3feafb6ec2,0.0
17040045,1681408643.0,0x6a05fcf07c89cd01bb41b0058d3663c2701be2bb,0x0999687f9d9fbcf57a9735bd81bc3d3feafb6ec2,0.0
17041723,1681429883.0,0x6a05fcf07c89cd01bb41b0058d3663c2701be2bb,0x0999687f9d9fbcf57a9735bd81bc3d3feafb6ec2,0.0
17046673,1681490903.0,0xc40781650328c2b3d1fbbd56dbd777d158c765fc,0x0999687f9d9fbcf57a9735bd81bc3d3feafb6ec2,0.0
17055099,1681594727.0,0x661c032b6b235ea593cc6177e211e6ea67d884de,0x0999687f9d9fbcf57a9735bd81bc3d3feafb6ec2,0.0
17061960,1681678871.0,0x661c032b6b235ea593cc6177e211e6ea67d884de,0x0999687f9d9fbcf57a9735bd81bc3d3feafb6ec2,0.0
17062050,1681679987.0,0xc40781650328c2b3d1fbbd56dbd777d158c765fc,0x0999687f9d9fbcf57a9735bd81bc3d3feafb6ec2,0.0
17063217,1681694315.0,0x661c032b6b235ea593cc6177e211e6ea67d884de,0x0999687f9d9fbcf57a9735bd81bc3d3feafb6ec2,0.0
17063506,1681697843.0,0xc40781650328c2b3d1fbbd56dbd777d158c765fc,0x0999687f9d9fbcf57a9735bd81bc3d3feafb6ec2,0.0
17066315,1681732295.0,0xc40781650328c2b3d1fbbd56dbd777d158c765fc,0x0999687f9d9fbcf57a9735bd81bc3d3feafb6ec2,0.0
17067052,1681741271.0,0xc40781650328c2b3d1fbbd56dbd777d158c765fc,0x0999687f9d9fbcf57a9735bd81bc3d3feafb6ec2,0.0
17068667,1681760999.0,0xc40781650328c2b3d1fbbd56dbd777d158c765fc,0x0999687f9d9fbcf57a9735bd81bc3d3feafb6ec2,0.0
17070461,1681782887.0,0xc40781650328c2b3d1fbbd56dbd777d158c765fc,0x0999687f9d9fbcf57a9735bd81bc3d3feafb6ec2,0.0
17079233,1681889975.0,0x4c9df57276dc17dee5635ded208c07b0be32afd0,0x0999687f9d9fbcf57a9735bd81bc3d3feafb6ec2,0.0
17084145,1681949999.0,0x661c032b6b235ea593cc6177e211e6ea67d884de,0x0999687f9d9fbcf57a9735bd81bc3d3feafb6ec2,0.0
17096511,1682101439.0,0x11329d01e7f9683920f567584707e31f5aff1805,0x0999687f9d9fbcf57a9735bd81bc3d3feafb6ec2,0.0
17098873,1682130083.0,0xc40781650328c2b3d1fbbd56dbd777d158c765fc,0x0999687f9d9fbcf57a9735bd81bc3d3feafb6ec2,0.0
17103425,1682185163.0,0x661c032b6b235ea593cc6177e211e6ea67d884de,0x0999687f9d9fbcf57a9735bd81bc3d3feafb6ec2,0.0
17127280,1682474255.0,0xc40781650328c2b3d1fbbd56dbd777d158c765fc,0x0999687f9d9fbcf57a9735bd81bc3d3feafb6ec2,0.0
17127538,1682477375.0,0x27d3227b85b01ee4068dc9295d794cb112f2da70,0x0999687f9d9fbcf57a9735bd81bc3d3feafb6ec2,0.0
17133108,1682544971.0,0x6a05fcf07c89cd01bb41b0058d3663c2701be2bb,0x0999687f9d9fbcf57a9735bd81bc3d3feafb6ec2,0.0
17133136,1682545307.0,0x6a05fcf07c89cd01bb41b0058d3663c2701be2bb,0x0999687f9d9fbcf57a9735bd81bc3d3feafb6ec2,0.0
17133297,1682547275.0,0x3321f70867030bb8471e69550e37cde5da3bf4e2,0x0999687f9d9fbcf57a9735bd81bc3d3feafb6ec2,0.0
17133355,1682547983.0,0x3321f70867030bb8471e69550e37cde5da3bf4e2,0x0999687f9d9fbcf57a9735bd81bc3d3feafb6ec2,0.0
17133592,1682550875.0,0x3321f70867030bb8471e69550e37cde5da3bf4e2,0x0999687f9d9fbcf57a9735bd81bc3d3feafb6ec2,0.0
17138407,1682609339.0,0x661c032b6b235ea593cc6177e211e6ea67d884de,0x0999687f9d9fbcf57a9735bd81bc3d3feafb6ec2,0.0
17139357,1682620835.0,0xc40781650328c2b3d1fbbd56dbd777d158c765fc,0x0999687f9d9fbcf57a9735bd81bc3d3feafb6ec2,0.0
17153590,1682793767.0,0x8271af980ea57202a9cf7b31b1d782c9f3f47d8b,0x0999687f9d9fbcf57a9735bd81bc3d3feafb6ec2,0.0
17167713,1682965175.0,0x7deee0d842523a69efed1f1b4e551fbdd672f7d4,0x0999687f9d9fbcf57a9735bd81bc3d3feafb6ec2,0.0
17219617,1683595547.0,0x661c032b6b235ea593cc6177e211e6ea67d884de,0x0999687f9d9fbcf57a9735bd81bc3d3feafb6ec2,0.0
17225944,1683672431.0,0x661c032b6b235ea593cc6177e211e6ea67d884de,0x0999687f9d9fbcf57a9735bd81bc3d3feafb6ec2,0.0
17233260,1683761315.0,0x661c032b6b235ea593cc6177e211e6ea67d884de,0x0999687f9d9fbcf57a9735bd81bc3d3feafb6ec2,0.0
17238423,1683824111.0,0xee56986c14a6c85970ac5f2034fffc7f3fe2565a,0x0999687f9d9fbcf57a9735bd81bc3d3feafb6ec2,0.0
17270283,1684215863.0,0xe8832f7d106e68a31cd2fe32f315044902bd0aa9,0x0999687f9d9fbcf57a9735bd81bc3d3feafb6ec2,0.0
17280364,1684338935.0,0x2de93d727d782f3fb9ff9ed3631871cee530b66a,0x0999687f9d9fbcf57a9735bd81bc3d3feafb6ec2,0.0
17280824,1684344587.0,0x2de93d727d782f3fb9ff9ed3631871cee530b66a,0x0999687f9d9fbcf57a9735bd81bc3d3feafb6ec2,0.0
17282835,1684369115.0,0x2de93d727d782f3fb9ff9ed3631871cee530b66a,0x0999687f9d9fbcf57a9735bd81bc3d3feafb6ec2,0.0
17282845,1684369235.0,0x2de93d727d782f3fb9ff9ed3631871cee530b66a,0x0999687f9d9fbcf57a9735bd81bc3d3feafb6ec2,0.0
17288827,1684441919.0,0x650530bf6cc7915b77581a3d03b3cd7bc11f6a01,0x0999687f9d9fbcf57a9735bd81bc3d3feafb6ec2,0.0
17288986,1684443887.0,0x650530bf6cc7915b77581a3d03b3cd7bc11f6a01,0x0999687f9d9fbcf57a9735bd81bc3d3feafb6ec2,0.0
17307635,1684670783.0,0x6a05fcf07c89cd01bb41b0058d3663c2701be2bb,0x0999687f9d9fbcf57a9735bd81bc3d3feafb6ec2,0.0
17310471,1684705427.0,0x6a05fcf07c89cd01bb41b0058d3663c2701be2bb,0x0999687f9d9fbcf57a9735bd81bc3d3feafb6ec2,0.0
17418390,1686017783.0,0x11329d01e7f9683920f567584707e31f5aff1805,0x0999687f9d9fbcf57a9735bd81bc3d3feafb6ec2,0.0
17418429,1686018251.0,0x11329d01e7f9683920f567584707e31f5aff1805,0x0999687f9d9fbcf57a9735bd81bc3d3feafb6ec2,0.0
17418469,1686018743.0,0x11329d01e7f9683920f567584707e31f5aff1805,0x0999687f9d9fbcf57a9735bd81bc3d3feafb6ec2,0.0
17418515,1686019295.0,0x11329d01e7f9683920f567584707e31f5aff1805,0x0999687f9d9fbcf57a9735bd81bc3d3feafb6ec2,0.0
17420605,1686044651.0,0x688e7973e874480c78311490e95c8e95d6b8906f,0x0999687f9d9fbcf57a9735bd81bc3d3feafb6ec2,0.0
17423129,1686075503.0,0x661c032b6b235ea593cc6177e211e6ea67d884de,0x0999687f9d9fbcf57a9735bd81bc3d3feafb6ec2,0.0
17423234,1686076775.0,0x6a05fcf07c89cd01bb41b0058d3663c2701be2bb,0x0999687f9d9fbcf57a9735bd81bc3d3feafb6ec2,0.0
17423521,1686080291.0,0xee1e4ea5c3ed9b72b81fb7859869b340f1531930,0x0999687f9d9fbcf57a9735bd81bc3d3feafb6ec2,0.0
17429886,1686157811.0,0x6a05fcf07c89cd01bb41b0058d3663c2701be2bb,0x0999687f9d9fbcf57a9735bd81bc3d3feafb6ec2,0.0
17429908,1686158087.0,0xffab40ea34f51db7c999d7b2143a78c6eb04ce5e,0x0999687f9d9fbcf57a9735bd81bc3d3feafb6ec2,0.0
17433688,1686204203.0,0x49391ef0e708486ea22b227016816a477f28f18f,0x0999687f9d9fbcf57a9735bd81bc3d3feafb6ec2,0.0
17459365,1686516899.0,0x49391ef0e708486ea22b227016816a477f28f18f,0x0999687f9d9fbcf57a9735bd81bc3d3feafb6ec2,0.0
17462222,1686551567.0,0x3892438d617198eac6b1a7325a0bb6bd6b55f017,0x0999687f9d9fbcf57a9735bd81bc3d3feafb6ec2,0.0
17468246,1686624923.0,0x11329d01e7f9683920f567584707e31f5aff1805,0x0999687f9d9fbcf57a9735bd81bc3d3feafb6ec2,0.0
17489751,1686886391.0,0x11329d01e7f9683920f567584707e31f5aff1805,0x0999687f9d9fbcf57a9735bd81bc3d3feafb6ec2,0.0
17494406,1686942887.0,0xffab40ea34f51db7c999d7b2143a78c6eb04ce5e,0x0999687f9d9fbcf57a9735bd81bc3d3feafb6ec2,0.0
17503461,1687052459.0,0xbf6336dd2381c950a0b1fd91f1af10791bb3ec55,0x0999687f9d9fbcf57a9735bd81bc3d3feafb6ec2,0.0
17503943,1687058267.0,0xbf6336dd2381c950a0b1fd91f1af10791bb3ec55,0x0999687f9d9fbcf57a9735bd81bc3d3feafb6ec2,0.0
17504150,1687060799.0,0xbf6336dd2381c950a0b1fd91f1af10791bb3ec55,0x0999687f9d9fbcf57a9735bd81bc3d3feafb6ec2,0.0
17553307,1687657355.0,0x11329d01e7f9683920f567584707e31f5aff1805,0x0999687f9d9fbcf57a9735bd81bc3d3feafb6ec2,0.0
17571148,1687874507.0,0xcd5bd47d3d1d8412b241ce9015c5032142948c12,0x0999687f9d9fbcf57a9735bd81bc3d3feafb6ec2,0.0
17573136,1687898603.0,0x3892438d617198eac6b1a7325a0bb6bd6b55f017,0x0999687f9d9fbcf57a9735bd81bc3d3feafb6ec2,0.0
17587006,1688066531.0,0x661c032b6b235ea593cc6177e211e6ea67d884de,0x0999687f9d9fbcf57a9735bd81bc3d3feafb6ec2,0.0
17587063,1688067227.0,0x661c032b6b235ea593cc6177e211e6ea67d884de,0x0999687f9d9fbcf57a9735bd81bc3d3feafb6ec2,0.0
17595316,1688167271.0,0x661c032b6b235ea593cc6177e211e6ea67d884de,0x0999687f9d9fbcf57a9735bd81bc3d3feafb6ec2,0.0
17595860,1688173835.0,0x661c032b6b235ea593cc6177e211e6ea67d884de,0x0999687f9d9fbcf57a9735bd81bc3d3feafb6ec2,0.0
17600234,1688226995.0,0xffab40ea34f51db7c999d7b2143a78c6eb04ce5e,0x0999687f9d9fbcf57a9735bd81bc3d3feafb6ec2,0.0
17628659,1688571959.0,0xffab40ea34f51db7c999d7b2143a78c6eb04ce5e,0x0999687f9d9fbcf57a9735bd81bc3d3feafb6ec2,0.0
17656373,1688908415.0,0x14187c45955bde44e1561050e9ad6908d240e45f,0x0999687f9d9fbcf57a9735bd81bc3d3feafb6ec2,0.0
17656948,1688915423.0,0xffab40ea34f51db7c999d7b2143a78c6eb04ce5e,0x0999687f9d9fbcf57a9735bd81bc3d3feafb6ec2,0.0
17657057,1688916767.0,0x14187c45955bde44e1561050e9ad6908d240e45f,0x0999687f9d9fbcf57a9735bd81bc3d3feafb6ec2,0.0
17657142,1688917787.0,0x14187c45955bde44e1561050e9ad6908d240e45f,0x0999687f9d9fbcf57a9735bd81bc3d3feafb6ec2,0.0
17670762,1689083231.0,0x661c032b6b235ea593cc6177e211e6ea67d884de,0x0999687f9d9fbcf57a9735bd81bc3d3feafb6ec2,0.0
17671234,1689088955.0,0xffab40ea34f51db7c999d7b2143a78c6eb04ce5e,0x0999687f9d9fbcf57a9735bd81bc3d3feafb6ec2,0.0
17671284,1689089555.0,0x268b6609a5aa73301ef4ef8d6d0c755ebddc013f,0x0999687f9d9fbcf57a9735bd81bc3d3feafb6ec2,0.0
17671355,1689090419.0,0x268b6609a5aa73301ef4ef8d6d0c755ebddc013f,0x0999687f9d9fbcf57a9735bd81bc3d3feafb6ec2,0.0
17672122,1689099707.0,0xffab40ea34f51db7c999d7b2143a78c6eb04ce5e,0x0999687f9d9fbcf57a9735bd81bc3d3feafb6ec2,0.0
17681467,1689213323.0,0x11329d01e7f9683920f567584707e31f5aff1805,0x0999687f9d9fbcf57a9735bd81bc3d3feafb6ec2,0.0
17717148,1689647327.0,0x4c9df57276dc17dee5635ded208c07b0be32afd0,0x0999687f9d9fbcf57a9735bd81bc3d3feafb6ec2,0.0
17717250,1689648563.0,0xc0a736144bb3b6636826cda8f2809c95da45f1a9,0x0999687f9d9fbcf57a9735bd81bc3d3feafb6ec2,0.0
17717664,1689653579.0,0xc0a736144bb3b6636826cda8f2809c95da45f1a9,0x0999687f9d9fbcf57a9735bd81bc3d3feafb6ec2,0.0
17717665,1689653591.0,0xc0a736144bb3b6636826cda8f2809c95da45f1a9,0x0999687f9d9fbcf57a9735bd81bc3d3feafb6ec2,0.0
17717715,1689654191.0,0xc0a736144bb3b6636826cda8f2809c95da45f1a9,0x0999687f9d9fbcf57a9735bd81bc3d3feafb6ec2,0.0
17718664,1689665723.0,0xc0a736144bb3b6636826cda8f2809c95da45f1a9,0x0999687f9d9fbcf57a9735bd81bc3d3feafb6ec2,0.0
17719481,1689675587.0,0xc0a736144bb3b6636826cda8f2809c95da45f1a9,0x0999687f9d9fbcf57a9735bd81bc3d3feafb6ec2,0.0
17724352,1689734699.0,0xc0a736144bb3b6636826cda8f2809c95da45f1a9,0x0999687f9d9fbcf57a9735bd81bc3d3feafb6ec2,0.0
17725536,1689749099.0,0xc0a736144bb3b6636826cda8f2809c95da45f1a9,0x0999687f9d9fbcf57a9735bd81bc3d3feafb6ec2,0.0
17725585,1689749687.0,0xc0a736144bb3b6636826cda8f2809c95da45f1a9,0x0999687f9d9fbcf57a9735bd81bc3d3feafb6ec2,0.0
17725608,1689749975.0,0xc0a736144bb3b6636826cda8f2809c95da45f1a9,0x0999687f9d9fbcf57a9735bd81bc3d3feafb6ec2,0.0
17725797,1689752267.0,0xc0a736144bb3b6636826cda8f2809c95da45f1a9,0x0999687f9d9fbcf57a9735bd81bc3d3feafb6ec2,0.0
17731375,1689819803.0,0x11329d01e7f9683920f567584707e31f5aff1805,0x0999687f9d9fbcf57a9735bd81bc3d3feafb6ec2,0.0
17735917,1689874739.0,0xc0a736144bb3b6636826cda8f2809c95da45f1a9,0x0999687f9d9fbcf57a9735bd81bc3d3feafb6ec2,0.0
17744762,1689981707.0,0x2624c6a6754c67995d65425ce308667d61b2576f,0x0999687f9d9fbcf57a9735bd81bc3d3feafb6ec2,0.0
17745859,1689994967.0,0x6a05fcf07c89cd01bb41b0058d3663c2701be2bb,0x0999687f9d9fbcf57a9735bd81bc3d3feafb6ec2,0.0
17745921,1689995711.0,0x6a05fcf07c89cd01bb41b0058d3663c2701be2bb,0x0999687f9d9fbcf57a9735bd81bc3d3feafb6ec2,0.0
17750361,1690049351.0,0xbf6336dd2381c950a0b1fd91f1af10791bb3ec55,0x0999687f9d9fbcf57a9735bd81bc3d3feafb6ec2,0.0
17772703,1690319507.0,0xffab40ea34f51db7c999d7b2143a78c6eb04ce5e,0x0999687f9d9fbcf57a9735bd81bc3d3feafb6ec2,0.0
17783243,1690446839.0,0x11329d01e7f9683920f567584707e31f5aff1805,0x0999687f9d9fbcf57a9735bd81bc3d3feafb6ec2,0.0
17792871,1690563251.0,0x268b6609a5aa73301ef4ef8d6d0c755ebddc013f,0x0999687f9d9fbcf57a9735bd81bc3d3feafb6ec2,0.0
17793406,1690569743.0,0x268b6609a5aa73301ef4ef8d6d0c755ebddc013f,0x0999687f9d9fbcf57a9735bd81bc3d3feafb6ec2,0.0
17794788,1690586471.0,0x268b6609a5aa73301ef4ef8d6d0c755ebddc013f,0x0999687f9d9fbcf57a9735bd81bc3d3feafb6ec2,0.0
17795298,1690592615.0,0x268b6609a5aa73301ef4ef8d6d0c755ebddc013f,0x0999687f9d9fbcf57a9735bd81bc3d3feafb6ec2,0.0
17820831,1690901075.0,0xffab40ea34f51db7c999d7b2143a78c6eb04ce5e,0x0999687f9d9fbcf57a9735bd81bc3d3feafb6ec2,0.0
17822349,1690919399.0,0xffab40ea34f51db7c999d7b2143a78c6eb04ce5e,0x0999687f9d9fbcf57a9735bd81bc3d3feafb6ec2,0.0
17828789,1690997135.0,0x268b6609a5aa73301ef4ef8d6d0c755ebddc013f,0x0999687f9d9fbcf57a9735bd81bc3d3feafb6ec2,0.0
17832217,1691038475.0,0x7a97668943c56da878ccebbce64c36c571863bd2,0x0999687f9d9fbcf57a9735bd81bc3d3feafb6ec2,0.0
17835350,1691076359.0,0xffab40ea34f51db7c999d7b2143a78c6eb04ce5e,0x0999687f9d9fbcf57a9735bd81bc3d3feafb6ec2,0.0
17835709,1691080691.0,0xffab40ea34f51db7c999d7b2143a78c6eb04ce5e,0x0999687f9d9fbcf57a9735bd81bc3d3feafb6ec2,0.0
17844340,1691185019.0,0x11329d01e7f9683920f567584707e31f5aff1805,0x0999687f9d9fbcf57a9735bd81bc3d3feafb6ec2,0.0
17856960,1691337515.0,0x268b6609a5aa73301ef4ef8d6d0c755ebddc013f,0x0999687f9d9fbcf57a9735bd81bc3d3feafb6ec2,0.0
17878707,1691600579.0,0xffab40ea34f51db7c999d7b2143a78c6eb04ce5e,0x0999687f9d9fbcf57a9735bd81bc3d3feafb6ec2,0.0
17878743,1691601047.0,0xffab40ea34f51db7c999d7b2143a78c6eb04ce5e,0x0999687f9d9fbcf57a9735bd81bc3d3feafb6ec2,0.0
17878751,1691601143.0,0x14187c45955bde44e1561050e9ad6908d240e45f,0x0999687f9d9fbcf57a9735bd81bc3d3feafb6ec2,0.0
17885503,1691682779.0,0xc0a736144bb3b6636826cda8f2809c95da45f1a9,0x0999687f9d9fbcf57a9735bd81bc3d3feafb6ec2,0.0
17901493,1691876075.0,0x11329d01e7f9683920f567584707e31f5aff1805,0x0999687f9d9fbcf57a9735bd81bc3d3feafb6ec2,0.0
17960609,1692590759.0,0x11329d01e7f9683920f567584707e31f5aff1805,0x0999687f9d9fbcf57a9735bd81bc3d3feafb6ec2,0.0
17989777,1692943151.0,0x11329d01e7f9683920f567584707e31f5aff1805,0x0999687f9d9fbcf57a9735bd81bc3d3feafb6ec2,0.0
18013662,1693231991.0,0x11329d01e7f9683920f567584707e31f5aff1805,0x0999687f9d9fbcf57a9735bd81bc3d3feafb6ec2,0.0
18025038,1693369691.0,0x14187c45955bde44e1561050e9ad6908d240e45f,0x0999687f9d9fbcf57a9735bd81bc3d3feafb6ec2,0.0
18025061,1693369967.0,0x33af41a76889e3afa7a62a75908f683c91fe4142,0x0999687f9d9fbcf57a9735bd81bc3d3feafb6ec2,0.0
18025162,1693371191.0,0x33af41a76889e3afa7a62a75908f683c91fe4142,0x0999687f9d9fbcf57a9735bd81bc3d3feafb6ec2,0.0
18049108,1693661039.0,0x336401480e7864c5d9f26dfad6e1fb31905219bf,0x0999687f9d9fbcf57a9735bd81bc3d3feafb6ec2,0.0
18069183,1693903691.0,0x11329d01e7f9683920f567584707e31f5aff1805,0x0999687f9d9fbcf57a9735bd81bc3d3feafb6ec2,0.0
18122868,1694553359.0,0x11329d01e7f9683920f567584707e31f5aff1805,0x0999687f9d9fbcf57a9735bd81bc3d3feafb6ec2,0.0
18150435,1694888435.0,0x14187c45955bde44e1561050e9ad6908d240e45f,0x0999687f9d9fbcf57a9735bd81bc3d3feafb6ec2,0.0
18203062,1695527051.0,0x11329d01e7f9683920f567584707e31f5aff1805,0x0999687f9d9fbcf57a9735bd81bc3d3feafb6ec2,0.0
18264653,1696271471.0,0x11329d01e7f9683920f567584707e31f5aff1805,0x0999687f9d9fbcf57a9735bd81bc3d3feafb6ec2,0.0
18310854,1696829579.0,0x11329d01e7f9683920f567584707e31f5aff1805,0x0999687f9d9fbcf57a9735bd81bc3d3feafb6ec2,0.0
18318062,1696916867.0,0x11329d01e7f9683920f567584707e31f5aff1805,0x0999687f9d9fbcf57a9735bd81bc3d3feafb6ec2,0.0
18358626,1697407307.0,0x11329d01e7f9683920f567584707e31f5aff1805,0x0999687f9d9fbcf57a9735bd81bc3d3feafb6ec2,0.0
18375101,1697606219.0,0x11329d01e7f9683920f567584707e31f5aff1805,0x0999687f9d9fbcf57a9735bd81bc3d3feafb6ec2,0.0
18418317,1698128687.0,0x11329d01e7f9683920f567584707e31f5aff1805,0x0999687f9d9fbcf57a9735bd81bc3d3feafb6ec2,0.0
18462611,1698664499.0,0x11329d01e7f9683920f567584707e31f5aff1805,0x0999687f9d9fbcf57a9735bd81bc3d3feafb6ec2,0.0
18699700,1701531947.0,0x11329d01e7f9683920f567584707e31f5aff1805,0x0999687f9d9fbcf57a9735bd81bc3d3feafb6ec2,0.0
18757705,1702234223.0,0x11329d01e7f9683920f567584707e31f5aff1805,0x0999687f9d9fbcf57a9735bd81bc3d3feafb6ec2,0.0
18821258,1703004203.0,0x11329d01e7f9683920f567584707e31f5aff1805,0x0999687f9d9fbcf57a9735bd81bc3d3feafb6ec2,0.0
18864293,1703526155.0,0x11329d01e7f9683920f567584707e31f5aff1805,0x0999687f9d9fbcf57a9735bd81bc3d3feafb6ec2,0.0
18914468,1704134975.0,0x11329d01e7f9683920f567584707e31f5aff1805,0x0999687f9d9fbcf57a9735bd81bc3d3feafb6ec2,0.0
18968988,1704798263.0,0x11329d01e7f9683920f567584707e31f5aff1805,0x0999687f9d9fbcf57a9735bd81bc3d3feafb6ec2,0.0
19016962,1705378127.0,0x11329d01e7f9683920f567584707e31f5aff1805,0x0999687f9d9fbcf57a9735bd81bc3d3feafb6ec2,0.0
19119837,1706623871.0,0x11329d01e7f9683920f567584707e31f5aff1805,0x0999687f9d9fbcf57a9735bd81bc3d3feafb6ec2,0.0
