BlockHeight,TimeStamp,From,To,Value
14573447,1649802240.0,0x00e5fba72eb40753dafcad2547ba8bbc68079efa,,0.0
14576642,1649846259.0,0xcaea1c1fc4e0d3ca3cd7864d53bc99c37ae4b8ef,0x0a5d7b49bcfca951d929a3ce0a6b65079269f001,0.0
14576739,1649847500.0,0xcaea1c1fc4e0d3ca3cd7864d53bc99c37ae4b8ef,0x0a5d7b49bcfca951d929a3ce0a6b65079269f001,0.0
14576844,1649849140.0,0x00e5fba72eb40753dafcad2547ba8bbc68079efa,0x0a5d7b49bcfca951d929a3ce0a6b65079269f001,0.0
14576864,1649849403.0,0x00e5fba72eb40753dafcad2547ba8bbc68079efa,0x0a5d7b49bcfca951d929a3ce0a6b65079269f001,0.0
14576930,1649850432.0,0x00e5fba72eb40753dafcad2547ba8bbc68079efa,0x0a5d7b49bcfca951d929a3ce0a6b65079269f001,0.0
14576989,1649851424.0,0x00e5fba72eb40753dafcad2547ba8bbc68079efa,0x0a5d7b49bcfca951d929a3ce0a6b65079269f001,0.0
14577057,1649852314.0,0x00e5fba72eb40753dafcad2547ba8bbc68079efa,0x0a5d7b49bcfca951d929a3ce0a6b65079269f001,0.0
14577067,1649852401.0,0x00e5fba72eb40753dafcad2547ba8bbc68079efa,0x0a5d7b49bcfca951d929a3ce0a6b65079269f001,0.0
14577137,1649853311.0,0x00e5fba72eb40753dafcad2547ba8bbc68079efa,0x0a5d7b49bcfca951d929a3ce0a6b65079269f001,0.0
14577162,1649853712.0,0x94d2febbda33499e0d2e65c387812d105f6d07ae,0x0a5d7b49bcfca951d929a3ce0a6b65079269f001,0.12
14577259,1649854943.0,0x00e5fba72eb40753dafcad2547ba8bbc68079efa,0x0a5d7b49bcfca951d929a3ce0a6b65079269f001,0.0
14577327,1649855868.0,0x00e5fba72eb40753dafcad2547ba8bbc68079efa,0x0a5d7b49bcfca951d929a3ce0a6b65079269f001,0.0
14577445,1649857514.0,0x00e5fba72eb40753dafcad2547ba8bbc68079efa,0x0a5d7b49bcfca951d929a3ce0a6b65079269f001,0.0
14577547,1649858789.0,0x00e5fba72eb40753dafcad2547ba8bbc68079efa,0x0a5d7b49bcfca951d929a3ce0a6b65079269f001,0.0
14577672,1649860669.0,0x00e5fba72eb40753dafcad2547ba8bbc68079efa,0x0a5d7b49bcfca951d929a3ce0a6b65079269f001,0.0
14577894,1649863608.0,0x00e5fba72eb40753dafcad2547ba8bbc68079efa,0x0a5d7b49bcfca951d929a3ce0a6b65079269f001,0.0
14577949,1649864252.0,0x00e5fba72eb40753dafcad2547ba8bbc68079efa,0x0a5d7b49bcfca951d929a3ce0a6b65079269f001,0.0
14578043,1649865459.0,0x00e5fba72eb40753dafcad2547ba8bbc68079efa,0x0a5d7b49bcfca951d929a3ce0a6b65079269f001,0.0
14578227,1649867828.0,0x00e5fba72eb40753dafcad2547ba8bbc68079efa,0x0a5d7b49bcfca951d929a3ce0a6b65079269f001,0.0
14578275,1649868454.0,0x00e5fba72eb40753dafcad2547ba8bbc68079efa,0x0a5d7b49bcfca951d929a3ce0a6b65079269f001,0.0
14578394,1649870005.0,0x00e5fba72eb40753dafcad2547ba8bbc68079efa,0x0a5d7b49bcfca951d929a3ce0a6b65079269f001,0.0
14578520,1649871490.0,0x00e5fba72eb40753dafcad2547ba8bbc68079efa,0x0a5d7b49bcfca951d929a3ce0a6b65079269f001,0.0
14578623,1649872961.0,0x00e5fba72eb40753dafcad2547ba8bbc68079efa,0x0a5d7b49bcfca951d929a3ce0a6b65079269f001,0.0
14578744,1649874446.0,0x00e5fba72eb40753dafcad2547ba8bbc68079efa,0x0a5d7b49bcfca951d929a3ce0a6b65079269f001,0.0
14578953,1649877447.0,0x00e5fba72eb40753dafcad2547ba8bbc68079efa,0x0a5d7b49bcfca951d929a3ce0a6b65079269f001,0.0
14578968,1649877594.0,0x00e5fba72eb40753dafcad2547ba8bbc68079efa,0x0a5d7b49bcfca951d929a3ce0a6b65079269f001,0.0
14579244,1649881296.0,0x00e5fba72eb40753dafcad2547ba8bbc68079efa,0x0a5d7b49bcfca951d929a3ce0a6b65079269f001,0.0
14579407,1649883462.0,0x00e5fba72eb40753dafcad2547ba8bbc68079efa,0x0a5d7b49bcfca951d929a3ce0a6b65079269f001,0.0
14579520,1649884927.0,0x00e5fba72eb40753dafcad2547ba8bbc68079efa,0x0a5d7b49bcfca951d929a3ce0a6b65079269f001,0.0
14579660,1649886457.0,0x00e5fba72eb40753dafcad2547ba8bbc68079efa,0x0a5d7b49bcfca951d929a3ce0a6b65079269f001,0.0
14579809,1649888596.0,0x5daae7ff552f4f0e4181318b9652b026292b3ff4,0x0a5d7b49bcfca951d929a3ce0a6b65079269f001,0.12
14579823,1649888792.0,0x5daae7ff552f4f0e4181318b9652b026292b3ff4,0x0a5d7b49bcfca951d929a3ce0a6b65079269f001,0.12
14579871,1649889414.0,0x00e5fba72eb40753dafcad2547ba8bbc68079efa,0x0a5d7b49bcfca951d929a3ce0a6b65079269f001,0.0
14579993,1649890951.0,0x00e5fba72eb40753dafcad2547ba8bbc68079efa,0x0a5d7b49bcfca951d929a3ce0a6b65079269f001,0.0
14580088,1649892487.0,0x00e5fba72eb40753dafcad2547ba8bbc68079efa,0x0a5d7b49bcfca951d929a3ce0a6b65079269f001,0.0
14580218,1649894381.0,0x00e5fba72eb40753dafcad2547ba8bbc68079efa,0x0a5d7b49bcfca951d929a3ce0a6b65079269f001,0.0
14580337,1649895877.0,0x00e5fba72eb40753dafcad2547ba8bbc68079efa,0x0a5d7b49bcfca951d929a3ce0a6b65079269f001,0.0
14580450,1649897380.0,0x00e5fba72eb40753dafcad2547ba8bbc68079efa,0x0a5d7b49bcfca951d929a3ce0a6b65079269f001,0.0
14580756,1649901853.0,0x00e5fba72eb40753dafcad2547ba8bbc68079efa,0x0a5d7b49bcfca951d929a3ce0a6b65079269f001,0.0
14580865,1649903371.0,0x00e5fba72eb40753dafcad2547ba8bbc68079efa,0x0a5d7b49bcfca951d929a3ce0a6b65079269f001,0.0
14603146,1650202960.0,0x00e5fba72eb40753dafcad2547ba8bbc68079efa,0x0a5d7b49bcfca951d929a3ce0a6b65079269f001,0.0
14603146,1650202960.0,0x0a5d7b49bcfca951d929a3ce0a6b65079269f001,0xeebae6a018ef74f2307e84f4f651e64cca4b972d,0.36
