BlockHeight,TimeStamp,From,To,Value
14525155,1649151688.0,0x772beaba0dca06b7ee4eb3e74b114e30ff92f441,,0.0
14528708,1649199007.0,0x821e0f80697a6ca8058d60cf66dfc60d2fa743e9,0x0bffc67227c0a3432a906a1c59c83459e5bfbdc4,0.0
14528931,1649201967.0,0x821e0f80697a6ca8058d60cf66dfc60d2fa743e9,0x0bffc67227c0a3432a906a1c59c83459e5bfbdc4,0.0
14530324,1649220674.0,0x772beaba0dca06b7ee4eb3e74b114e30ff92f441,0x0bffc67227c0a3432a906a1c59c83459e5bfbdc4,0.0
14531611,1649238169.0,0x772beaba0dca06b7ee4eb3e74b114e30ff92f441,0x0bffc67227c0a3432a906a1c59c83459e5bfbdc4,0.0
14531616,1649238210.0,0x772beaba0dca06b7ee4eb3e74b114e30ff92f441,0x0bffc67227c0a3432a906a1c59c83459e5bfbdc4,0.0
14531618,1649238250.0,0x772beaba0dca06b7ee4eb3e74b114e30ff92f441,0x0bffc67227c0a3432a906a1c59c83459e5bfbdc4,0.0
14531684,1649239251.0,0x772beaba0dca06b7ee4eb3e74b114e30ff92f441,0x0bffc67227c0a3432a906a1c59c83459e5bfbdc4,0.0
14531772,1649240432.0,0x772beaba0dca06b7ee4eb3e74b114e30ff92f441,0x0bffc67227c0a3432a906a1c59c83459e5bfbdc4,0.0
14531827,1649241233.0,0x772beaba0dca06b7ee4eb3e74b114e30ff92f441,0x0bffc67227c0a3432a906a1c59c83459e5bfbdc4,0.0
14531866,1649241620.0,0x772beaba0dca06b7ee4eb3e74b114e30ff92f441,0x0bffc67227c0a3432a906a1c59c83459e5bfbdc4,0.0
14531943,1649242847.0,0x772beaba0dca06b7ee4eb3e74b114e30ff92f441,0x0bffc67227c0a3432a906a1c59c83459e5bfbdc4,0.0
14532037,1649244048.0,0x772beaba0dca06b7ee4eb3e74b114e30ff92f441,0x0bffc67227c0a3432a906a1c59c83459e5bfbdc4,0.0
14532110,1649244930.0,0x772beaba0dca06b7ee4eb3e74b114e30ff92f441,0x0bffc67227c0a3432a906a1c59c83459e5bfbdc4,0.0
14532136,1649245224.0,0x772beaba0dca06b7ee4eb3e74b114e30ff92f441,0x0bffc67227c0a3432a906a1c59c83459e5bfbdc4,0.0
14532236,1649246545.0,0x772beaba0dca06b7ee4eb3e74b114e30ff92f441,0x0bffc67227c0a3432a906a1c59c83459e5bfbdc4,0.0
14532499,1649250033.0,0x772beaba0dca06b7ee4eb3e74b114e30ff92f441,0x0bffc67227c0a3432a906a1c59c83459e5bfbdc4,0.0
