BlockHeight,TimeStamp,From,To,Value
16139337,1670494595.0,0xb55d2e71989abe95f254d9e22fa13f3c97a89a9b,,0.0
16139528,1670496899.0,0xb55d2e71989abe95f254d9e22fa13f3c97a89a9b,0x0becc5afbcbc78da5cb56e3e2a685a1f3ca7e3f3,0.0
16139982,1670502431.0,0xb55d2e71989abe95f254d9e22fa13f3c97a89a9b,0x0becc5afbcbc78da5cb56e3e2a685a1f3ca7e3f3,0.0
16139982,1670502431.0,0xb55d2e71989abe95f254d9e22fa13f3c97a89a9b,0x0becc5afbcbc78da5cb56e3e2a685a1f3ca7e3f3,0.0
16140005,1670502719.0,0xb55d2e71989abe95f254d9e22fa13f3c97a89a9b,0x0becc5afbcbc78da5cb56e3e2a685a1f3ca7e3f3,0.0
16140005,1670502719.0,0xb55d2e71989abe95f254d9e22fa13f3c97a89a9b,0x0becc5afbcbc78da5cb56e3e2a685a1f3ca7e3f3,0.0
16140005,1670502719.0,0xb55d2e71989abe95f254d9e22fa13f3c97a89a9b,0x0becc5afbcbc78da5cb56e3e2a685a1f3ca7e3f3,0.0
16140043,1670503175.0,0xb55d2e71989abe95f254d9e22fa13f3c97a89a9b,0x0becc5afbcbc78da5cb56e3e2a685a1f3ca7e3f3,0.0
16140045,1670503199.0,0xb55d2e71989abe95f254d9e22fa13f3c97a89a9b,0x0becc5afbcbc78da5cb56e3e2a685a1f3ca7e3f3,0.0
16140045,1670503199.0,0xb55d2e71989abe95f254d9e22fa13f3c97a89a9b,0x0becc5afbcbc78da5cb56e3e2a685a1f3ca7e3f3,0.0
16140045,1670503199.0,0xb55d2e71989abe95f254d9e22fa13f3c97a89a9b,0x0becc5afbcbc78da5cb56e3e2a685a1f3ca7e3f3,0.0
16140060,1670503379.0,0xb55d2e71989abe95f254d9e22fa13f3c97a89a9b,0x0becc5afbcbc78da5cb56e3e2a685a1f3ca7e3f3,0.0
16140060,1670503379.0,0xb55d2e71989abe95f254d9e22fa13f3c97a89a9b,0x0becc5afbcbc78da5cb56e3e2a685a1f3ca7e3f3,0.0
16140075,1670503559.0,0xb55d2e71989abe95f254d9e22fa13f3c97a89a9b,0x0becc5afbcbc78da5cb56e3e2a685a1f3ca7e3f3,0.0
16140075,1670503559.0,0xb55d2e71989abe95f254d9e22fa13f3c97a89a9b,0x0becc5afbcbc78da5cb56e3e2a685a1f3ca7e3f3,0.0
16140075,1670503559.0,0xb55d2e71989abe95f254d9e22fa13f3c97a89a9b,0x0becc5afbcbc78da5cb56e3e2a685a1f3ca7e3f3,0.0
16140081,1670503631.0,0xb55d2e71989abe95f254d9e22fa13f3c97a89a9b,0x0becc5afbcbc78da5cb56e3e2a685a1f3ca7e3f3,0.0
16140105,1670503919.0,0xb55d2e71989abe95f254d9e22fa13f3c97a89a9b,0x0becc5afbcbc78da5cb56e3e2a685a1f3ca7e3f3,0.0
16140105,1670503919.0,0xb55d2e71989abe95f254d9e22fa13f3c97a89a9b,0x0becc5afbcbc78da5cb56e3e2a685a1f3ca7e3f3,0.0
