BlockHeight,TimeStamp,From,To,Value
16152610,1670654903.0,0x7605e328965a8bcde979b8b2a66498bdc8a6a88c,0x0b24e202ffad306e5e38defa9ad32adc37e188e2,0.0
16152612,1670654927.0,0x7605e328965a8bcde979b8b2a66498bdc8a6a88c,0x0b24e202ffad306e5e38defa9ad32adc37e188e2,0.0
16182412,1671014615.0,0x4b0acbbfe1c01283a5c5a4925b23333dabfdffa2,0x0b24e202ffad306e5e38defa9ad32adc37e188e2,0.1
16182868,1671020111.0,0x0b24e202ffad306e5e38defa9ad32adc37e188e2,0xa0b86991c6218b36c1d19d4a2e9eb0ce3606eb48,0.0
16182871,1671020147.0,0x0b24e202ffad306e5e38defa9ad32adc37e188e2,0x4b0acbbfe1c01283a5c5a4925b23333dabfdffa2,0.0982537507525005
16428247,1673979299.0,0x3fd6d5875778ba9415ca913152ccf41b6e2a2064,0x0b24e202ffad306e5e38defa9ad32adc37e188e2,0.1
16433008,1674036683.0,0x0b24e202ffad306e5e38defa9ad32adc37e188e2,0x7415da73897c907faf4f3c5a45f54a701f17d43e,0.099815832032295
