BlockHeight,TimeStamp,From,To,Value
15074737,1656920828.0,0xc6112c61a36da24cbc972588ef9dd9eeb41d5ce7,,0.0
15074748,1656920977.0,0xc6112c61a36da24cbc972588ef9dd9eeb41d5ce7,0x0ca36bf5e68d981ea26d5f61f17c4b5f42d07e33,0.0
15074750,1656921012.0,0xc6112c61a36da24cbc972588ef9dd9eeb41d5ce7,0x0ca36bf5e68d981ea26d5f61f17c4b5f42d07e33,0.0
15074770,1656921344.0,0xc6112c61a36da24cbc972588ef9dd9eeb41d5ce7,0x0ca36bf5e68d981ea26d5f61f17c4b5f42d07e33,0.0
15074772,1656921348.0,0xc6112c61a36da24cbc972588ef9dd9eeb41d5ce7,0x0ca36bf5e68d981ea26d5f61f17c4b5f42d07e33,0.0
15074773,1656921358.0,0xc6112c61a36da24cbc972588ef9dd9eeb41d5ce7,0x0ca36bf5e68d981ea26d5f61f17c4b5f42d07e33,0.0
15074773,1656921358.0,0xc6112c61a36da24cbc972588ef9dd9eeb41d5ce7,0x0ca36bf5e68d981ea26d5f61f17c4b5f42d07e33,0.0
15074773,1656921358.0,0xc6112c61a36da24cbc972588ef9dd9eeb41d5ce7,0x0ca36bf5e68d981ea26d5f61f17c4b5f42d07e33,0.0
15074773,1656921358.0,0xc6112c61a36da24cbc972588ef9dd9eeb41d5ce7,0x0ca36bf5e68d981ea26d5f61f17c4b5f42d07e33,0.0
15074777,1656921437.0,0xc6112c61a36da24cbc972588ef9dd9eeb41d5ce7,0x0ca36bf5e68d981ea26d5f61f17c4b5f42d07e33,0.0
15074777,1656921437.0,0xc6112c61a36da24cbc972588ef9dd9eeb41d5ce7,0x0ca36bf5e68d981ea26d5f61f17c4b5f42d07e33,0.0
15074777,1656921437.0,0xc6112c61a36da24cbc972588ef9dd9eeb41d5ce7,0x0ca36bf5e68d981ea26d5f61f17c4b5f42d07e33,0.0
15074779,1656921458.0,0xc6112c61a36da24cbc972588ef9dd9eeb41d5ce7,0x0ca36bf5e68d981ea26d5f61f17c4b5f42d07e33,0.0
15074779,1656921458.0,0xc6112c61a36da24cbc972588ef9dd9eeb41d5ce7,0x0ca36bf5e68d981ea26d5f61f17c4b5f42d07e33,0.0
15074780,1656921463.0,0xc6112c61a36da24cbc972588ef9dd9eeb41d5ce7,0x0ca36bf5e68d981ea26d5f61f17c4b5f42d07e33,0.0
15074780,1656921463.0,0xc6112c61a36da24cbc972588ef9dd9eeb41d5ce7,0x0ca36bf5e68d981ea26d5f61f17c4b5f42d07e33,0.0
15074780,1656921463.0,0xc6112c61a36da24cbc972588ef9dd9eeb41d5ce7,0x0ca36bf5e68d981ea26d5f61f17c4b5f42d07e33,0.0
15074780,1656921463.0,0xc6112c61a36da24cbc972588ef9dd9eeb41d5ce7,0x0ca36bf5e68d981ea26d5f61f17c4b5f42d07e33,0.0
15074782,1656921485.0,0x57f152e9fc65f42ceea28500bb99dc360d5ee368,0x0ca36bf5e68d981ea26d5f61f17c4b5f42d07e33,0.0
15074786,1656921512.0,0x67865190eb8d007d677659508b6d8699960b3dd0,0x0ca36bf5e68d981ea26d5f61f17c4b5f42d07e33,0.0
15074786,1656921512.0,0x5cca0faa257fbf65ae6b516c981214569d4bf4d7,0x0ca36bf5e68d981ea26d5f61f17c4b5f42d07e33,0.0
15074788,1656921596.0,0x610940d4f433719c8bd5002a4e55ed52f7b228ce,0x0ca36bf5e68d981ea26d5f61f17c4b5f42d07e33,0.0
15074792,1656921631.0,0x57f152e9fc65f42ceea28500bb99dc360d5ee368,0x0ca36bf5e68d981ea26d5f61f17c4b5f42d07e33,0.0
15074805,1656921770.0,0xc20ebc3f38586552b2e9ee40f7f5e79c4785f894,0x0ca36bf5e68d981ea26d5f61f17c4b5f42d07e33,0.0
15074812,1656921892.0,0xb206a1fa7d17fc677c2160c9fc9bb35b3317bd28,0x0ca36bf5e68d981ea26d5f61f17c4b5f42d07e33,0.0
15074816,1656921914.0,0xc6f6dd804fc4e3e4342e4f1e0bdabe94fbc05919,0x0ca36bf5e68d981ea26d5f61f17c4b5f42d07e33,0.0
15074821,1656922053.0,0x610940d4f433719c8bd5002a4e55ed52f7b228ce,0x0ca36bf5e68d981ea26d5f61f17c4b5f42d07e33,0.0
15074821,1656922053.0,0x7e23ad3cdc5668ce2de76b0d777d53398987dbd8,0x0ca36bf5e68d981ea26d5f61f17c4b5f42d07e33,0.0
15074834,1656922191.0,0xc6f6dd804fc4e3e4342e4f1e0bdabe94fbc05919,0x0ca36bf5e68d981ea26d5f61f17c4b5f42d07e33,0.0
15074835,1656922228.0,0x078aa117da22966b1e614643c1cc3a6061f4ef78,0x0ca36bf5e68d981ea26d5f61f17c4b5f42d07e33,0.0
15074884,1656922796.0,0xc6112c61a36da24cbc972588ef9dd9eeb41d5ce7,0x0ca36bf5e68d981ea26d5f61f17c4b5f42d07e33,0.0
15074884,1656922796.0,0xc6112c61a36da24cbc972588ef9dd9eeb41d5ce7,0x0ca36bf5e68d981ea26d5f61f17c4b5f42d07e33,0.0
15074884,1656922796.0,0xc6112c61a36da24cbc972588ef9dd9eeb41d5ce7,0x0ca36bf5e68d981ea26d5f61f17c4b5f42d07e33,0.0
15074884,1656922796.0,0xc6112c61a36da24cbc972588ef9dd9eeb41d5ce7,0x0ca36bf5e68d981ea26d5f61f17c4b5f42d07e33,0.0
15074884,1656922796.0,0xc6112c61a36da24cbc972588ef9dd9eeb41d5ce7,0x0ca36bf5e68d981ea26d5f61f17c4b5f42d07e33,0.0
15074884,1656922796.0,0xc6112c61a36da24cbc972588ef9dd9eeb41d5ce7,0x0ca36bf5e68d981ea26d5f61f17c4b5f42d07e33,0.0
15074885,1656922876.0,0xc6112c61a36da24cbc972588ef9dd9eeb41d5ce7,0x0ca36bf5e68d981ea26d5f61f17c4b5f42d07e33,0.0
15074885,1656922876.0,0xc6112c61a36da24cbc972588ef9dd9eeb41d5ce7,0x0ca36bf5e68d981ea26d5f61f17c4b5f42d07e33,0.0
15074885,1656922876.0,0xc6112c61a36da24cbc972588ef9dd9eeb41d5ce7,0x0ca36bf5e68d981ea26d5f61f17c4b5f42d07e33,0.0
15074891,1656922943.0,0xb206a1fa7d17fc677c2160c9fc9bb35b3317bd28,0x0ca36bf5e68d981ea26d5f61f17c4b5f42d07e33,0.0
15074892,1656922965.0,0x3817331013dab80c1d7358ae18e5dd43223c67a5,0x0ca36bf5e68d981ea26d5f61f17c4b5f42d07e33,0.0
15074896,1656922996.0,0xc6112c61a36da24cbc972588ef9dd9eeb41d5ce7,0x0ca36bf5e68d981ea26d5f61f17c4b5f42d07e33,0.0
15074896,1656922996.0,0xc6112c61a36da24cbc972588ef9dd9eeb41d5ce7,0x0ca36bf5e68d981ea26d5f61f17c4b5f42d07e33,0.0
15074896,1656922996.0,0xc6112c61a36da24cbc972588ef9dd9eeb41d5ce7,0x0ca36bf5e68d981ea26d5f61f17c4b5f42d07e33,0.0
15074896,1656922996.0,0xc6112c61a36da24cbc972588ef9dd9eeb41d5ce7,0x0ca36bf5e68d981ea26d5f61f17c4b5f42d07e33,0.0
15074896,1656922996.0,0x5c7b16f0a53a6b1ff895a07d832e933dcefe8c39,0x0ca36bf5e68d981ea26d5f61f17c4b5f42d07e33,0.0
15074896,1656922996.0,0xc6112c61a36da24cbc972588ef9dd9eeb41d5ce7,0x0ca36bf5e68d981ea26d5f61f17c4b5f42d07e33,0.0
15074896,1656922996.0,0x078aa117da22966b1e614643c1cc3a6061f4ef78,0x0ca36bf5e68d981ea26d5f61f17c4b5f42d07e33,0.0
15074896,1656922996.0,0xc6112c61a36da24cbc972588ef9dd9eeb41d5ce7,0x0ca36bf5e68d981ea26d5f61f17c4b5f42d07e33,0.0
15074896,1656922996.0,0xc6112c61a36da24cbc972588ef9dd9eeb41d5ce7,0x0ca36bf5e68d981ea26d5f61f17c4b5f42d07e33,0.0
15074898,1656923069.0,0x610940d4f433719c8bd5002a4e55ed52f7b228ce,0x0ca36bf5e68d981ea26d5f61f17c4b5f42d07e33,0.0
15074911,1656923221.0,0xc6112c61a36da24cbc972588ef9dd9eeb41d5ce7,0x0ca36bf5e68d981ea26d5f61f17c4b5f42d07e33,0.0
15074911,1656923221.0,0xc6112c61a36da24cbc972588ef9dd9eeb41d5ce7,0x0ca36bf5e68d981ea26d5f61f17c4b5f42d07e33,0.0
15074911,1656923221.0,0xc6112c61a36da24cbc972588ef9dd9eeb41d5ce7,0x0ca36bf5e68d981ea26d5f61f17c4b5f42d07e33,0.0
15074911,1656923221.0,0xc6112c61a36da24cbc972588ef9dd9eeb41d5ce7,0x0ca36bf5e68d981ea26d5f61f17c4b5f42d07e33,0.0
15074911,1656923221.0,0xc6112c61a36da24cbc972588ef9dd9eeb41d5ce7,0x0ca36bf5e68d981ea26d5f61f17c4b5f42d07e33,0.0
15074912,1656923248.0,0xc6112c61a36da24cbc972588ef9dd9eeb41d5ce7,0x0ca36bf5e68d981ea26d5f61f17c4b5f42d07e33,0.0
15074912,1656923248.0,0xc6112c61a36da24cbc972588ef9dd9eeb41d5ce7,0x0ca36bf5e68d981ea26d5f61f17c4b5f42d07e33,0.0
15074912,1656923248.0,0xc6112c61a36da24cbc972588ef9dd9eeb41d5ce7,0x0ca36bf5e68d981ea26d5f61f17c4b5f42d07e33,0.0
15074922,1656923420.0,0x610940d4f433719c8bd5002a4e55ed52f7b228ce,0x0ca36bf5e68d981ea26d5f61f17c4b5f42d07e33,0.0
15074940,1656923641.0,0xc6112c61a36da24cbc972588ef9dd9eeb41d5ce7,0x0ca36bf5e68d981ea26d5f61f17c4b5f42d07e33,0.0
15074942,1656923652.0,0xc6112c61a36da24cbc972588ef9dd9eeb41d5ce7,0x0ca36bf5e68d981ea26d5f61f17c4b5f42d07e33,0.0
15074942,1656923652.0,0xc6112c61a36da24cbc972588ef9dd9eeb41d5ce7,0x0ca36bf5e68d981ea26d5f61f17c4b5f42d07e33,0.0
15074942,1656923652.0,0xc6112c61a36da24cbc972588ef9dd9eeb41d5ce7,0x0ca36bf5e68d981ea26d5f61f17c4b5f42d07e33,0.0
15074943,1656923658.0,0xc6112c61a36da24cbc972588ef9dd9eeb41d5ce7,0x0ca36bf5e68d981ea26d5f61f17c4b5f42d07e33,0.0
15074943,1656923658.0,0xc6112c61a36da24cbc972588ef9dd9eeb41d5ce7,0x0ca36bf5e68d981ea26d5f61f17c4b5f42d07e33,0.0
15074943,1656923658.0,0xc6112c61a36da24cbc972588ef9dd9eeb41d5ce7,0x0ca36bf5e68d981ea26d5f61f17c4b5f42d07e33,0.0
15074943,1656923658.0,0xc6112c61a36da24cbc972588ef9dd9eeb41d5ce7,0x0ca36bf5e68d981ea26d5f61f17c4b5f42d07e33,0.0
15074943,1656923658.0,0xc6112c61a36da24cbc972588ef9dd9eeb41d5ce7,0x0ca36bf5e68d981ea26d5f61f17c4b5f42d07e33,0.0
15074943,1656923658.0,0xc6112c61a36da24cbc972588ef9dd9eeb41d5ce7,0x0ca36bf5e68d981ea26d5f61f17c4b5f42d07e33,0.0
15074944,1656923669.0,0xc6112c61a36da24cbc972588ef9dd9eeb41d5ce7,0x0ca36bf5e68d981ea26d5f61f17c4b5f42d07e33,0.0
15074951,1656923762.0,0xa9a9aea50313daa8463510497de93271dfd716c0,0x0ca36bf5e68d981ea26d5f61f17c4b5f42d07e33,0.0
15074953,1656923796.0,0xa9a9aea50313daa8463510497de93271dfd716c0,0x0ca36bf5e68d981ea26d5f61f17c4b5f42d07e33,0.0
15074953,1656923796.0,0x6b73a9e6c06946d543ae131071da0c2942cb584a,0x0ca36bf5e68d981ea26d5f61f17c4b5f42d07e33,0.0
15074955,1656923835.0,0xa9a9aea50313daa8463510497de93271dfd716c0,0x0ca36bf5e68d981ea26d5f61f17c4b5f42d07e33,0.0
15074965,1656923995.0,0x6febed8b7432c78a030d47abc6d52b67dad7272e,0x0ca36bf5e68d981ea26d5f61f17c4b5f42d07e33,0.0
15074969,1656924038.0,0x0013b99e50372d609f1e1a8af83544878e99fcf7,0x0ca36bf5e68d981ea26d5f61f17c4b5f42d07e33,0.0
15074969,1656924038.0,0xa9a9aea50313daa8463510497de93271dfd716c0,0x0ca36bf5e68d981ea26d5f61f17c4b5f42d07e33,0.0
15074974,1656924129.0,0x101b42e5255c65301a24c878134849a9de09b75b,0x0ca36bf5e68d981ea26d5f61f17c4b5f42d07e33,0.0
15074982,1656924220.0,0x4dcd8ecfdc24de925b382d90832262ea47405455,0x0ca36bf5e68d981ea26d5f61f17c4b5f42d07e33,0.0
15074982,1656924220.0,0x6a1415941a58315dc40de3fb6dcdd202961e1a65,0x0ca36bf5e68d981ea26d5f61f17c4b5f42d07e33,0.0
15074984,1656924299.0,0x101b42e5255c65301a24c878134849a9de09b75b,0x0ca36bf5e68d981ea26d5f61f17c4b5f42d07e33,0.0
15074984,1656924299.0,0x101b42e5255c65301a24c878134849a9de09b75b,0x0ca36bf5e68d981ea26d5f61f17c4b5f42d07e33,0.0
15074984,1656924299.0,0x101b42e5255c65301a24c878134849a9de09b75b,0x0ca36bf5e68d981ea26d5f61f17c4b5f42d07e33,0.0
15074985,1656924307.0,0x5392407f58b1ba0aaf80ed89aa374ca9f4fbf79e,0x0ca36bf5e68d981ea26d5f61f17c4b5f42d07e33,0.0
15074986,1656924319.0,0x6b73a9e6c06946d543ae131071da0c2942cb584a,0x0ca36bf5e68d981ea26d5f61f17c4b5f42d07e33,0.0
15074987,1656924343.0,0x5392407f58b1ba0aaf80ed89aa374ca9f4fbf79e,0x0ca36bf5e68d981ea26d5f61f17c4b5f42d07e33,0.0
15074987,1656924343.0,0xc6112c61a36da24cbc972588ef9dd9eeb41d5ce7,0x0ca36bf5e68d981ea26d5f61f17c4b5f42d07e33,0.0
15074987,1656924343.0,0xc6112c61a36da24cbc972588ef9dd9eeb41d5ce7,0x0ca36bf5e68d981ea26d5f61f17c4b5f42d07e33,0.0
15074987,1656924343.0,0xc6112c61a36da24cbc972588ef9dd9eeb41d5ce7,0x0ca36bf5e68d981ea26d5f61f17c4b5f42d07e33,0.0
15074987,1656924343.0,0xc6112c61a36da24cbc972588ef9dd9eeb41d5ce7,0x0ca36bf5e68d981ea26d5f61f17c4b5f42d07e33,0.0
15074987,1656924343.0,0x6b73a9e6c06946d543ae131071da0c2942cb584a,0x0ca36bf5e68d981ea26d5f61f17c4b5f42d07e33,0.0
15074988,1656924360.0,0xc6112c61a36da24cbc972588ef9dd9eeb41d5ce7,0x0ca36bf5e68d981ea26d5f61f17c4b5f42d07e33,0.0
15074991,1656924410.0,0x5392407f58b1ba0aaf80ed89aa374ca9f4fbf79e,0x0ca36bf5e68d981ea26d5f61f17c4b5f42d07e33,0.0
15074991,1656924410.0,0x6b73a9e6c06946d543ae131071da0c2942cb584a,0x0ca36bf5e68d981ea26d5f61f17c4b5f42d07e33,0.0
15074997,1656924467.0,0x4dcd8ecfdc24de925b382d90832262ea47405455,0x0ca36bf5e68d981ea26d5f61f17c4b5f42d07e33,0.0
15074998,1656924492.0,0x3817331013dab80c1d7358ae18e5dd43223c67a5,0x0ca36bf5e68d981ea26d5f61f17c4b5f42d07e33,0.0
15075012,1656924665.0,0xc6112c61a36da24cbc972588ef9dd9eeb41d5ce7,0x0ca36bf5e68d981ea26d5f61f17c4b5f42d07e33,0.0
15075012,1656924665.0,0xc6112c61a36da24cbc972588ef9dd9eeb41d5ce7,0x0ca36bf5e68d981ea26d5f61f17c4b5f42d07e33,0.0
15075013,1656924696.0,0xc6112c61a36da24cbc972588ef9dd9eeb41d5ce7,0x0ca36bf5e68d981ea26d5f61f17c4b5f42d07e33,0.0
15075013,1656924696.0,0xc6112c61a36da24cbc972588ef9dd9eeb41d5ce7,0x0ca36bf5e68d981ea26d5f61f17c4b5f42d07e33,0.0
15075013,1656924696.0,0xc6112c61a36da24cbc972588ef9dd9eeb41d5ce7,0x0ca36bf5e68d981ea26d5f61f17c4b5f42d07e33,0.0
15075013,1656924696.0,0xc6112c61a36da24cbc972588ef9dd9eeb41d5ce7,0x0ca36bf5e68d981ea26d5f61f17c4b5f42d07e33,0.0
15075013,1656924696.0,0xc6112c61a36da24cbc972588ef9dd9eeb41d5ce7,0x0ca36bf5e68d981ea26d5f61f17c4b5f42d07e33,0.0
15075013,1656924696.0,0xc6112c61a36da24cbc972588ef9dd9eeb41d5ce7,0x0ca36bf5e68d981ea26d5f61f17c4b5f42d07e33,0.0
15075024,1656924819.0,0x5392407f58b1ba0aaf80ed89aa374ca9f4fbf79e,0x0ca36bf5e68d981ea26d5f61f17c4b5f42d07e33,0.0
15075029,1656924850.0,0x5392407f58b1ba0aaf80ed89aa374ca9f4fbf79e,0x0ca36bf5e68d981ea26d5f61f17c4b5f42d07e33,0.0
15075033,1656924906.0,0xa548a8eaba8cfd6113ec2ee7f212e489c5aa4072,0x0ca36bf5e68d981ea26d5f61f17c4b5f42d07e33,0.0
15075045,1656925041.0,0xa06098600bc7f5110fbb956aff80af3dd6e3aded,0x0ca36bf5e68d981ea26d5f61f17c4b5f42d07e33,0.0
15075047,1656925066.0,0xa06098600bc7f5110fbb956aff80af3dd6e3aded,0x0ca36bf5e68d981ea26d5f61f17c4b5f42d07e33,0.0
15075054,1656925150.0,0x9c7812e16f26a2e965877095e195559d6a151393,0x0ca36bf5e68d981ea26d5f61f17c4b5f42d07e33,0.0
15075054,1656925150.0,0xc5b99b5375d71229183bd417019c3d6f8592826f,0x0ca36bf5e68d981ea26d5f61f17c4b5f42d07e33,0.0
15075054,1656925150.0,0x9bee46d5920808ad279c086897b7b60741d010fb,0x0ca36bf5e68d981ea26d5f61f17c4b5f42d07e33,0.0
15075054,1656925150.0,0xbeeafc401e184d180cbc7b973aa9073740ba19da,0x0ca36bf5e68d981ea26d5f61f17c4b5f42d07e33,0.0
15075074,1656925408.0,0x5978302f1d534a0d950da04e8d5beb0ea0da352e,0x0ca36bf5e68d981ea26d5f61f17c4b5f42d07e33,0.0
15075076,1656925446.0,0xb301e50a3ec8cd1ae6a3cd1aac14c07535e16642,0x0ca36bf5e68d981ea26d5f61f17c4b5f42d07e33,0.0
15075088,1656925585.0,0x5a4b7fdd0b022b3407f86376ab22426e527657f9,0x0ca36bf5e68d981ea26d5f61f17c4b5f42d07e33,0.0
15075113,1656925885.0,0xb7766013096ff0364626eeba48822328f493b82d,0x0ca36bf5e68d981ea26d5f61f17c4b5f42d07e33,0.0
15075122,1656926062.0,0x3029ac666ae8ae7a48034559c658af55429204c6,0x0ca36bf5e68d981ea26d5f61f17c4b5f42d07e33,0.0
15075136,1656926240.0,0xc6112c61a36da24cbc972588ef9dd9eeb41d5ce7,0x0ca36bf5e68d981ea26d5f61f17c4b5f42d07e33,0.0
15075136,1656926240.0,0xc6112c61a36da24cbc972588ef9dd9eeb41d5ce7,0x0ca36bf5e68d981ea26d5f61f17c4b5f42d07e33,0.0
15075136,1656926240.0,0xc6112c61a36da24cbc972588ef9dd9eeb41d5ce7,0x0ca36bf5e68d981ea26d5f61f17c4b5f42d07e33,0.0
15075137,1656926262.0,0xc6112c61a36da24cbc972588ef9dd9eeb41d5ce7,0x0ca36bf5e68d981ea26d5f61f17c4b5f42d07e33,0.0
15075137,1656926262.0,0xc6112c61a36da24cbc972588ef9dd9eeb41d5ce7,0x0ca36bf5e68d981ea26d5f61f17c4b5f42d07e33,0.0
15075137,1656926262.0,0xc6112c61a36da24cbc972588ef9dd9eeb41d5ce7,0x0ca36bf5e68d981ea26d5f61f17c4b5f42d07e33,0.0
15075137,1656926262.0,0xc6112c61a36da24cbc972588ef9dd9eeb41d5ce7,0x0ca36bf5e68d981ea26d5f61f17c4b5f42d07e33,0.0
15075140,1656926284.0,0x57f152e9fc65f42ceea28500bb99dc360d5ee368,0x0ca36bf5e68d981ea26d5f61f17c4b5f42d07e33,0.0
15075151,1656926468.0,0xc42c75950d4295423b4d8af212028627999be940,0x0ca36bf5e68d981ea26d5f61f17c4b5f42d07e33,0.0
15075170,1656926694.0,0x57f152e9fc65f42ceea28500bb99dc360d5ee368,0x0ca36bf5e68d981ea26d5f61f17c4b5f42d07e33,0.0
15075178,1656926785.0,0xecd910be89cedee961afce73ba76fa0ee76d5482,0x0ca36bf5e68d981ea26d5f61f17c4b5f42d07e33,0.0
15075184,1656926825.0,0xd2883e2f21aff68d3032d53f332701f3b1606348,0x0ca36bf5e68d981ea26d5f61f17c4b5f42d07e33,0.0
15075217,1656927118.0,0xfff36eb2a9e83f2159e63b56924cec83cb8bb889,0x0ca36bf5e68d981ea26d5f61f17c4b5f42d07e33,0.0
15075225,1656927220.0,0xc88252e64b51fcdd3d460ae66f569464959e44c8,0x0ca36bf5e68d981ea26d5f61f17c4b5f42d07e33,0.0
15075235,1656927349.0,0xc88252e64b51fcdd3d460ae66f569464959e44c8,0x0ca36bf5e68d981ea26d5f61f17c4b5f42d07e33,0.0
15075272,1656927832.0,0x07ba8711792458348096dbd5734230e2a9cbba55,0x0ca36bf5e68d981ea26d5f61f17c4b5f42d07e33,0.0
15075277,1656927941.0,0x76e2c9787385aaab7077b7d53b2034b75e923fdb,0x0ca36bf5e68d981ea26d5f61f17c4b5f42d07e33,0.0
15075281,1656927953.0,0xfb9b9dc6ee247ca84ddaa59ce35fb51cc09288ef,0x0ca36bf5e68d981ea26d5f61f17c4b5f42d07e33,0.0
15075303,1656928259.0,0x76e2c9787385aaab7077b7d53b2034b75e923fdb,0x0ca36bf5e68d981ea26d5f61f17c4b5f42d07e33,0.0
15075444,1656929884.0,0x1e16acce1af378d4beee71bfc2b954ebfd1fcbd6,0x0ca36bf5e68d981ea26d5f61f17c4b5f42d07e33,0.0
15075468,1656930050.0,0xc6112c61a36da24cbc972588ef9dd9eeb41d5ce7,0x0ca36bf5e68d981ea26d5f61f17c4b5f42d07e33,0.0
15075513,1656930721.0,0xc6112c61a36da24cbc972588ef9dd9eeb41d5ce7,0x0ca36bf5e68d981ea26d5f61f17c4b5f42d07e33,0.0
15075541,1656931165.0,0xc6112c61a36da24cbc972588ef9dd9eeb41d5ce7,0x0ca36bf5e68d981ea26d5f61f17c4b5f42d07e33,0.0
15075952,1656936383.0,0xc6112c61a36da24cbc972588ef9dd9eeb41d5ce7,0x0ca36bf5e68d981ea26d5f61f17c4b5f42d07e33,0.0
15076020,1656937324.0,0xc6112c61a36da24cbc972588ef9dd9eeb41d5ce7,0x0ca36bf5e68d981ea26d5f61f17c4b5f42d07e33,0.0
15076020,1656937324.0,0xc6112c61a36da24cbc972588ef9dd9eeb41d5ce7,0x0ca36bf5e68d981ea26d5f61f17c4b5f42d07e33,0.0
15076020,1656937324.0,0xc6112c61a36da24cbc972588ef9dd9eeb41d5ce7,0x0ca36bf5e68d981ea26d5f61f17c4b5f42d07e33,0.0
15076053,1656937785.0,0xc6112c61a36da24cbc972588ef9dd9eeb41d5ce7,0x0ca36bf5e68d981ea26d5f61f17c4b5f42d07e33,0.0
15076053,1656937785.0,0xc6112c61a36da24cbc972588ef9dd9eeb41d5ce7,0x0ca36bf5e68d981ea26d5f61f17c4b5f42d07e33,0.0
15076087,1656938200.0,0x013a366139038ce8d690d9a10694d67a020db136,0x0ca36bf5e68d981ea26d5f61f17c4b5f42d07e33,0.0
15076384,1656942354.0,0xc6112c61a36da24cbc972588ef9dd9eeb41d5ce7,0x0ca36bf5e68d981ea26d5f61f17c4b5f42d07e33,0.0
15076384,1656942354.0,0xc6112c61a36da24cbc972588ef9dd9eeb41d5ce7,0x0ca36bf5e68d981ea26d5f61f17c4b5f42d07e33,0.0
15076389,1656942427.0,0xc6112c61a36da24cbc972588ef9dd9eeb41d5ce7,0x0ca36bf5e68d981ea26d5f61f17c4b5f42d07e33,0.0
15076389,1656942427.0,0xc6112c61a36da24cbc972588ef9dd9eeb41d5ce7,0x0ca36bf5e68d981ea26d5f61f17c4b5f42d07e33,0.0
15076391,1656942439.0,0xc6112c61a36da24cbc972588ef9dd9eeb41d5ce7,0x0ca36bf5e68d981ea26d5f61f17c4b5f42d07e33,0.0
15076391,1656942439.0,0xc6112c61a36da24cbc972588ef9dd9eeb41d5ce7,0x0ca36bf5e68d981ea26d5f61f17c4b5f42d07e33,0.0
15076393,1656942454.0,0xc6112c61a36da24cbc972588ef9dd9eeb41d5ce7,0x0ca36bf5e68d981ea26d5f61f17c4b5f42d07e33,0.0
15076401,1656942542.0,0x484d3f561a6d01c9a9509542129e990e20d8c776,0x0ca36bf5e68d981ea26d5f61f17c4b5f42d07e33,0.0
15076404,1656942619.0,0xb689648639728967bbb1ad06e1917f1c83edfbe0,0x0ca36bf5e68d981ea26d5f61f17c4b5f42d07e33,0.0
15076405,1656942667.0,0xc6112c61a36da24cbc972588ef9dd9eeb41d5ce7,0x0ca36bf5e68d981ea26d5f61f17c4b5f42d07e33,0.0
15076405,1656942667.0,0xc6112c61a36da24cbc972588ef9dd9eeb41d5ce7,0x0ca36bf5e68d981ea26d5f61f17c4b5f42d07e33,0.0
15076405,1656942667.0,0xc6112c61a36da24cbc972588ef9dd9eeb41d5ce7,0x0ca36bf5e68d981ea26d5f61f17c4b5f42d07e33,0.0
15076405,1656942667.0,0xc6112c61a36da24cbc972588ef9dd9eeb41d5ce7,0x0ca36bf5e68d981ea26d5f61f17c4b5f42d07e33,0.0
15076405,1656942667.0,0xc6112c61a36da24cbc972588ef9dd9eeb41d5ce7,0x0ca36bf5e68d981ea26d5f61f17c4b5f42d07e33,0.0
15076405,1656942667.0,0xc6112c61a36da24cbc972588ef9dd9eeb41d5ce7,0x0ca36bf5e68d981ea26d5f61f17c4b5f42d07e33,0.0
15076477,1656943572.0,0x0e9826632077cc71b6bdcb0c56dac521f0b700fc,0x0ca36bf5e68d981ea26d5f61f17c4b5f42d07e33,0.0
15076520,1656944123.0,0x960ae7e6108c0b6860c44f38eadf572814d107da,0x0ca36bf5e68d981ea26d5f61f17c4b5f42d07e33,0.0
15076569,1656944754.0,0x960ae7e6108c0b6860c44f38eadf572814d107da,0x0ca36bf5e68d981ea26d5f61f17c4b5f42d07e33,0.0
15076569,1656944754.0,0x960ae7e6108c0b6860c44f38eadf572814d107da,0x0ca36bf5e68d981ea26d5f61f17c4b5f42d07e33,0.0
15076632,1656945604.0,0xc6112c61a36da24cbc972588ef9dd9eeb41d5ce7,0x0ca36bf5e68d981ea26d5f61f17c4b5f42d07e33,0.0
15076632,1656945604.0,0xc6112c61a36da24cbc972588ef9dd9eeb41d5ce7,0x0ca36bf5e68d981ea26d5f61f17c4b5f42d07e33,0.0
15076632,1656945604.0,0xc6112c61a36da24cbc972588ef9dd9eeb41d5ce7,0x0ca36bf5e68d981ea26d5f61f17c4b5f42d07e33,0.0
15076641,1656945834.0,0x98098214ad5b1b08cc9d94e32f056e9a0de18110,0x0ca36bf5e68d981ea26d5f61f17c4b5f42d07e33,0.0
15076678,1656946292.0,0x960ae7e6108c0b6860c44f38eadf572814d107da,0x0ca36bf5e68d981ea26d5f61f17c4b5f42d07e33,0.0
15076682,1656946326.0,0x960ae7e6108c0b6860c44f38eadf572814d107da,0x0ca36bf5e68d981ea26d5f61f17c4b5f42d07e33,0.0
15076738,1656947064.0,0x4f8d777245ba00dfb7492e81866071eeac4d45a9,0x0ca36bf5e68d981ea26d5f61f17c4b5f42d07e33,0.0
15076798,1656947904.0,0x78fb8b2fd28c1f34cc6bc15813cacccc5d8c5454,0x0ca36bf5e68d981ea26d5f61f17c4b5f42d07e33,0.0
15076830,1656948349.0,0x1213a46dd9ad97338385c462a133dec6786cb685,0x0ca36bf5e68d981ea26d5f61f17c4b5f42d07e33,0.0
15076919,1656949531.0,0x0d20dea491abfb7e374877c6e9629161d3ae4ef4,0x0ca36bf5e68d981ea26d5f61f17c4b5f42d07e33,0.0
15078124,1656965249.0,0xc6112c61a36da24cbc972588ef9dd9eeb41d5ce7,0x0ca36bf5e68d981ea26d5f61f17c4b5f42d07e33,0.0
15078124,1656965249.0,0xc6112c61a36da24cbc972588ef9dd9eeb41d5ce7,0x0ca36bf5e68d981ea26d5f61f17c4b5f42d07e33,0.0
15078124,1656965249.0,0xc6112c61a36da24cbc972588ef9dd9eeb41d5ce7,0x0ca36bf5e68d981ea26d5f61f17c4b5f42d07e33,0.0
15078124,1656965249.0,0xc6112c61a36da24cbc972588ef9dd9eeb41d5ce7,0x0ca36bf5e68d981ea26d5f61f17c4b5f42d07e33,0.0
15078125,1656965268.0,0xc6112c61a36da24cbc972588ef9dd9eeb41d5ce7,0x0ca36bf5e68d981ea26d5f61f17c4b5f42d07e33,0.0
15078125,1656965268.0,0xc6112c61a36da24cbc972588ef9dd9eeb41d5ce7,0x0ca36bf5e68d981ea26d5f61f17c4b5f42d07e33,0.0
15078126,1656965274.0,0xc6112c61a36da24cbc972588ef9dd9eeb41d5ce7,0x0ca36bf5e68d981ea26d5f61f17c4b5f42d07e33,0.0
15078126,1656965274.0,0xc6112c61a36da24cbc972588ef9dd9eeb41d5ce7,0x0ca36bf5e68d981ea26d5f61f17c4b5f42d07e33,0.0
15078126,1656965274.0,0xc6112c61a36da24cbc972588ef9dd9eeb41d5ce7,0x0ca36bf5e68d981ea26d5f61f17c4b5f42d07e33,0.0
15078127,1656965282.0,0xc6112c61a36da24cbc972588ef9dd9eeb41d5ce7,0x0ca36bf5e68d981ea26d5f61f17c4b5f42d07e33,0.0
15078128,1656965294.0,0xc6112c61a36da24cbc972588ef9dd9eeb41d5ce7,0x0ca36bf5e68d981ea26d5f61f17c4b5f42d07e33,0.0
15078128,1656965294.0,0xc6112c61a36da24cbc972588ef9dd9eeb41d5ce7,0x0ca36bf5e68d981ea26d5f61f17c4b5f42d07e33,0.0
15078128,1656965294.0,0xc6112c61a36da24cbc972588ef9dd9eeb41d5ce7,0x0ca36bf5e68d981ea26d5f61f17c4b5f42d07e33,0.0
15078128,1656965294.0,0xc6112c61a36da24cbc972588ef9dd9eeb41d5ce7,0x0ca36bf5e68d981ea26d5f61f17c4b5f42d07e33,0.0
15078128,1656965294.0,0xc6112c61a36da24cbc972588ef9dd9eeb41d5ce7,0x0ca36bf5e68d981ea26d5f61f17c4b5f42d07e33,0.0
15078128,1656965294.0,0xc6112c61a36da24cbc972588ef9dd9eeb41d5ce7,0x0ca36bf5e68d981ea26d5f61f17c4b5f42d07e33,0.0
15078129,1656965328.0,0xc6112c61a36da24cbc972588ef9dd9eeb41d5ce7,0x0ca36bf5e68d981ea26d5f61f17c4b5f42d07e33,0.0
15078129,1656965328.0,0xc6112c61a36da24cbc972588ef9dd9eeb41d5ce7,0x0ca36bf5e68d981ea26d5f61f17c4b5f42d07e33,0.0
15078129,1656965328.0,0xc6112c61a36da24cbc972588ef9dd9eeb41d5ce7,0x0ca36bf5e68d981ea26d5f61f17c4b5f42d07e33,0.0
15078129,1656965328.0,0xc6112c61a36da24cbc972588ef9dd9eeb41d5ce7,0x0ca36bf5e68d981ea26d5f61f17c4b5f42d07e33,0.0
15078129,1656965328.0,0xc6112c61a36da24cbc972588ef9dd9eeb41d5ce7,0x0ca36bf5e68d981ea26d5f61f17c4b5f42d07e33,0.0
15078129,1656965328.0,0xc6112c61a36da24cbc972588ef9dd9eeb41d5ce7,0x0ca36bf5e68d981ea26d5f61f17c4b5f42d07e33,0.0
15078143,1656965487.0,0xc6112c61a36da24cbc972588ef9dd9eeb41d5ce7,0x0ca36bf5e68d981ea26d5f61f17c4b5f42d07e33,0.0
15078143,1656965487.0,0xc6112c61a36da24cbc972588ef9dd9eeb41d5ce7,0x0ca36bf5e68d981ea26d5f61f17c4b5f42d07e33,0.0
15078143,1656965487.0,0xc6112c61a36da24cbc972588ef9dd9eeb41d5ce7,0x0ca36bf5e68d981ea26d5f61f17c4b5f42d07e33,0.0
15078143,1656965487.0,0xc6112c61a36da24cbc972588ef9dd9eeb41d5ce7,0x0ca36bf5e68d981ea26d5f61f17c4b5f42d07e33,0.0
15078143,1656965487.0,0xc6112c61a36da24cbc972588ef9dd9eeb41d5ce7,0x0ca36bf5e68d981ea26d5f61f17c4b5f42d07e33,0.0
15078143,1656965487.0,0xc6112c61a36da24cbc972588ef9dd9eeb41d5ce7,0x0ca36bf5e68d981ea26d5f61f17c4b5f42d07e33,0.0
15078143,1656965487.0,0xc6112c61a36da24cbc972588ef9dd9eeb41d5ce7,0x0ca36bf5e68d981ea26d5f61f17c4b5f42d07e33,0.0
15078143,1656965487.0,0xc6112c61a36da24cbc972588ef9dd9eeb41d5ce7,0x0ca36bf5e68d981ea26d5f61f17c4b5f42d07e33,0.0
15078144,1656965503.0,0xc6112c61a36da24cbc972588ef9dd9eeb41d5ce7,0x0ca36bf5e68d981ea26d5f61f17c4b5f42d07e33,0.0
15078144,1656965503.0,0xc6112c61a36da24cbc972588ef9dd9eeb41d5ce7,0x0ca36bf5e68d981ea26d5f61f17c4b5f42d07e33,0.0
15078144,1656965503.0,0xc6112c61a36da24cbc972588ef9dd9eeb41d5ce7,0x0ca36bf5e68d981ea26d5f61f17c4b5f42d07e33,0.0
15078145,1656965506.0,0xc6112c61a36da24cbc972588ef9dd9eeb41d5ce7,0x0ca36bf5e68d981ea26d5f61f17c4b5f42d07e33,0.0
15078145,1656965506.0,0xc6112c61a36da24cbc972588ef9dd9eeb41d5ce7,0x0ca36bf5e68d981ea26d5f61f17c4b5f42d07e33,0.0
15078146,1656965511.0,0xc6112c61a36da24cbc972588ef9dd9eeb41d5ce7,0x0ca36bf5e68d981ea26d5f61f17c4b5f42d07e33,0.0
15078148,1656965526.0,0x660fb288730b480ecd3c05a59de55af2e0cfb646,0x0ca36bf5e68d981ea26d5f61f17c4b5f42d07e33,0.0
15078334,1656968020.0,0xebb4a34e1bbdc02ed750207d402d55c8c8c781e1,0x0ca36bf5e68d981ea26d5f61f17c4b5f42d07e33,0.0
15078419,1656969086.0,0xc6112c61a36da24cbc972588ef9dd9eeb41d5ce7,0x0ca36bf5e68d981ea26d5f61f17c4b5f42d07e33,0.0
15078419,1656969086.0,0xc6112c61a36da24cbc972588ef9dd9eeb41d5ce7,0x0ca36bf5e68d981ea26d5f61f17c4b5f42d07e33,0.0
15078420,1656969099.0,0xc6112c61a36da24cbc972588ef9dd9eeb41d5ce7,0x0ca36bf5e68d981ea26d5f61f17c4b5f42d07e33,0.0
15078420,1656969099.0,0xc6112c61a36da24cbc972588ef9dd9eeb41d5ce7,0x0ca36bf5e68d981ea26d5f61f17c4b5f42d07e33,0.0
15078420,1656969099.0,0xc6112c61a36da24cbc972588ef9dd9eeb41d5ce7,0x0ca36bf5e68d981ea26d5f61f17c4b5f42d07e33,0.0
15078423,1656969126.0,0xc6112c61a36da24cbc972588ef9dd9eeb41d5ce7,0x0ca36bf5e68d981ea26d5f61f17c4b5f42d07e33,0.0
15078423,1656969126.0,0xc6112c61a36da24cbc972588ef9dd9eeb41d5ce7,0x0ca36bf5e68d981ea26d5f61f17c4b5f42d07e33,0.0
15078423,1656969126.0,0xc6112c61a36da24cbc972588ef9dd9eeb41d5ce7,0x0ca36bf5e68d981ea26d5f61f17c4b5f42d07e33,0.0
15078424,1656969130.0,0xc6112c61a36da24cbc972588ef9dd9eeb41d5ce7,0x0ca36bf5e68d981ea26d5f61f17c4b5f42d07e33,0.0
15078445,1656969437.0,0xc6112c61a36da24cbc972588ef9dd9eeb41d5ce7,0x0ca36bf5e68d981ea26d5f61f17c4b5f42d07e33,0.0
15078445,1656969437.0,0xc6112c61a36da24cbc972588ef9dd9eeb41d5ce7,0x0ca36bf5e68d981ea26d5f61f17c4b5f42d07e33,0.0
15078445,1656969437.0,0xc6112c61a36da24cbc972588ef9dd9eeb41d5ce7,0x0ca36bf5e68d981ea26d5f61f17c4b5f42d07e33,0.0
15078445,1656969437.0,0xc6112c61a36da24cbc972588ef9dd9eeb41d5ce7,0x0ca36bf5e68d981ea26d5f61f17c4b5f42d07e33,0.0
15078461,1656969760.0,0xd456524c8dc76d49fd5cae1ce9f043a87106ed56,0x0ca36bf5e68d981ea26d5f61f17c4b5f42d07e33,0.0
15078703,1656973029.0,0xc6112c61a36da24cbc972588ef9dd9eeb41d5ce7,0x0ca36bf5e68d981ea26d5f61f17c4b5f42d07e33,0.0
15078703,1656973029.0,0xc6112c61a36da24cbc972588ef9dd9eeb41d5ce7,0x0ca36bf5e68d981ea26d5f61f17c4b5f42d07e33,0.0
15078703,1656973029.0,0xc6112c61a36da24cbc972588ef9dd9eeb41d5ce7,0x0ca36bf5e68d981ea26d5f61f17c4b5f42d07e33,0.0
15078703,1656973029.0,0xc6112c61a36da24cbc972588ef9dd9eeb41d5ce7,0x0ca36bf5e68d981ea26d5f61f17c4b5f42d07e33,0.0
15082123,1657019223.0,0x610940d4f433719c8bd5002a4e55ed52f7b228ce,0x0ca36bf5e68d981ea26d5f61f17c4b5f42d07e33,0.0
15094430,1657183143.0,0xc6f6dd804fc4e3e4342e4f1e0bdabe94fbc05919,0x0ca36bf5e68d981ea26d5f61f17c4b5f42d07e33,0.0
15094449,1657183383.0,0x9999fd47e4af14405fd35ba85dece8a9e0969999,0x0ca36bf5e68d981ea26d5f61f17c4b5f42d07e33,0.0
15094475,1657183743.0,0x0630e4a19505d253b0514fd01fdbe7e439f1a5cb,0x0ca36bf5e68d981ea26d5f61f17c4b5f42d07e33,0.0
15094479,1657183772.0,0x29cb0b55e4307aa567c8d3a15cfe96d67c1c2cc7,0x0ca36bf5e68d981ea26d5f61f17c4b5f42d07e33,0.0
15094525,1657184388.0,0x0630e4a19505d253b0514fd01fdbe7e439f1a5cb,0x0ca36bf5e68d981ea26d5f61f17c4b5f42d07e33,0.0
15094542,1657184643.0,0x565792f6ef96cc64d286dfd8a81b8dfef9ec0cef,0x0ca36bf5e68d981ea26d5f61f17c4b5f42d07e33,0.0
15094546,1657184667.0,0xebf911299a4350165f8045bd773a8872010565ad,0x0ca36bf5e68d981ea26d5f61f17c4b5f42d07e33,0.0
15094564,1657184897.0,0x6d92e1eb2f8c290f04a9a249c71e1e2bac3d9bc9,0x0ca36bf5e68d981ea26d5f61f17c4b5f42d07e33,0.0
15120653,1657533144.0,0x4f8d777245ba00dfb7492e81866071eeac4d45a9,0x0ca36bf5e68d981ea26d5f61f17c4b5f42d07e33,0.0
15120845,1657535513.0,0x78fb8b2fd28c1f34cc6bc15813cacccc5d8c5454,0x0ca36bf5e68d981ea26d5f61f17c4b5f42d07e33,0.0
15121550,1657545583.0,0x1213a46dd9ad97338385c462a133dec6786cb685,0x0ca36bf5e68d981ea26d5f61f17c4b5f42d07e33,0.0
15166220,1658142136.0,0xc6112c61a36da24cbc972588ef9dd9eeb41d5ce7,0x0ca36bf5e68d981ea26d5f61f17c4b5f42d07e33,0.0
15166220,1658142136.0,0xc6112c61a36da24cbc972588ef9dd9eeb41d5ce7,0x0ca36bf5e68d981ea26d5f61f17c4b5f42d07e33,0.0
15166496,1658145632.0,0x101b42e5255c65301a24c878134849a9de09b75b,0x0ca36bf5e68d981ea26d5f61f17c4b5f42d07e33,0.0
15166496,1658145632.0,0x101b42e5255c65301a24c878134849a9de09b75b,0x0ca36bf5e68d981ea26d5f61f17c4b5f42d07e33,0.0
15166497,1658145634.0,0x101b42e5255c65301a24c878134849a9de09b75b,0x0ca36bf5e68d981ea26d5f61f17c4b5f42d07e33,0.0
15229949,1658996932.0,0x1213a46dd9ad97338385c462a133dec6786cb685,0x0ca36bf5e68d981ea26d5f61f17c4b5f42d07e33,0.0
15274969,1659603696.0,0x98098214ad5b1b08cc9d94e32f056e9a0de18110,0x0ca36bf5e68d981ea26d5f61f17c4b5f42d07e33,0.0
15286080,1659752782.0,0x65aaeec60c6149bf18753f5d2c361ecbba22651a,0x0ca36bf5e68d981ea26d5f61f17c4b5f42d07e33,0.0
15381034,1661044724.0,0x013a366139038ce8d690d9a10694d67a020db136,0x0ca36bf5e68d981ea26d5f61f17c4b5f42d07e33,0.0
15818801,1666624679.0,0x1213a46dd9ad97338385c462a133dec6786cb685,0x0ca36bf5e68d981ea26d5f61f17c4b5f42d07e33,0.0
15844774,1666938599.0,0x1213a46dd9ad97338385c462a133dec6786cb685,0x0ca36bf5e68d981ea26d5f61f17c4b5f42d07e33,0.0
15844799,1666938911.0,0x1213a46dd9ad97338385c462a133dec6786cb685,0x0ca36bf5e68d981ea26d5f61f17c4b5f42d07e33,0.0
15844803,1666938959.0,0x1213a46dd9ad97338385c462a133dec6786cb685,0x0ca36bf5e68d981ea26d5f61f17c4b5f42d07e33,0.0
15844905,1666940195.0,0x7f69eec4a308381e9d1a8a030c0d19b0bfe5ce16,0x0ca36bf5e68d981ea26d5f61f17c4b5f42d07e33,0.0
15844951,1666940747.0,0x78fb8b2fd28c1f34cc6bc15813cacccc5d8c5454,0x0ca36bf5e68d981ea26d5f61f17c4b5f42d07e33,0.0
16217084,1671432899.0,0x013a366139038ce8d690d9a10694d67a020db136,0x0ca36bf5e68d981ea26d5f61f17c4b5f42d07e33,0.0
16217446,1671437279.0,0x56fe529c608dbfec51f54371476ab33acb6cacf1,0x0ca36bf5e68d981ea26d5f61f17c4b5f42d07e33,0.0
16218009,1671444083.0,0x344e079ff65b5b875739dc957b14b96b432f285a,0x0ca36bf5e68d981ea26d5f61f17c4b5f42d07e33,0.0
16218013,1671444131.0,0xf14b03af68ad0862cc6816d587811f40468e3846,0x0ca36bf5e68d981ea26d5f61f17c4b5f42d07e33,0.0
16218015,1671444155.0,0x748c889e2e74f04464107237cd918e3486daaa58,0x0ca36bf5e68d981ea26d5f61f17c4b5f42d07e33,0.0
16218018,1671444191.0,0x8af5c44678ca19803d99751520a99ffcb8352543,0x0ca36bf5e68d981ea26d5f61f17c4b5f42d07e33,0.0
16218019,1671444203.0,0x99d20d52838ab39269cd7878718d4f062d1a22ff,0x0ca36bf5e68d981ea26d5f61f17c4b5f42d07e33,0.0
16218021,1671444227.0,0xb3a34c9edeadd97d1a6ba9e14043aadb92786849,0x0ca36bf5e68d981ea26d5f61f17c4b5f42d07e33,0.0
16218023,1671444251.0,0x7e04defb962ba4dc5ce731b65b9dcc62bcbd0ccb,0x0ca36bf5e68d981ea26d5f61f17c4b5f42d07e33,0.0
16218053,1671444611.0,0x45d7795dd63c17a0fe72b567854eb8483ef33247,0x0ca36bf5e68d981ea26d5f61f17c4b5f42d07e33,0.0
16218293,1671447515.0,0x5adefabc0453bc95cdccba3b11a3edd28df55573,0x0ca36bf5e68d981ea26d5f61f17c4b5f42d07e33,0.0
16218394,1671448739.0,0x3bc025302b76d86e6c7f966fe200d6aa2b4ef4ca,0x0ca36bf5e68d981ea26d5f61f17c4b5f42d07e33,0.0
16218402,1671448835.0,0xa504910481ee5309293a4b0c424511c55a678553,0x0ca36bf5e68d981ea26d5f61f17c4b5f42d07e33,0.0
16218406,1671448883.0,0xb64e792ef1f6f4b0beead433eda70eb1e60fdc52,0x0ca36bf5e68d981ea26d5f61f17c4b5f42d07e33,0.0
16218410,1671448931.0,0x99ef01b5c43d9bad082dd01b8a72a2764f43e19e,0x0ca36bf5e68d981ea26d5f61f17c4b5f42d07e33,0.0
16218413,1671448967.0,0x5c814b67112e55153d251b4c1a83a66148e4baa9,0x0ca36bf5e68d981ea26d5f61f17c4b5f42d07e33,0.0
16218415,1671448991.0,0x918b5f647ce20624cfea38b1c06bd108c4bbed05,0x0ca36bf5e68d981ea26d5f61f17c4b5f42d07e33,0.0
16218419,1671449039.0,0xf2c3100d5748cb4a330fbc00aee3ebf4458d9eb6,0x0ca36bf5e68d981ea26d5f61f17c4b5f42d07e33,0.0
