BlockHeight,TimeStamp,From,To,Value
15539509,1663249919.0,0xc20ffe3bdbfaaaab6f0d025a1eaded2688390625,,0.0
15539567,1663250627.0,0xa9a899ffb17eaac1c630dff1c64152dbbb90e313,0x0d97f92134bdc49ba87b66a72737df0152d9fc26,0.0
15539571,1663250675.0,0xa9a899ffb17eaac1c630dff1c64152dbbb90e313,0x0d97f92134bdc49ba87b66a72737df0152d9fc26,0.0
15539573,1663250699.0,0xa9a899ffb17eaac1c630dff1c64152dbbb90e313,0x0d97f92134bdc49ba87b66a72737df0152d9fc26,0.0
15540220,1663258547.0,0x60101b06bf6d3db5e7d2d9616f47c416e880d2a5,0x0d97f92134bdc49ba87b66a72737df0152d9fc26,0.0
15540322,1663259807.0,0x60101b06bf6d3db5e7d2d9616f47c416e880d2a5,0x0d97f92134bdc49ba87b66a72737df0152d9fc26,0.0
15545596,1663324223.0,0xa9a899ffb17eaac1c630dff1c64152dbbb90e313,0x0d97f92134bdc49ba87b66a72737df0152d9fc26,0.0
