BlockHeight,TimeStamp,From,To,Value
16109965,1670139011.0,0xe74135cfed87de6f02b2f5e4ab5d6d9951468eee,,0.0
16109978,1670139167.0,0xe74135cfed87de6f02b2f5e4ab5d6d9951468eee,0x0dbda0828805a6d8c60cc9dd7525d1c0a529a2e4,0.0
16110021,1670139683.0,0xe74135cfed87de6f02b2f5e4ab5d6d9951468eee,0x0dbda0828805a6d8c60cc9dd7525d1c0a529a2e4,0.0
16110021,1670139683.0,0xe74135cfed87de6f02b2f5e4ab5d6d9951468eee,0x0dbda0828805a6d8c60cc9dd7525d1c0a529a2e4,0.0
16110035,1670139851.0,0xe74135cfed87de6f02b2f5e4ab5d6d9951468eee,0x0dbda0828805a6d8c60cc9dd7525d1c0a529a2e4,0.0
16110035,1670139851.0,0xe74135cfed87de6f02b2f5e4ab5d6d9951468eee,0x0dbda0828805a6d8c60cc9dd7525d1c0a529a2e4,0.0
16110035,1670139851.0,0xe74135cfed87de6f02b2f5e4ab5d6d9951468eee,0x0dbda0828805a6d8c60cc9dd7525d1c0a529a2e4,0.0
16110035,1670139851.0,0xe74135cfed87de6f02b2f5e4ab5d6d9951468eee,0x0dbda0828805a6d8c60cc9dd7525d1c0a529a2e4,0.0
16110035,1670139851.0,0xe74135cfed87de6f02b2f5e4ab5d6d9951468eee,0x0dbda0828805a6d8c60cc9dd7525d1c0a529a2e4,0.0
16110035,1670139851.0,0xe74135cfed87de6f02b2f5e4ab5d6d9951468eee,0x0dbda0828805a6d8c60cc9dd7525d1c0a529a2e4,0.0
16110051,1670140043.0,0xe74135cfed87de6f02b2f5e4ab5d6d9951468eee,0x0dbda0828805a6d8c60cc9dd7525d1c0a529a2e4,0.0
16110051,1670140043.0,0xe74135cfed87de6f02b2f5e4ab5d6d9951468eee,0x0dbda0828805a6d8c60cc9dd7525d1c0a529a2e4,0.0
16110051,1670140043.0,0xe74135cfed87de6f02b2f5e4ab5d6d9951468eee,0x0dbda0828805a6d8c60cc9dd7525d1c0a529a2e4,0.0
16110051,1670140043.0,0xe74135cfed87de6f02b2f5e4ab5d6d9951468eee,0x0dbda0828805a6d8c60cc9dd7525d1c0a529a2e4,0.0
16110051,1670140043.0,0xe74135cfed87de6f02b2f5e4ab5d6d9951468eee,0x0dbda0828805a6d8c60cc9dd7525d1c0a529a2e4,0.0
16110051,1670140043.0,0xe74135cfed87de6f02b2f5e4ab5d6d9951468eee,0x0dbda0828805a6d8c60cc9dd7525d1c0a529a2e4,0.0
16110051,1670140043.0,0xe74135cfed87de6f02b2f5e4ab5d6d9951468eee,0x0dbda0828805a6d8c60cc9dd7525d1c0a529a2e4,0.0
16110051,1670140043.0,0xe74135cfed87de6f02b2f5e4ab5d6d9951468eee,0x0dbda0828805a6d8c60cc9dd7525d1c0a529a2e4,0.0
16110051,1670140043.0,0xe74135cfed87de6f02b2f5e4ab5d6d9951468eee,0x0dbda0828805a6d8c60cc9dd7525d1c0a529a2e4,0.0
16110051,1670140043.0,0xe74135cfed87de6f02b2f5e4ab5d6d9951468eee,0x0dbda0828805a6d8c60cc9dd7525d1c0a529a2e4,0.0
16110051,1670140043.0,0xe74135cfed87de6f02b2f5e4ab5d6d9951468eee,0x0dbda0828805a6d8c60cc9dd7525d1c0a529a2e4,0.0
16110051,1670140043.0,0xe74135cfed87de6f02b2f5e4ab5d6d9951468eee,0x0dbda0828805a6d8c60cc9dd7525d1c0a529a2e4,0.0
16433864,1674046979.0,0xac47326a8e8a9fd697668f93b2ec57c0c229fa28,0x0dbda0828805a6d8c60cc9dd7525d1c0a529a2e4,0.0
16433909,1674047519.0,0xac47326a8e8a9fd697668f93b2ec57c0c229fa28,0x0dbda0828805a6d8c60cc9dd7525d1c0a529a2e4,0.0
16433922,1674047675.0,0xac47326a8e8a9fd697668f93b2ec57c0c229fa28,0x0dbda0828805a6d8c60cc9dd7525d1c0a529a2e4,0.0
16433934,1674047819.0,0xac47326a8e8a9fd697668f93b2ec57c0c229fa28,0x0dbda0828805a6d8c60cc9dd7525d1c0a529a2e4,0.0
