BlockHeight,TimeStamp,From,To,Value
14747495,1652170619.0,0xb45e58f8d86dde6c0490723995021741da728f25,,0.0
14747531,1652171168.0,0xc528e2310b8823403b4a6d2d9665f9c2c22a0b44,0x0e5c3e515efcf621ab4e32b08f73a2ba9fddbb3b,0.0
14747536,1652171246.0,0xc528e2310b8823403b4a6d2d9665f9c2c22a0b44,0x0e5c3e515efcf621ab4e32b08f73a2ba9fddbb3b,0.0
14747572,1652171648.0,0xb45e58f8d86dde6c0490723995021741da728f25,0x0e5c3e515efcf621ab4e32b08f73a2ba9fddbb3b,0.0
14747626,1652172353.0,0xb45e58f8d86dde6c0490723995021741da728f25,0x0e5c3e515efcf621ab4e32b08f73a2ba9fddbb3b,0.0
14747737,1652174034.0,0xb45e58f8d86dde6c0490723995021741da728f25,0x0e5c3e515efcf621ab4e32b08f73a2ba9fddbb3b,0.0
14747857,1652175883.0,0xb45e58f8d86dde6c0490723995021741da728f25,0x0e5c3e515efcf621ab4e32b08f73a2ba9fddbb3b,0.0
14747980,1652177615.0,0xb45e58f8d86dde6c0490723995021741da728f25,0x0e5c3e515efcf621ab4e32b08f73a2ba9fddbb3b,0.0
14748104,1652179404.0,0xb45e58f8d86dde6c0490723995021741da728f25,0x0e5c3e515efcf621ab4e32b08f73a2ba9fddbb3b,0.0
14748225,1652181222.0,0xb45e58f8d86dde6c0490723995021741da728f25,0x0e5c3e515efcf621ab4e32b08f73a2ba9fddbb3b,0.0
14748361,1652183017.0,0xb45e58f8d86dde6c0490723995021741da728f25,0x0e5c3e515efcf621ab4e32b08f73a2ba9fddbb3b,0.0
14748494,1652184762.0,0xb45e58f8d86dde6c0490723995021741da728f25,0x0e5c3e515efcf621ab4e32b08f73a2ba9fddbb3b,0.0
14748628,1652186616.0,0xb45e58f8d86dde6c0490723995021741da728f25,0x0e5c3e515efcf621ab4e32b08f73a2ba9fddbb3b,0.0
14748761,1652188419.0,0xb45e58f8d86dde6c0490723995021741da728f25,0x0e5c3e515efcf621ab4e32b08f73a2ba9fddbb3b,0.0
14748907,1652190215.0,0xb45e58f8d86dde6c0490723995021741da728f25,0x0e5c3e515efcf621ab4e32b08f73a2ba9fddbb3b,0.0
14749157,1652193814.0,0xb45e58f8d86dde6c0490723995021741da728f25,0x0e5c3e515efcf621ab4e32b08f73a2ba9fddbb3b,0.0
14749664,1652201012.0,0xb45e58f8d86dde6c0490723995021741da728f25,0x0e5c3e515efcf621ab4e32b08f73a2ba9fddbb3b,0.0
14749772,1652202787.0,0xb45e58f8d86dde6c0490723995021741da728f25,0x0e5c3e515efcf621ab4e32b08f73a2ba9fddbb3b,0.0
14750460,1652211812.0,0xb45e58f8d86dde6c0490723995021741da728f25,0x0e5c3e515efcf621ab4e32b08f73a2ba9fddbb3b,0.0
14750721,1652215387.0,0xb45e58f8d86dde6c0490723995021741da728f25,0x0e5c3e515efcf621ab4e32b08f73a2ba9fddbb3b,0.0
14751126,1652220820.0,0xb45e58f8d86dde6c0490723995021741da728f25,0x0e5c3e515efcf621ab4e32b08f73a2ba9fddbb3b,0.0
14751496,1652226220.0,0xb45e58f8d86dde6c0490723995021741da728f25,0x0e5c3e515efcf621ab4e32b08f73a2ba9fddbb3b,0.0
14751617,1652228034.0,0xb45e58f8d86dde6c0490723995021741da728f25,0x0e5c3e515efcf621ab4e32b08f73a2ba9fddbb3b,0.0
14751761,1652229863.0,0xb45e58f8d86dde6c0490723995021741da728f25,0x0e5c3e515efcf621ab4e32b08f73a2ba9fddbb3b,0.0
14751890,1652231624.0,0xb45e58f8d86dde6c0490723995021741da728f25,0x0e5c3e515efcf621ab4e32b08f73a2ba9fddbb3b,0.0
14751981,1652232707.0,0x77bb551bc442a9d843ab94f236a9a5579cb516ab,0x0e5c3e515efcf621ab4e32b08f73a2ba9fddbb3b,0.12
14752014,1652233243.0,0x547552cb38c65f734f6349677f8dd5b255cd49c2,0x0e5c3e515efcf621ab4e32b08f73a2ba9fddbb3b,0.24
14752021,1652233397.0,0xb45e58f8d86dde6c0490723995021741da728f25,0x0e5c3e515efcf621ab4e32b08f73a2ba9fddbb3b,0.0
14752152,1652235325.0,0xb45e58f8d86dde6c0490723995021741da728f25,0x0e5c3e515efcf621ab4e32b08f73a2ba9fddbb3b,0.0
14752152,1652235325.0,0x0e5c3e515efcf621ab4e32b08f73a2ba9fddbb3b,0xf5cf62a369a753a2f1174848914943e4e966ce1d,0.36
