BlockHeight,TimeStamp,From,To,Value
16153947,1670671007.0,0x7c8734cc88dcc5b171706d5cfdef0b1a7fcb6483,,0.0
16158506,1670725955.0,0x7c8734cc88dcc5b171706d5cfdef0b1a7fcb6483,0x0e1cd6d2715432e4dbedfe969b0eb2867ff61d5b,0.0
16158613,1670727251.0,0x7c8734cc88dcc5b171706d5cfdef0b1a7fcb6483,0x0e1cd6d2715432e4dbedfe969b0eb2867ff61d5b,0.0
16158639,1670727563.0,0x7c8734cc88dcc5b171706d5cfdef0b1a7fcb6483,0x0e1cd6d2715432e4dbedfe969b0eb2867ff61d5b,0.0
16158639,1670727563.0,0x7c8734cc88dcc5b171706d5cfdef0b1a7fcb6483,0x0e1cd6d2715432e4dbedfe969b0eb2867ff61d5b,0.0
16158639,1670727563.0,0x7c8734cc88dcc5b171706d5cfdef0b1a7fcb6483,0x0e1cd6d2715432e4dbedfe969b0eb2867ff61d5b,0.0
16158650,1670727695.0,0x7c8734cc88dcc5b171706d5cfdef0b1a7fcb6483,0x0e1cd6d2715432e4dbedfe969b0eb2867ff61d5b,0.0
16158650,1670727695.0,0x7c8734cc88dcc5b171706d5cfdef0b1a7fcb6483,0x0e1cd6d2715432e4dbedfe969b0eb2867ff61d5b,0.0
16158650,1670727695.0,0x7c8734cc88dcc5b171706d5cfdef0b1a7fcb6483,0x0e1cd6d2715432e4dbedfe969b0eb2867ff61d5b,0.0
16158650,1670727695.0,0x7c8734cc88dcc5b171706d5cfdef0b1a7fcb6483,0x0e1cd6d2715432e4dbedfe969b0eb2867ff61d5b,0.0
16158650,1670727695.0,0x7c8734cc88dcc5b171706d5cfdef0b1a7fcb6483,0x0e1cd6d2715432e4dbedfe969b0eb2867ff61d5b,0.0
16158650,1670727695.0,0x7c8734cc88dcc5b171706d5cfdef0b1a7fcb6483,0x0e1cd6d2715432e4dbedfe969b0eb2867ff61d5b,0.0
16158650,1670727695.0,0x7c8734cc88dcc5b171706d5cfdef0b1a7fcb6483,0x0e1cd6d2715432e4dbedfe969b0eb2867ff61d5b,0.0
16158650,1670727695.0,0x7c8734cc88dcc5b171706d5cfdef0b1a7fcb6483,0x0e1cd6d2715432e4dbedfe969b0eb2867ff61d5b,0.0
16158650,1670727695.0,0x7c8734cc88dcc5b171706d5cfdef0b1a7fcb6483,0x0e1cd6d2715432e4dbedfe969b0eb2867ff61d5b,0.0
16234876,1671647411.0,0x0c770474529f03663c41c28f5f53ad8246602b4f,0x0e1cd6d2715432e4dbedfe969b0eb2867ff61d5b,0.0
16331915,1672817111.0,0x4732dfd34d3506b9855506dc2322602a77c8494f,0x0e1cd6d2715432e4dbedfe969b0eb2867ff61d5b,0.0
16331925,1672817231.0,0x4732dfd34d3506b9855506dc2322602a77c8494f,0x0e1cd6d2715432e4dbedfe969b0eb2867ff61d5b,0.0
17235892,1683793343.0,0xd12dd8aeb8f96d0bff6aa9c74bdf92009741d3aa,0x0e1cd6d2715432e4dbedfe969b0eb2867ff61d5b,0.0
17236016,1683794831.0,0xd12dd8aeb8f96d0bff6aa9c74bdf92009741d3aa,0x0e1cd6d2715432e4dbedfe969b0eb2867ff61d5b,0.0
