BlockHeight,TimeStamp,From,To,Value
15174518,1658252921.0,0xcbf20d6d2cacfdceaffa3f94340490d7e20c27de,,0.0
15174527,1658253070.0,0xcbf20d6d2cacfdceaffa3f94340490d7e20c27de,0x0fb1b5606783ec7aa1aa393e161395a47b08d448,0.0
15174527,1658253070.0,0xcbf20d6d2cacfdceaffa3f94340490d7e20c27de,0x0fb1b5606783ec7aa1aa393e161395a47b08d448,0.0
15174528,1658253080.0,0xcbf20d6d2cacfdceaffa3f94340490d7e20c27de,0x0fb1b5606783ec7aa1aa393e161395a47b08d448,0.0
15174528,1658253080.0,0xcbf20d6d2cacfdceaffa3f94340490d7e20c27de,0x0fb1b5606783ec7aa1aa393e161395a47b08d448,0.0
15174528,1658253080.0,0xcbf20d6d2cacfdceaffa3f94340490d7e20c27de,0x0fb1b5606783ec7aa1aa393e161395a47b08d448,0.0
15174528,1658253080.0,0xcbf20d6d2cacfdceaffa3f94340490d7e20c27de,0x0fb1b5606783ec7aa1aa393e161395a47b08d448,0.0
15174528,1658253080.0,0xcbf20d6d2cacfdceaffa3f94340490d7e20c27de,0x0fb1b5606783ec7aa1aa393e161395a47b08d448,0.0
15174530,1658253101.0,0xcbf20d6d2cacfdceaffa3f94340490d7e20c27de,0x0fb1b5606783ec7aa1aa393e161395a47b08d448,0.0
15174530,1658253101.0,0xcbf20d6d2cacfdceaffa3f94340490d7e20c27de,0x0fb1b5606783ec7aa1aa393e161395a47b08d448,0.0
15174530,1658253101.0,0xcbf20d6d2cacfdceaffa3f94340490d7e20c27de,0x0fb1b5606783ec7aa1aa393e161395a47b08d448,0.0
15174530,1658253101.0,0xcbf20d6d2cacfdceaffa3f94340490d7e20c27de,0x0fb1b5606783ec7aa1aa393e161395a47b08d448,0.0
