BlockHeight,TimeStamp,From,To,Value
16142683,1670534975.0,0x69a5235a9612f2935c0846ac1a010f842a9a0954,0x1055839cf88eceb30a7cdb74afbd1d0f922cf9dd,0.0391188051623121
16143010,1670538923.0,0xc95c3a171d902d018d751a7287db87fd995d101c,0x1055839cf88eceb30a7cdb74afbd1d0f922cf9dd,0.0296780622958066
16147071,1670588051.0,0x8ee9361e8732f3aa0f9fd7d5937eb97c368f6443,0x1055839cf88eceb30a7cdb74afbd1d0f922cf9dd,0.0051878520848
16147750,1670596259.0,0x1055839cf88eceb30a7cdb74afbd1d0f922cf9dd,0x8ec45264fc1e1d58747684fbac4ea1eb9a99c9d9,0.0235997682683728
16384069,1673446127.0,0x1055839cf88eceb30a7cdb74afbd1d0f922cf9dd,0x8ec45264fc1e1d58747684fbac4ea1eb9a99c9d9,0.0120223013690395
16435059,1674061391.0,0x1055839cf88eceb30a7cdb74afbd1d0f922cf9dd,0xc95c3a171d902d018d751a7287db87fd995d101c,0.0032783125422037
16526592,1675165523.0,0x1055839cf88eceb30a7cdb74afbd1d0f922cf9dd,0xf05cd51b99122666ab5450a6817dbaf46508575a,0.0095492134631177
16557968,1675544471.0,0x1055839cf88eceb30a7cdb74afbd1d0f922cf9dd,,0.0
16561087,1675582043.0,0xf05cd51b99122666ab5450a6817dbaf46508575a,0x1055839cf88eceb30a7cdb74afbd1d0f922cf9dd,0.015135572658884
16562149,1675594823.0,0x1055839cf88eceb30a7cdb74afbd1d0f922cf9dd,0xf05cd51b99122666ab5450a6817dbaf46508575a,0.0095842817778842
16562157,1675594919.0,0xf05cd51b99122666ab5450a6817dbaf46508575a,0x1055839cf88eceb30a7cdb74afbd1d0f922cf9dd,0.0091446093104402
16562194,1675595375.0,0x1055839cf88eceb30a7cdb74afbd1d0f922cf9dd,0xf05cd51b99122666ab5450a6817dbaf46508575a,0.008393536976528
16562215,1675595627.0,0xf05cd51b99122666ab5450a6817dbaf46508575a,0x1055839cf88eceb30a7cdb74afbd1d0f922cf9dd,0.008041960050716
16669271,1676890235.0,0x1055839cf88eceb30a7cdb74afbd1d0f922cf9dd,0x511b158d6e6b27875e55101436f9954518be9471,0.0
16751331,1677887327.0,0x1055839cf88eceb30a7cdb74afbd1d0f922cf9dd,0x2e567c2231d44f0cb6513751f1f1afd9a34cc6e3,0.0
17452609,1686434615.0,0x1055839cf88eceb30a7cdb74afbd1d0f922cf9dd,0xa0b86991c6218b36c1d19d4a2e9eb0ce3606eb48,0.0
17452610,1686434627.0,0x1055839cf88eceb30a7cdb74afbd1d0f922cf9dd,0xa0b86991c6218b36c1d19d4a2e9eb0ce3606eb48,0.0
17452610,1686434627.0,0x1055839cf88eceb30a7cdb74afbd1d0f922cf9dd,0xa0b86991c6218b36c1d19d4a2e9eb0ce3606eb48,0.0
17452614,1686434675.0,0x1055839cf88eceb30a7cdb74afbd1d0f922cf9dd,0xa0b86991c6218b36c1d19d4a2e9eb0ce3606eb48,0.0
17452614,1686434675.0,0x1055839cf88eceb30a7cdb74afbd1d0f922cf9dd,0xa0b86991c6218b36c1d19d4a2e9eb0ce3606eb48,0.0
17506785,1687092791.0,0x1055839cf88eceb30a7cdb74afbd1d0f922cf9dd,0xc0134b5b924c2fca106efb33c45446c466fbe03e,0.0
17515002,1687192403.0,0x90253f80c1d6778b0115c3865de015401c3d41fb,0x1055839cf88eceb30a7cdb74afbd1d0f922cf9dd,0.0291107036668345
17528972,1687361843.0,0xe2b38dbef3febfb7cb5cd38e0a707e631ead8b98,0x1055839cf88eceb30a7cdb74afbd1d0f922cf9dd,0.522019286984
17529145,1687363943.0,0x1055839cf88eceb30a7cdb74afbd1d0f922cf9dd,0x62b8a2c3da4e9095816cd6cb3415c06f44273f97,0.51
17530797,1687383947.0,0x1055839cf88eceb30a7cdb74afbd1d0f922cf9dd,0x1055839cf88eceb30a7cdb74afbd1d0f922cf9dd,0.0
17530797,1687383947.0,0x1055839cf88eceb30a7cdb74afbd1d0f922cf9dd,0x1055839cf88eceb30a7cdb74afbd1d0f922cf9dd,0.0
17534961,1687434503.0,0x1055839cf88eceb30a7cdb74afbd1d0f922cf9dd,,0.0
17542549,1687526723.0,0x1055839cf88eceb30a7cdb74afbd1d0f922cf9dd,0xff51cfa4be2bfa30c24a4cc200d973dc9413036e,0.0291483154218924
17542554,1687526783.0,0x1055839cf88eceb30a7cdb74afbd1d0f922cf9dd,0xff51cfa4be2bfa30c24a4cc200d973dc9413036e,0.0
17542554,1687526783.0,0xff51cfa4be2bfa30c24a4cc200d973dc9413036e,0x1055839cf88eceb30a7cdb74afbd1d0f922cf9dd,0.0291483154218924
17548600,1687600163.0,0x844515d66ecf78b92ad51da589aba9f9a0b4dfaa,0x1055839cf88eceb30a7cdb74afbd1d0f922cf9dd,0.0689868309493561
17549519,1687611395.0,0x1055839cf88eceb30a7cdb74afbd1d0f922cf9dd,0x6982508145454ce325ddbe47a25d4ec3d2311933,0.0
17556307,1687693835.0,0x1055839cf88eceb30a7cdb74afbd1d0f922cf9dd,0xff51cfa4be2bfa30c24a4cc200d973dc9413036e,0.0
17556307,1687693835.0,0xff51cfa4be2bfa30c24a4cc200d973dc9413036e,0x1055839cf88eceb30a7cdb74afbd1d0f922cf9dd,0.0538587490789378
17556392,1687694855.0,0x1055839cf88eceb30a7cdb74afbd1d0f922cf9dd,0xba5e6815393fb0f103772dc14903077c128d529d,0.0522
17557010,1687702343.0,0x1055839cf88eceb30a7cdb74afbd1d0f922cf9dd,0xdac17f958d2ee523a2206206994597c13d831ec7,0.0
17558757,1687723559.0,0x1055839cf88eceb30a7cdb74afbd1d0f922cf9dd,0x2fe33ec93eaac55118a54d8708b1169c57e51a6f,0.00251
17563095,1687776395.0,0x1055839cf88eceb30a7cdb74afbd1d0f922cf9dd,0xf2e9736af7171244fa4d34ea35b9de1c070b8cd1,0.0054866616
17563216,1687777859.0,0x1055839cf88eceb30a7cdb74afbd1d0f922cf9dd,0x55ac0a92fc9436f6ba30162cfdd05a17060b889b,0.025279
17563604,1687782575.0,0x1055839cf88eceb30a7cdb74afbd1d0f922cf9dd,0xa0b86991c6218b36c1d19d4a2e9eb0ce3606eb48,0.0
17563606,1687782599.0,0x1055839cf88eceb30a7cdb74afbd1d0f922cf9dd,0xa0b86991c6218b36c1d19d4a2e9eb0ce3606eb48,0.0
17564348,1687791587.0,0x1055839cf88eceb30a7cdb74afbd1d0f922cf9dd,0xdac17f958d2ee523a2206206994597c13d831ec7,0.0
17580026,1687982015.0,0x1055839cf88eceb30a7cdb74afbd1d0f922cf9dd,0x24e89bdf2f65326b94e36978a7edeac63623dafa,0.0
17583464,1688023631.0,0x1055839cf88eceb30a7cdb74afbd1d0f922cf9dd,0xc3f35575dc9bf69f1a402c0d26a7775eaf3162f5,0.00558266
17585735,1688051111.0,0x1055839cf88eceb30a7cdb74afbd1d0f922cf9dd,0xfa1fd6b4269809952f91c28708a2071d14463e13,0.01470496
17585827,1688052215.0,0x1055839cf88eceb30a7cdb74afbd1d0f922cf9dd,0xff51cfa4be2bfa30c24a4cc200d973dc9413036e,0.0
17585827,1688052215.0,0xff51cfa4be2bfa30c24a4cc200d973dc9413036e,0x1055839cf88eceb30a7cdb74afbd1d0f922cf9dd,0.416002884013864
17585930,1688053463.0,0x1055839cf88eceb30a7cdb74afbd1d0f922cf9dd,0x4ffeefa35ef5b9660bf75f80b27553f1077fcfc1,0.4
17590908,1688113715.0,0x1055839cf88eceb30a7cdb74afbd1d0f922cf9dd,0x34e158883efc81c5d92fde785fba48db738711ee,0.022476
17599241,1688214947.0,0x1055839cf88eceb30a7cdb74afbd1d0f922cf9dd,0xa0b86991c6218b36c1d19d4a2e9eb0ce3606eb48,0.0
17599243,1688214971.0,0x1055839cf88eceb30a7cdb74afbd1d0f922cf9dd,0x34e158883efc81c5d92fde785fba48db738711ee,1e-18
17620384,1688471555.0,0xff51cfa4be2bfa30c24a4cc200d973dc9413036e,0x1055839cf88eceb30a7cdb74afbd1d0f922cf9dd,0.014134048819741
17620384,1688471555.0,0x1055839cf88eceb30a7cdb74afbd1d0f922cf9dd,0xff51cfa4be2bfa30c24a4cc200d973dc9413036e,0.0
17621815,1688489015.0,0x1055839cf88eceb30a7cdb74afbd1d0f922cf9dd,0x85123f0cee9f6cb5f61dd71a0e530a160e259e6c,0.011342
17627101,1688553107.0,0x4976a4a02f38326660d17bf34b431dc6e2eb2327,0x1055839cf88eceb30a7cdb74afbd1d0f922cf9dd,0.009006
17627214,1688554463.0,0x1055839cf88eceb30a7cdb74afbd1d0f922cf9dd,0x1055839cf88eceb30a7cdb74afbd1d0f922cf9dd,0.0
17627215,1688554475.0,0x1055839cf88eceb30a7cdb74afbd1d0f922cf9dd,0xdf0b12b53630cee768f482bf6bca5ad22771dac0,0.00779536
17714984,1689621191.0,0x233ea0bbb983841d9368e4f6e31568ffd9810cb7,0x1055839cf88eceb30a7cdb74afbd1d0f922cf9dd,0.0065484816159337
17719908,1689680759.0,0x1055839cf88eceb30a7cdb74afbd1d0f922cf9dd,0xd44183c76667d7441b4a3ad144acc80907338c30,0.00406
17884856,1691674979.0,0x1055839cf88eceb30a7cdb74afbd1d0f922cf9dd,0x3432b6a60d23ca0dfca7761b7ab56459d9c964d0,0.0
17921409,1692116651.0,0x95ce921b98f71a46438e39f33ee2a48222806bf2,0x1055839cf88eceb30a7cdb74afbd1d0f922cf9dd,0.00610306120701
18091308,1694171387.0,0x1055839cf88eceb30a7cdb74afbd1d0f922cf9dd,0x412af0b7cacf1111558d781d13ab1a7ece23f21b,0.00369
19020888,1705425407.0,0x1055839cf88eceb30a7cdb74afbd1d0f922cf9dd,0x8561804e560c8e905015724a677310d9ba4d5bb6,0.00971
