BlockHeight,TimeStamp,From,To,Value
15153606,1657972623.0,0xfdcef6b10ef2cbd6a2569338edfe2a03bdbaee38,,0.0
15153612,1657972711.0,0xfdcef6b10ef2cbd6a2569338edfe2a03bdbaee38,0x124a743ef8c391ea2e3cf8271c3050dee045d9b9,0.0
15153613,1657972721.0,0xfdcef6b10ef2cbd6a2569338edfe2a03bdbaee38,0x124a743ef8c391ea2e3cf8271c3050dee045d9b9,0.0
15153613,1657972721.0,0xfdcef6b10ef2cbd6a2569338edfe2a03bdbaee38,0x124a743ef8c391ea2e3cf8271c3050dee045d9b9,0.0
15153614,1657972738.0,0xfdcef6b10ef2cbd6a2569338edfe2a03bdbaee38,0x124a743ef8c391ea2e3cf8271c3050dee045d9b9,0.0
15153614,1657972738.0,0xfdcef6b10ef2cbd6a2569338edfe2a03bdbaee38,0x124a743ef8c391ea2e3cf8271c3050dee045d9b9,0.0
15153615,1657972759.0,0xfdcef6b10ef2cbd6a2569338edfe2a03bdbaee38,0x124a743ef8c391ea2e3cf8271c3050dee045d9b9,0.0
15153615,1657972759.0,0xfdcef6b10ef2cbd6a2569338edfe2a03bdbaee38,0x124a743ef8c391ea2e3cf8271c3050dee045d9b9,0.0
15153616,1657972783.0,0xfdcef6b10ef2cbd6a2569338edfe2a03bdbaee38,0x124a743ef8c391ea2e3cf8271c3050dee045d9b9,0.0
15153616,1657972783.0,0xfdcef6b10ef2cbd6a2569338edfe2a03bdbaee38,0x124a743ef8c391ea2e3cf8271c3050dee045d9b9,0.0
15153619,1657972797.0,0xfdcef6b10ef2cbd6a2569338edfe2a03bdbaee38,0x124a743ef8c391ea2e3cf8271c3050dee045d9b9,0.0
15153620,1657972815.0,0xfdcef6b10ef2cbd6a2569338edfe2a03bdbaee38,0x124a743ef8c391ea2e3cf8271c3050dee045d9b9,0.0
15153621,1657972819.0,0xfdcef6b10ef2cbd6a2569338edfe2a03bdbaee38,0x124a743ef8c391ea2e3cf8271c3050dee045d9b9,0.0
15153624,1657972833.0,0xfdcef6b10ef2cbd6a2569338edfe2a03bdbaee38,0x124a743ef8c391ea2e3cf8271c3050dee045d9b9,0.0
15153627,1657972881.0,0xfdcef6b10ef2cbd6a2569338edfe2a03bdbaee38,0x124a743ef8c391ea2e3cf8271c3050dee045d9b9,0.0
15153627,1657972881.0,0xfdcef6b10ef2cbd6a2569338edfe2a03bdbaee38,0x124a743ef8c391ea2e3cf8271c3050dee045d9b9,0.0
15153627,1657972881.0,0xfdcef6b10ef2cbd6a2569338edfe2a03bdbaee38,0x124a743ef8c391ea2e3cf8271c3050dee045d9b9,0.0
15153627,1657972881.0,0xfdcef6b10ef2cbd6a2569338edfe2a03bdbaee38,0x124a743ef8c391ea2e3cf8271c3050dee045d9b9,0.0
15153627,1657972881.0,0xfdcef6b10ef2cbd6a2569338edfe2a03bdbaee38,0x124a743ef8c391ea2e3cf8271c3050dee045d9b9,0.0
15153628,1657972889.0,0xfdcef6b10ef2cbd6a2569338edfe2a03bdbaee38,0x124a743ef8c391ea2e3cf8271c3050dee045d9b9,0.0
15153629,1657972893.0,0xfdcef6b10ef2cbd6a2569338edfe2a03bdbaee38,0x124a743ef8c391ea2e3cf8271c3050dee045d9b9,0.0
15153632,1657972961.0,0xfdcef6b10ef2cbd6a2569338edfe2a03bdbaee38,0x124a743ef8c391ea2e3cf8271c3050dee045d9b9,0.0
15153632,1657972961.0,0xfdcef6b10ef2cbd6a2569338edfe2a03bdbaee38,0x124a743ef8c391ea2e3cf8271c3050dee045d9b9,0.0
15153632,1657972961.0,0xfdcef6b10ef2cbd6a2569338edfe2a03bdbaee38,0x124a743ef8c391ea2e3cf8271c3050dee045d9b9,0.0
15153632,1657972961.0,0xfdcef6b10ef2cbd6a2569338edfe2a03bdbaee38,0x124a743ef8c391ea2e3cf8271c3050dee045d9b9,0.0
15153632,1657972961.0,0xfdcef6b10ef2cbd6a2569338edfe2a03bdbaee38,0x124a743ef8c391ea2e3cf8271c3050dee045d9b9,0.0
15153633,1657972966.0,0xfdcef6b10ef2cbd6a2569338edfe2a03bdbaee38,0x124a743ef8c391ea2e3cf8271c3050dee045d9b9,0.0
15153709,1657974017.0,0x3cce4ba46114469ad35edeac9c0a7eddca8eb4b3,0x124a743ef8c391ea2e3cf8271c3050dee045d9b9,0.0
15153723,1657974162.0,0x3cce4ba46114469ad35edeac9c0a7eddca8eb4b3,0x124a743ef8c391ea2e3cf8271c3050dee045d9b9,0.0
15178751,1658310216.0,0x3de24cb446d0f984057c2209b0897242259c050d,0x124a743ef8c391ea2e3cf8271c3050dee045d9b9,0.0
15178753,1658310243.0,0x3de24cb446d0f984057c2209b0897242259c050d,0x124a743ef8c391ea2e3cf8271c3050dee045d9b9,0.0
15228328,1658975702.0,0x3e0aa189d6f802e77cacdb8fd14df75c3db9dca1,0x124a743ef8c391ea2e3cf8271c3050dee045d9b9,0.0
15235894,1659077847.0,0x3e0aa189d6f802e77cacdb8fd14df75c3db9dca1,0x124a743ef8c391ea2e3cf8271c3050dee045d9b9,0.0
15440282,1661861373.0,0x30b0840deecf12029231d61d869f597b17edcfe5,0x124a743ef8c391ea2e3cf8271c3050dee045d9b9,0.0
15440425,1661863402.0,0x30b0840deecf12029231d61d869f597b17edcfe5,0x124a743ef8c391ea2e3cf8271c3050dee045d9b9,0.0
15596514,1663941731.0,0x3cce4ba46114469ad35edeac9c0a7eddca8eb4b3,0x124a743ef8c391ea2e3cf8271c3050dee045d9b9,0.0
15596535,1663941983.0,0x3cce4ba46114469ad35edeac9c0a7eddca8eb4b3,0x124a743ef8c391ea2e3cf8271c3050dee045d9b9,0.0
15797045,1666362131.0,0x4b878719af160b0ea2e5d7affd6cce43715610c1,0x124a743ef8c391ea2e3cf8271c3050dee045d9b9,0.0
16107477,1670109011.0,0x3cce4ba46114469ad35edeac9c0a7eddca8eb4b3,0x124a743ef8c391ea2e3cf8271c3050dee045d9b9,0.0
16164186,1670794523.0,0x3cce4ba46114469ad35edeac9c0a7eddca8eb4b3,0x124a743ef8c391ea2e3cf8271c3050dee045d9b9,0.0
