BlockHeight,TimeStamp,From,To,Value
14657831,1650944194.0,0x6a34432206cacb76958be66aba0ccaff87aed440,,0.0
14657945,1650945663.0,0x4ca13b7c8f73444f227203e0f5f910ac3297bea2,0x144c5b5141cdab13e5b5b22165bf6688ac7212bc,0.0
14657960,1650945875.0,0x6a34432206cacb76958be66aba0ccaff87aed440,0x144c5b5141cdab13e5b5b22165bf6688ac7212bc,0.0
14657976,1650946091.0,0x4ca13b7c8f73444f227203e0f5f910ac3297bea2,0x144c5b5141cdab13e5b5b22165bf6688ac7212bc,0.0
14658032,1650946827.0,0x6a34432206cacb76958be66aba0ccaff87aed440,0x144c5b5141cdab13e5b5b22165bf6688ac7212bc,0.0
14658209,1650949071.0,0x6a34432206cacb76958be66aba0ccaff87aed440,0x144c5b5141cdab13e5b5b22165bf6688ac7212bc,0.0
14658349,1650950920.0,0x6a34432206cacb76958be66aba0ccaff87aed440,0x144c5b5141cdab13e5b5b22165bf6688ac7212bc,0.0
14658505,1650953044.0,0x6a34432206cacb76958be66aba0ccaff87aed440,0x144c5b5141cdab13e5b5b22165bf6688ac7212bc,0.0
14658781,1650957093.0,0x6a34432206cacb76958be66aba0ccaff87aed440,0x144c5b5141cdab13e5b5b22165bf6688ac7212bc,0.0
14658907,1650958929.0,0x6a34432206cacb76958be66aba0ccaff87aed440,0x144c5b5141cdab13e5b5b22165bf6688ac7212bc,0.0
14659076,1650961167.0,0x6a34432206cacb76958be66aba0ccaff87aed440,0x144c5b5141cdab13e5b5b22165bf6688ac7212bc,0.0
14659149,1650962309.0,0x6dd4cd3f794b136d3509d9eda2d233c1890d438d,0x144c5b5141cdab13e5b5b22165bf6688ac7212bc,0.12
14659215,1650963345.0,0x6a34432206cacb76958be66aba0ccaff87aed440,0x144c5b5141cdab13e5b5b22165bf6688ac7212bc,0.0
14659530,1650967483.0,0x6a34432206cacb76958be66aba0ccaff87aed440,0x144c5b5141cdab13e5b5b22165bf6688ac7212bc,0.0
14659921,1650972921.0,0x6a34432206cacb76958be66aba0ccaff87aed440,0x144c5b5141cdab13e5b5b22165bf6688ac7212bc,0.0
14659946,1650973362.0,0x6a34432206cacb76958be66aba0ccaff87aed440,0x144c5b5141cdab13e5b5b22165bf6688ac7212bc,0.0
14660147,1650976055.0,0x6a34432206cacb76958be66aba0ccaff87aed440,0x144c5b5141cdab13e5b5b22165bf6688ac7212bc,0.0
14660270,1650977814.0,0x6a34432206cacb76958be66aba0ccaff87aed440,0x144c5b5141cdab13e5b5b22165bf6688ac7212bc,0.0
14660685,1650983560.0,0x6a34432206cacb76958be66aba0ccaff87aed440,0x144c5b5141cdab13e5b5b22165bf6688ac7212bc,0.0
14661011,1650988199.0,0xf8f2c3451286f9f1585b5e6602b562cbbfc48d6c,0x144c5b5141cdab13e5b5b22165bf6688ac7212bc,0.6
14661011,1650988199.0,0x6a34432206cacb76958be66aba0ccaff87aed440,0x144c5b5141cdab13e5b5b22165bf6688ac7212bc,0.0
14661240,1650991261.0,0x6a34432206cacb76958be66aba0ccaff87aed440,0x144c5b5141cdab13e5b5b22165bf6688ac7212bc,0.0
14662722,1651011447.0,0x6a34432206cacb76958be66aba0ccaff87aed440,0x144c5b5141cdab13e5b5b22165bf6688ac7212bc,0.0
14662722,1651011447.0,0x144c5b5141cdab13e5b5b22165bf6688ac7212bc,0x9ffc07d0e216653cb01cd8fdb86198c77d7ad63f,0.72
