BlockHeight,TimeStamp,From,To,Value
14830360,1653319642.0,0xf3c10ddbe5f6562a9a7b1038186b15d5a72fff00,,0.0
14830473,1653321346.0,0xf3c10ddbe5f6562a9a7b1038186b15d5a72fff00,0x142eaba1ace3649afbb2eb0fe2133a0caf984e77,0.0
14830485,1653321492.0,0xf3c10ddbe5f6562a9a7b1038186b15d5a72fff00,0x142eaba1ace3649afbb2eb0fe2133a0caf984e77,0.0
14830490,1653321587.0,0xf3c10ddbe5f6562a9a7b1038186b15d5a72fff00,0x142eaba1ace3649afbb2eb0fe2133a0caf984e77,0.0
14830505,1653321774.0,0xf3c10ddbe5f6562a9a7b1038186b15d5a72fff00,0x142eaba1ace3649afbb2eb0fe2133a0caf984e77,0.0
14830527,1653322045.0,0xf3c10ddbe5f6562a9a7b1038186b15d5a72fff00,0x142eaba1ace3649afbb2eb0fe2133a0caf984e77,0.0
14830546,1653322286.0,0xf3c10ddbe5f6562a9a7b1038186b15d5a72fff00,0x142eaba1ace3649afbb2eb0fe2133a0caf984e77,0.0
14830559,1653322482.0,0xf3c10ddbe5f6562a9a7b1038186b15d5a72fff00,0x142eaba1ace3649afbb2eb0fe2133a0caf984e77,0.0
14830571,1653322632.0,0xf3c10ddbe5f6562a9a7b1038186b15d5a72fff00,0x142eaba1ace3649afbb2eb0fe2133a0caf984e77,0.0
14830582,1653322839.0,0xf3c10ddbe5f6562a9a7b1038186b15d5a72fff00,0x142eaba1ace3649afbb2eb0fe2133a0caf984e77,0.0
14830596,1653323048.0,0xf3c10ddbe5f6562a9a7b1038186b15d5a72fff00,0x142eaba1ace3649afbb2eb0fe2133a0caf984e77,0.0
14830608,1653323188.0,0xf3c10ddbe5f6562a9a7b1038186b15d5a72fff00,0x142eaba1ace3649afbb2eb0fe2133a0caf984e77,0.0
