BlockHeight,TimeStamp,From,To,Value
14455124,1648207253.0,0x3fecd0921eb4ecd8ce5afed32729923ef0ec2e63,,0.0
14455901,1648217455.0,0x3fecd0921eb4ecd8ce5afed32729923ef0ec2e63,0x14f1495e78fdf6733e4f340798a5822daf7ba3af,0.0
14461306,1648290535.0,0x3fecd0921eb4ecd8ce5afed32729923ef0ec2e63,0x14f1495e78fdf6733e4f340798a5822daf7ba3af,0.0
14461450,1648292446.0,0x3fecd0921eb4ecd8ce5afed32729923ef0ec2e63,0x14f1495e78fdf6733e4f340798a5822daf7ba3af,0.0
14461456,1648292520.0,0x3fecd0921eb4ecd8ce5afed32729923ef0ec2e63,0x14f1495e78fdf6733e4f340798a5822daf7ba3af,0.0
14467061,1648368582.0,0x3fecd0921eb4ecd8ce5afed32729923ef0ec2e63,0x14f1495e78fdf6733e4f340798a5822daf7ba3af,0.0
14467066,1648368621.0,0x3fecd0921eb4ecd8ce5afed32729923ef0ec2e63,0x14f1495e78fdf6733e4f340798a5822daf7ba3af,0.0
14467073,1648368666.0,0x3fecd0921eb4ecd8ce5afed32729923ef0ec2e63,0x14f1495e78fdf6733e4f340798a5822daf7ba3af,0.0
14467115,1648369348.0,0x3fecd0921eb4ecd8ce5afed32729923ef0ec2e63,0x14f1495e78fdf6733e4f340798a5822daf7ba3af,0.0
14467123,1648369480.0,0x3fecd0921eb4ecd8ce5afed32729923ef0ec2e63,0x14f1495e78fdf6733e4f340798a5822daf7ba3af,0.0
14467416,1648373374.0,0x3fecd0921eb4ecd8ce5afed32729923ef0ec2e63,0x14f1495e78fdf6733e4f340798a5822daf7ba3af,0.0
14467419,1648373426.0,0x3fecd0921eb4ecd8ce5afed32729923ef0ec2e63,0x14f1495e78fdf6733e4f340798a5822daf7ba3af,0.0
14467419,1648373426.0,0x3fecd0921eb4ecd8ce5afed32729923ef0ec2e63,0x14f1495e78fdf6733e4f340798a5822daf7ba3af,0.0
14467420,1648373442.0,0x3fecd0921eb4ecd8ce5afed32729923ef0ec2e63,0x14f1495e78fdf6733e4f340798a5822daf7ba3af,0.0
14467438,1648373696.0,0x3fecd0921eb4ecd8ce5afed32729923ef0ec2e63,0x14f1495e78fdf6733e4f340798a5822daf7ba3af,0.0
14468845,1648392112.0,0x3fecd0921eb4ecd8ce5afed32729923ef0ec2e63,0x14f1495e78fdf6733e4f340798a5822daf7ba3af,0.0
