BlockHeight,TimeStamp,From,To,Value
15631770,1664367311.0,0xdf120a3e36ba6bf32752e47d2d827c1ddd848bab,,0.0
15631776,1664367383.0,0xdf120a3e36ba6bf32752e47d2d827c1ddd848bab,0x14d1b27d79e97e96622618f9d4fa9b1e1e9ef082,0.0
15631790,1664367551.0,0xdf120a3e36ba6bf32752e47d2d827c1ddd848bab,0x14d1b27d79e97e96622618f9d4fa9b1e1e9ef082,0.0
15631793,1664367587.0,0xdf120a3e36ba6bf32752e47d2d827c1ddd848bab,0x14d1b27d79e97e96622618f9d4fa9b1e1e9ef082,0.0
15631794,1664367599.0,0xdf120a3e36ba6bf32752e47d2d827c1ddd848bab,0x14d1b27d79e97e96622618f9d4fa9b1e1e9ef082,0.0
15631795,1664367611.0,0xdf120a3e36ba6bf32752e47d2d827c1ddd848bab,0x14d1b27d79e97e96622618f9d4fa9b1e1e9ef082,0.0
15631797,1664367635.0,0xdf120a3e36ba6bf32752e47d2d827c1ddd848bab,0x14d1b27d79e97e96622618f9d4fa9b1e1e9ef082,0.0
15631798,1664367647.0,0xdf120a3e36ba6bf32752e47d2d827c1ddd848bab,0x14d1b27d79e97e96622618f9d4fa9b1e1e9ef082,0.0
15631798,1664367647.0,0xdf120a3e36ba6bf32752e47d2d827c1ddd848bab,0x14d1b27d79e97e96622618f9d4fa9b1e1e9ef082,0.0
15631800,1664367671.0,0xdf120a3e36ba6bf32752e47d2d827c1ddd848bab,0x14d1b27d79e97e96622618f9d4fa9b1e1e9ef082,0.0
15631801,1664367683.0,0xdf120a3e36ba6bf32752e47d2d827c1ddd848bab,0x14d1b27d79e97e96622618f9d4fa9b1e1e9ef082,0.0
15631802,1664367695.0,0xdf120a3e36ba6bf32752e47d2d827c1ddd848bab,0x14d1b27d79e97e96622618f9d4fa9b1e1e9ef082,0.0
15631806,1664367743.0,0xdf120a3e36ba6bf32752e47d2d827c1ddd848bab,0x14d1b27d79e97e96622618f9d4fa9b1e1e9ef082,0.0
15631809,1664367779.0,0xdf120a3e36ba6bf32752e47d2d827c1ddd848bab,0x14d1b27d79e97e96622618f9d4fa9b1e1e9ef082,0.0
15658235,1664686895.0,0x0b163a1dfe27aea4af3628d1dd8bb403f25f8cdd,0x14d1b27d79e97e96622618f9d4fa9b1e1e9ef082,0.0
15848559,1666984187.0,0x7806ac7443c67575d039ca87bfa98773b8594552,0x14d1b27d79e97e96622618f9d4fa9b1e1e9ef082,0.0
