BlockHeight,TimeStamp,From,To,Value
15195522,1658533975.0,0x959f8d9cfded6d8c0b734dddb700406f03b317aa,,0.0
15195750,1658537025.0,0x959f8d9cfded6d8c0b734dddb700406f03b317aa,0x141c7c124e574a9be8a2ee654ac3b0ddc2d884be,0.0
15195753,1658537041.0,0x959f8d9cfded6d8c0b734dddb700406f03b317aa,0x141c7c124e574a9be8a2ee654ac3b0ddc2d884be,0.0
15195785,1658537363.0,0x959f8d9cfded6d8c0b734dddb700406f03b317aa,0x141c7c124e574a9be8a2ee654ac3b0ddc2d884be,0.0
15195804,1658537712.0,0x959f8d9cfded6d8c0b734dddb700406f03b317aa,0x141c7c124e574a9be8a2ee654ac3b0ddc2d884be,0.0
15195819,1658537960.0,0x959f8d9cfded6d8c0b734dddb700406f03b317aa,0x141c7c124e574a9be8a2ee654ac3b0ddc2d884be,0.0
15195843,1658538217.0,0x959f8d9cfded6d8c0b734dddb700406f03b317aa,0x141c7c124e574a9be8a2ee654ac3b0ddc2d884be,0.0
15195862,1658538436.0,0x959f8d9cfded6d8c0b734dddb700406f03b317aa,0x141c7c124e574a9be8a2ee654ac3b0ddc2d884be,0.0
15195881,1658538670.0,0x959f8d9cfded6d8c0b734dddb700406f03b317aa,0x141c7c124e574a9be8a2ee654ac3b0ddc2d884be,0.0
15195903,1658538942.0,0x959f8d9cfded6d8c0b734dddb700406f03b317aa,0x141c7c124e574a9be8a2ee654ac3b0ddc2d884be,0.0
15195921,1658539191.0,0x959f8d9cfded6d8c0b734dddb700406f03b317aa,0x141c7c124e574a9be8a2ee654ac3b0ddc2d884be,0.0
15195951,1658539451.0,0x959f8d9cfded6d8c0b734dddb700406f03b317aa,0x141c7c124e574a9be8a2ee654ac3b0ddc2d884be,0.0
15195965,1658539653.0,0x959f8d9cfded6d8c0b734dddb700406f03b317aa,0x141c7c124e574a9be8a2ee654ac3b0ddc2d884be,0.0
15195982,1658539857.0,0x959f8d9cfded6d8c0b734dddb700406f03b317aa,0x141c7c124e574a9be8a2ee654ac3b0ddc2d884be,0.0
15196007,1658540163.0,0x959f8d9cfded6d8c0b734dddb700406f03b317aa,0x141c7c124e574a9be8a2ee654ac3b0ddc2d884be,0.0
15196042,1658540640.0,0x959f8d9cfded6d8c0b734dddb700406f03b317aa,0x141c7c124e574a9be8a2ee654ac3b0ddc2d884be,0.0
15196068,1658540911.0,0x959f8d9cfded6d8c0b734dddb700406f03b317aa,0x141c7c124e574a9be8a2ee654ac3b0ddc2d884be,0.0
15196094,1658541355.0,0x959f8d9cfded6d8c0b734dddb700406f03b317aa,0x141c7c124e574a9be8a2ee654ac3b0ddc2d884be,0.0
15196119,1658541746.0,0x959f8d9cfded6d8c0b734dddb700406f03b317aa,0x141c7c124e574a9be8a2ee654ac3b0ddc2d884be,0.0
15196142,1658542004.0,0x959f8d9cfded6d8c0b734dddb700406f03b317aa,0x141c7c124e574a9be8a2ee654ac3b0ddc2d884be,0.0
15196146,1658542054.0,0x959f8d9cfded6d8c0b734dddb700406f03b317aa,0x141c7c124e574a9be8a2ee654ac3b0ddc2d884be,0.0
15196180,1658542447.0,0x959f8d9cfded6d8c0b734dddb700406f03b317aa,0x141c7c124e574a9be8a2ee654ac3b0ddc2d884be,0.0
15196212,1658542850.0,0x959f8d9cfded6d8c0b734dddb700406f03b317aa,0x141c7c124e574a9be8a2ee654ac3b0ddc2d884be,0.0
15196223,1658542949.0,0x959f8d9cfded6d8c0b734dddb700406f03b317aa,0x141c7c124e574a9be8a2ee654ac3b0ddc2d884be,0.0
15196234,1658543113.0,0x73afd4890840f8bf3ccad82a201d1f56043aa92a,0x141c7c124e574a9be8a2ee654ac3b0ddc2d884be,0.0
15196244,1658543296.0,0x959f8d9cfded6d8c0b734dddb700406f03b317aa,0x141c7c124e574a9be8a2ee654ac3b0ddc2d884be,0.0
15196295,1658544107.0,0x959f8d9cfded6d8c0b734dddb700406f03b317aa,0x141c7c124e574a9be8a2ee654ac3b0ddc2d884be,0.0
15196317,1658544388.0,0x959f8d9cfded6d8c0b734dddb700406f03b317aa,0x141c7c124e574a9be8a2ee654ac3b0ddc2d884be,0.0
15196362,1658544884.0,0x959f8d9cfded6d8c0b734dddb700406f03b317aa,0x141c7c124e574a9be8a2ee654ac3b0ddc2d884be,0.0
15196395,1658545386.0,0x959f8d9cfded6d8c0b734dddb700406f03b317aa,0x141c7c124e574a9be8a2ee654ac3b0ddc2d884be,0.0
15196432,1658545866.0,0x959f8d9cfded6d8c0b734dddb700406f03b317aa,0x141c7c124e574a9be8a2ee654ac3b0ddc2d884be,0.0
15196481,1658546361.0,0x959f8d9cfded6d8c0b734dddb700406f03b317aa,0x141c7c124e574a9be8a2ee654ac3b0ddc2d884be,0.0
15196581,1658547703.0,0x5a157ee2a839437e30cfd45b25b131b47ed00e85,0x141c7c124e574a9be8a2ee654ac3b0ddc2d884be,0.0
15196586,1658547769.0,0x959f8d9cfded6d8c0b734dddb700406f03b317aa,0x141c7c124e574a9be8a2ee654ac3b0ddc2d884be,0.0
15196675,1658549156.0,0x959f8d9cfded6d8c0b734dddb700406f03b317aa,0x141c7c124e574a9be8a2ee654ac3b0ddc2d884be,0.0
15196718,1658549737.0,0x959f8d9cfded6d8c0b734dddb700406f03b317aa,0x141c7c124e574a9be8a2ee654ac3b0ddc2d884be,0.0
15196764,1658550479.0,0x959f8d9cfded6d8c0b734dddb700406f03b317aa,0x141c7c124e574a9be8a2ee654ac3b0ddc2d884be,0.0
15196800,1658550901.0,0x959f8d9cfded6d8c0b734dddb700406f03b317aa,0x141c7c124e574a9be8a2ee654ac3b0ddc2d884be,0.0
15196838,1658551354.0,0x959f8d9cfded6d8c0b734dddb700406f03b317aa,0x141c7c124e574a9be8a2ee654ac3b0ddc2d884be,0.0
15196858,1658551611.0,0x959f8d9cfded6d8c0b734dddb700406f03b317aa,0x141c7c124e574a9be8a2ee654ac3b0ddc2d884be,0.0
15196900,1658552033.0,0x959f8d9cfded6d8c0b734dddb700406f03b317aa,0x141c7c124e574a9be8a2ee654ac3b0ddc2d884be,0.0
15196932,1658552483.0,0x959f8d9cfded6d8c0b734dddb700406f03b317aa,0x141c7c124e574a9be8a2ee654ac3b0ddc2d884be,0.0
15196951,1658552807.0,0x959f8d9cfded6d8c0b734dddb700406f03b317aa,0x141c7c124e574a9be8a2ee654ac3b0ddc2d884be,0.0
15196984,1658553252.0,0x959f8d9cfded6d8c0b734dddb700406f03b317aa,0x141c7c124e574a9be8a2ee654ac3b0ddc2d884be,0.0
15197027,1658553738.0,0x959f8d9cfded6d8c0b734dddb700406f03b317aa,0x141c7c124e574a9be8a2ee654ac3b0ddc2d884be,0.0
15197071,1658554395.0,0x959f8d9cfded6d8c0b734dddb700406f03b317aa,0x141c7c124e574a9be8a2ee654ac3b0ddc2d884be,0.0
15197104,1658554902.0,0x959f8d9cfded6d8c0b734dddb700406f03b317aa,0x141c7c124e574a9be8a2ee654ac3b0ddc2d884be,0.0
15197141,1658555286.0,0x959f8d9cfded6d8c0b734dddb700406f03b317aa,0x141c7c124e574a9be8a2ee654ac3b0ddc2d884be,0.0
15197161,1658555567.0,0x7da315ff4d65b21c53237fa65452f879975f54f8,0x141c7c124e574a9be8a2ee654ac3b0ddc2d884be,0.0
15197174,1658555743.0,0x959f8d9cfded6d8c0b734dddb700406f03b317aa,0x141c7c124e574a9be8a2ee654ac3b0ddc2d884be,0.0
15197196,1658556031.0,0x959f8d9cfded6d8c0b734dddb700406f03b317aa,0x141c7c124e574a9be8a2ee654ac3b0ddc2d884be,0.0
15197219,1658556336.0,0x959f8d9cfded6d8c0b734dddb700406f03b317aa,0x141c7c124e574a9be8a2ee654ac3b0ddc2d884be,0.0
15197253,1658556755.0,0x959f8d9cfded6d8c0b734dddb700406f03b317aa,0x141c7c124e574a9be8a2ee654ac3b0ddc2d884be,0.0
15197283,1658557014.0,0x959f8d9cfded6d8c0b734dddb700406f03b317aa,0x141c7c124e574a9be8a2ee654ac3b0ddc2d884be,0.0
15197325,1658557657.0,0x959f8d9cfded6d8c0b734dddb700406f03b317aa,0x141c7c124e574a9be8a2ee654ac3b0ddc2d884be,0.0
15197353,1658558154.0,0x959f8d9cfded6d8c0b734dddb700406f03b317aa,0x141c7c124e574a9be8a2ee654ac3b0ddc2d884be,0.0
15197378,1658558520.0,0x959f8d9cfded6d8c0b734dddb700406f03b317aa,0x141c7c124e574a9be8a2ee654ac3b0ddc2d884be,0.0
15197408,1658558775.0,0x959f8d9cfded6d8c0b734dddb700406f03b317aa,0x141c7c124e574a9be8a2ee654ac3b0ddc2d884be,0.0
15197447,1658559236.0,0x959f8d9cfded6d8c0b734dddb700406f03b317aa,0x141c7c124e574a9be8a2ee654ac3b0ddc2d884be,0.0
15197480,1658559657.0,0x959f8d9cfded6d8c0b734dddb700406f03b317aa,0x141c7c124e574a9be8a2ee654ac3b0ddc2d884be,0.0
15197508,1658560040.0,0x959f8d9cfded6d8c0b734dddb700406f03b317aa,0x141c7c124e574a9be8a2ee654ac3b0ddc2d884be,0.0
15197535,1658560343.0,0x959f8d9cfded6d8c0b734dddb700406f03b317aa,0x141c7c124e574a9be8a2ee654ac3b0ddc2d884be,0.0
15197550,1658560609.0,0x959f8d9cfded6d8c0b734dddb700406f03b317aa,0x141c7c124e574a9be8a2ee654ac3b0ddc2d884be,0.0
15197582,1658561006.0,0x959f8d9cfded6d8c0b734dddb700406f03b317aa,0x141c7c124e574a9be8a2ee654ac3b0ddc2d884be,0.0
15197609,1658561431.0,0x959f8d9cfded6d8c0b734dddb700406f03b317aa,0x141c7c124e574a9be8a2ee654ac3b0ddc2d884be,0.0
15197639,1658561796.0,0x959f8d9cfded6d8c0b734dddb700406f03b317aa,0x141c7c124e574a9be8a2ee654ac3b0ddc2d884be,0.0
15197668,1658562247.0,0x959f8d9cfded6d8c0b734dddb700406f03b317aa,0x141c7c124e574a9be8a2ee654ac3b0ddc2d884be,0.0
15197693,1658562590.0,0x959f8d9cfded6d8c0b734dddb700406f03b317aa,0x141c7c124e574a9be8a2ee654ac3b0ddc2d884be,0.0
15197717,1658562972.0,0x959f8d9cfded6d8c0b734dddb700406f03b317aa,0x141c7c124e574a9be8a2ee654ac3b0ddc2d884be,0.0
15197746,1658563432.0,0x959f8d9cfded6d8c0b734dddb700406f03b317aa,0x141c7c124e574a9be8a2ee654ac3b0ddc2d884be,0.0
15197782,1658563887.0,0x959f8d9cfded6d8c0b734dddb700406f03b317aa,0x141c7c124e574a9be8a2ee654ac3b0ddc2d884be,0.0
15197811,1658564240.0,0x959f8d9cfded6d8c0b734dddb700406f03b317aa,0x141c7c124e574a9be8a2ee654ac3b0ddc2d884be,0.0
15197833,1658564648.0,0x959f8d9cfded6d8c0b734dddb700406f03b317aa,0x141c7c124e574a9be8a2ee654ac3b0ddc2d884be,0.0
15197866,1658565178.0,0x959f8d9cfded6d8c0b734dddb700406f03b317aa,0x141c7c124e574a9be8a2ee654ac3b0ddc2d884be,0.0
15197885,1658565476.0,0x959f8d9cfded6d8c0b734dddb700406f03b317aa,0x141c7c124e574a9be8a2ee654ac3b0ddc2d884be,0.0
15197905,1658565773.0,0x959f8d9cfded6d8c0b734dddb700406f03b317aa,0x141c7c124e574a9be8a2ee654ac3b0ddc2d884be,0.0
15197930,1658566064.0,0x959f8d9cfded6d8c0b734dddb700406f03b317aa,0x141c7c124e574a9be8a2ee654ac3b0ddc2d884be,0.0
15197958,1658566316.0,0x959f8d9cfded6d8c0b734dddb700406f03b317aa,0x141c7c124e574a9be8a2ee654ac3b0ddc2d884be,0.0
15197977,1658566581.0,0x959f8d9cfded6d8c0b734dddb700406f03b317aa,0x141c7c124e574a9be8a2ee654ac3b0ddc2d884be,0.0
15198008,1658566942.0,0x959f8d9cfded6d8c0b734dddb700406f03b317aa,0x141c7c124e574a9be8a2ee654ac3b0ddc2d884be,0.0
15198034,1658567291.0,0x959f8d9cfded6d8c0b734dddb700406f03b317aa,0x141c7c124e574a9be8a2ee654ac3b0ddc2d884be,0.0
15198047,1658567442.0,0x7fd39f7ba9961444eb71f00e59ecf6706126a256,0x141c7c124e574a9be8a2ee654ac3b0ddc2d884be,0.0
15198064,1658567674.0,0x959f8d9cfded6d8c0b734dddb700406f03b317aa,0x141c7c124e574a9be8a2ee654ac3b0ddc2d884be,0.0
15198079,1658567952.0,0x959f8d9cfded6d8c0b734dddb700406f03b317aa,0x141c7c124e574a9be8a2ee654ac3b0ddc2d884be,0.0
15198116,1658568515.0,0x959f8d9cfded6d8c0b734dddb700406f03b317aa,0x141c7c124e574a9be8a2ee654ac3b0ddc2d884be,0.0
15198149,1658569068.0,0x959f8d9cfded6d8c0b734dddb700406f03b317aa,0x141c7c124e574a9be8a2ee654ac3b0ddc2d884be,0.0
15198173,1658569443.0,0x959f8d9cfded6d8c0b734dddb700406f03b317aa,0x141c7c124e574a9be8a2ee654ac3b0ddc2d884be,0.0
15198199,1658569852.0,0x959f8d9cfded6d8c0b734dddb700406f03b317aa,0x141c7c124e574a9be8a2ee654ac3b0ddc2d884be,0.0
15198222,1658570111.0,0x959f8d9cfded6d8c0b734dddb700406f03b317aa,0x141c7c124e574a9be8a2ee654ac3b0ddc2d884be,0.0
15198252,1658570607.0,0x959f8d9cfded6d8c0b734dddb700406f03b317aa,0x141c7c124e574a9be8a2ee654ac3b0ddc2d884be,0.0
15198288,1658571084.0,0x959f8d9cfded6d8c0b734dddb700406f03b317aa,0x141c7c124e574a9be8a2ee654ac3b0ddc2d884be,0.0
15198330,1658571511.0,0x959f8d9cfded6d8c0b734dddb700406f03b317aa,0x141c7c124e574a9be8a2ee654ac3b0ddc2d884be,0.0
15198355,1658571887.0,0x959f8d9cfded6d8c0b734dddb700406f03b317aa,0x141c7c124e574a9be8a2ee654ac3b0ddc2d884be,0.0
15198394,1658572465.0,0x959f8d9cfded6d8c0b734dddb700406f03b317aa,0x141c7c124e574a9be8a2ee654ac3b0ddc2d884be,0.0
15198408,1658572716.0,0x959f8d9cfded6d8c0b734dddb700406f03b317aa,0x141c7c124e574a9be8a2ee654ac3b0ddc2d884be,0.0
15198431,1658572999.0,0x959f8d9cfded6d8c0b734dddb700406f03b317aa,0x141c7c124e574a9be8a2ee654ac3b0ddc2d884be,0.0
15198473,1658573599.0,0x959f8d9cfded6d8c0b734dddb700406f03b317aa,0x141c7c124e574a9be8a2ee654ac3b0ddc2d884be,0.0
15198497,1658573957.0,0x959f8d9cfded6d8c0b734dddb700406f03b317aa,0x141c7c124e574a9be8a2ee654ac3b0ddc2d884be,0.0
15198517,1658574189.0,0x959f8d9cfded6d8c0b734dddb700406f03b317aa,0x141c7c124e574a9be8a2ee654ac3b0ddc2d884be,0.0
15198566,1658574667.0,0x959f8d9cfded6d8c0b734dddb700406f03b317aa,0x141c7c124e574a9be8a2ee654ac3b0ddc2d884be,0.0
15198598,1658575029.0,0x959f8d9cfded6d8c0b734dddb700406f03b317aa,0x141c7c124e574a9be8a2ee654ac3b0ddc2d884be,0.0
15198632,1658575535.0,0x959f8d9cfded6d8c0b734dddb700406f03b317aa,0x141c7c124e574a9be8a2ee654ac3b0ddc2d884be,0.0
15198654,1658575801.0,0x959f8d9cfded6d8c0b734dddb700406f03b317aa,0x141c7c124e574a9be8a2ee654ac3b0ddc2d884be,0.0
15198682,1658576159.0,0x959f8d9cfded6d8c0b734dddb700406f03b317aa,0x141c7c124e574a9be8a2ee654ac3b0ddc2d884be,0.0
15198720,1658576642.0,0x959f8d9cfded6d8c0b734dddb700406f03b317aa,0x141c7c124e574a9be8a2ee654ac3b0ddc2d884be,0.0
15198741,1658576898.0,0x959f8d9cfded6d8c0b734dddb700406f03b317aa,0x141c7c124e574a9be8a2ee654ac3b0ddc2d884be,0.0
15198761,1658577235.0,0x959f8d9cfded6d8c0b734dddb700406f03b317aa,0x141c7c124e574a9be8a2ee654ac3b0ddc2d884be,0.0
15198786,1658577498.0,0x959f8d9cfded6d8c0b734dddb700406f03b317aa,0x141c7c124e574a9be8a2ee654ac3b0ddc2d884be,0.0
15198815,1658577873.0,0x959f8d9cfded6d8c0b734dddb700406f03b317aa,0x141c7c124e574a9be8a2ee654ac3b0ddc2d884be,0.0
15198837,1658578203.0,0x959f8d9cfded6d8c0b734dddb700406f03b317aa,0x141c7c124e574a9be8a2ee654ac3b0ddc2d884be,0.0
15198861,1658578653.0,0x959f8d9cfded6d8c0b734dddb700406f03b317aa,0x141c7c124e574a9be8a2ee654ac3b0ddc2d884be,0.0
15198882,1658579027.0,0x959f8d9cfded6d8c0b734dddb700406f03b317aa,0x141c7c124e574a9be8a2ee654ac3b0ddc2d884be,0.0
15198903,1658579326.0,0x959f8d9cfded6d8c0b734dddb700406f03b317aa,0x141c7c124e574a9be8a2ee654ac3b0ddc2d884be,0.0
15198926,1658579710.0,0x959f8d9cfded6d8c0b734dddb700406f03b317aa,0x141c7c124e574a9be8a2ee654ac3b0ddc2d884be,0.0
15198947,1658579992.0,0x959f8d9cfded6d8c0b734dddb700406f03b317aa,0x141c7c124e574a9be8a2ee654ac3b0ddc2d884be,0.0
15198981,1658580330.0,0x959f8d9cfded6d8c0b734dddb700406f03b317aa,0x141c7c124e574a9be8a2ee654ac3b0ddc2d884be,0.0
15198996,1658580565.0,0x959f8d9cfded6d8c0b734dddb700406f03b317aa,0x141c7c124e574a9be8a2ee654ac3b0ddc2d884be,0.0
15199027,1658580936.0,0x959f8d9cfded6d8c0b734dddb700406f03b317aa,0x141c7c124e574a9be8a2ee654ac3b0ddc2d884be,0.0
15199064,1658581330.0,0x959f8d9cfded6d8c0b734dddb700406f03b317aa,0x141c7c124e574a9be8a2ee654ac3b0ddc2d884be,0.0
15199092,1658581759.0,0x959f8d9cfded6d8c0b734dddb700406f03b317aa,0x141c7c124e574a9be8a2ee654ac3b0ddc2d884be,0.0
15199128,1658582211.0,0x959f8d9cfded6d8c0b734dddb700406f03b317aa,0x141c7c124e574a9be8a2ee654ac3b0ddc2d884be,0.0
15199139,1658582328.0,0x959f8d9cfded6d8c0b734dddb700406f03b317aa,0x141c7c124e574a9be8a2ee654ac3b0ddc2d884be,0.0
15199183,1658582821.0,0x959f8d9cfded6d8c0b734dddb700406f03b317aa,0x141c7c124e574a9be8a2ee654ac3b0ddc2d884be,0.0
15199208,1658583154.0,0x959f8d9cfded6d8c0b734dddb700406f03b317aa,0x141c7c124e574a9be8a2ee654ac3b0ddc2d884be,0.0
15199235,1658583450.0,0x959f8d9cfded6d8c0b734dddb700406f03b317aa,0x141c7c124e574a9be8a2ee654ac3b0ddc2d884be,0.0
15199264,1658583833.0,0x959f8d9cfded6d8c0b734dddb700406f03b317aa,0x141c7c124e574a9be8a2ee654ac3b0ddc2d884be,0.0
15199296,1658584266.0,0x959f8d9cfded6d8c0b734dddb700406f03b317aa,0x141c7c124e574a9be8a2ee654ac3b0ddc2d884be,0.0
15199332,1658584705.0,0x959f8d9cfded6d8c0b734dddb700406f03b317aa,0x141c7c124e574a9be8a2ee654ac3b0ddc2d884be,0.0
15199355,1658585044.0,0x959f8d9cfded6d8c0b734dddb700406f03b317aa,0x141c7c124e574a9be8a2ee654ac3b0ddc2d884be,0.0
15199380,1658585320.0,0x959f8d9cfded6d8c0b734dddb700406f03b317aa,0x141c7c124e574a9be8a2ee654ac3b0ddc2d884be,0.0
15199401,1658585668.0,0x959f8d9cfded6d8c0b734dddb700406f03b317aa,0x141c7c124e574a9be8a2ee654ac3b0ddc2d884be,0.0
15199425,1658586033.0,0x959f8d9cfded6d8c0b734dddb700406f03b317aa,0x141c7c124e574a9be8a2ee654ac3b0ddc2d884be,0.0
15199446,1658586469.0,0x959f8d9cfded6d8c0b734dddb700406f03b317aa,0x141c7c124e574a9be8a2ee654ac3b0ddc2d884be,0.0
15199482,1658586922.0,0x959f8d9cfded6d8c0b734dddb700406f03b317aa,0x141c7c124e574a9be8a2ee654ac3b0ddc2d884be,0.0
15199499,1658587173.0,0x959f8d9cfded6d8c0b734dddb700406f03b317aa,0x141c7c124e574a9be8a2ee654ac3b0ddc2d884be,0.0
15199535,1658587587.0,0x959f8d9cfded6d8c0b734dddb700406f03b317aa,0x141c7c124e574a9be8a2ee654ac3b0ddc2d884be,0.0
15199576,1658588086.0,0x959f8d9cfded6d8c0b734dddb700406f03b317aa,0x141c7c124e574a9be8a2ee654ac3b0ddc2d884be,0.0
15199607,1658588482.0,0x959f8d9cfded6d8c0b734dddb700406f03b317aa,0x141c7c124e574a9be8a2ee654ac3b0ddc2d884be,0.0
15199638,1658588856.0,0x959f8d9cfded6d8c0b734dddb700406f03b317aa,0x141c7c124e574a9be8a2ee654ac3b0ddc2d884be,0.0
15199666,1658589186.0,0x959f8d9cfded6d8c0b734dddb700406f03b317aa,0x141c7c124e574a9be8a2ee654ac3b0ddc2d884be,0.0
15199710,1658589713.0,0x959f8d9cfded6d8c0b734dddb700406f03b317aa,0x141c7c124e574a9be8a2ee654ac3b0ddc2d884be,0.0
15199735,1658590133.0,0x959f8d9cfded6d8c0b734dddb700406f03b317aa,0x141c7c124e574a9be8a2ee654ac3b0ddc2d884be,0.0
15199758,1658590469.0,0x959f8d9cfded6d8c0b734dddb700406f03b317aa,0x141c7c124e574a9be8a2ee654ac3b0ddc2d884be,0.0
15199773,1658590719.0,0x959f8d9cfded6d8c0b734dddb700406f03b317aa,0x141c7c124e574a9be8a2ee654ac3b0ddc2d884be,0.0
15199778,1658590785.0,0x3dce200f64c09e0009b4fb022e86702f2c7be099,0x141c7c124e574a9be8a2ee654ac3b0ddc2d884be,0.0
15199796,1658590964.0,0x959f8d9cfded6d8c0b734dddb700406f03b317aa,0x141c7c124e574a9be8a2ee654ac3b0ddc2d884be,0.0
15199808,1658591162.0,0x6bb437bdcb7df31df381ef264fa8e6def5d40257,0x141c7c124e574a9be8a2ee654ac3b0ddc2d884be,0.0
15199814,1658591273.0,0x959f8d9cfded6d8c0b734dddb700406f03b317aa,0x141c7c124e574a9be8a2ee654ac3b0ddc2d884be,0.0
15199864,1658591862.0,0x959f8d9cfded6d8c0b734dddb700406f03b317aa,0x141c7c124e574a9be8a2ee654ac3b0ddc2d884be,0.0
15199902,1658592433.0,0x959f8d9cfded6d8c0b734dddb700406f03b317aa,0x141c7c124e574a9be8a2ee654ac3b0ddc2d884be,0.0
15199936,1658592934.0,0x959f8d9cfded6d8c0b734dddb700406f03b317aa,0x141c7c124e574a9be8a2ee654ac3b0ddc2d884be,0.0
15199951,1658593133.0,0x959f8d9cfded6d8c0b734dddb700406f03b317aa,0x141c7c124e574a9be8a2ee654ac3b0ddc2d884be,0.0
15199972,1658593495.0,0x959f8d9cfded6d8c0b734dddb700406f03b317aa,0x141c7c124e574a9be8a2ee654ac3b0ddc2d884be,0.0
15199991,1658593897.0,0x959f8d9cfded6d8c0b734dddb700406f03b317aa,0x141c7c124e574a9be8a2ee654ac3b0ddc2d884be,0.0
15200168,1658596528.0,0x959f8d9cfded6d8c0b734dddb700406f03b317aa,0x141c7c124e574a9be8a2ee654ac3b0ddc2d884be,0.0
15200179,1658596754.0,0x959f8d9cfded6d8c0b734dddb700406f03b317aa,0x141c7c124e574a9be8a2ee654ac3b0ddc2d884be,0.0
15200206,1658597104.0,0x959f8d9cfded6d8c0b734dddb700406f03b317aa,0x141c7c124e574a9be8a2ee654ac3b0ddc2d884be,0.0
15200238,1658597516.0,0x959f8d9cfded6d8c0b734dddb700406f03b317aa,0x141c7c124e574a9be8a2ee654ac3b0ddc2d884be,0.0
15200252,1658597742.0,0x959f8d9cfded6d8c0b734dddb700406f03b317aa,0x141c7c124e574a9be8a2ee654ac3b0ddc2d884be,0.0
15200304,1658598428.0,0x959f8d9cfded6d8c0b734dddb700406f03b317aa,0x141c7c124e574a9be8a2ee654ac3b0ddc2d884be,0.0
15200332,1658598834.0,0x959f8d9cfded6d8c0b734dddb700406f03b317aa,0x141c7c124e574a9be8a2ee654ac3b0ddc2d884be,0.0
15200370,1658599278.0,0x959f8d9cfded6d8c0b734dddb700406f03b317aa,0x141c7c124e574a9be8a2ee654ac3b0ddc2d884be,0.0
15200422,1658600063.0,0x959f8d9cfded6d8c0b734dddb700406f03b317aa,0x141c7c124e574a9be8a2ee654ac3b0ddc2d884be,0.0
15200478,1658600740.0,0x959f8d9cfded6d8c0b734dddb700406f03b317aa,0x141c7c124e574a9be8a2ee654ac3b0ddc2d884be,0.0
15200513,1658601155.0,0x959f8d9cfded6d8c0b734dddb700406f03b317aa,0x141c7c124e574a9be8a2ee654ac3b0ddc2d884be,0.0
15200564,1658601883.0,0x959f8d9cfded6d8c0b734dddb700406f03b317aa,0x141c7c124e574a9be8a2ee654ac3b0ddc2d884be,0.0
15200596,1658602329.0,0x959f8d9cfded6d8c0b734dddb700406f03b317aa,0x141c7c124e574a9be8a2ee654ac3b0ddc2d884be,0.0
15200631,1658602961.0,0x959f8d9cfded6d8c0b734dddb700406f03b317aa,0x141c7c124e574a9be8a2ee654ac3b0ddc2d884be,0.0
15200667,1658603317.0,0x959f8d9cfded6d8c0b734dddb700406f03b317aa,0x141c7c124e574a9be8a2ee654ac3b0ddc2d884be,0.0
15200694,1658603721.0,0x959f8d9cfded6d8c0b734dddb700406f03b317aa,0x141c7c124e574a9be8a2ee654ac3b0ddc2d884be,0.0
15200732,1658604202.0,0x959f8d9cfded6d8c0b734dddb700406f03b317aa,0x141c7c124e574a9be8a2ee654ac3b0ddc2d884be,0.0
15200789,1658604747.0,0x959f8d9cfded6d8c0b734dddb700406f03b317aa,0x141c7c124e574a9be8a2ee654ac3b0ddc2d884be,0.0
15200846,1658605390.0,0x959f8d9cfded6d8c0b734dddb700406f03b317aa,0x141c7c124e574a9be8a2ee654ac3b0ddc2d884be,0.0
15200898,1658605966.0,0x959f8d9cfded6d8c0b734dddb700406f03b317aa,0x141c7c124e574a9be8a2ee654ac3b0ddc2d884be,0.0
15200951,1658606608.0,0x959f8d9cfded6d8c0b734dddb700406f03b317aa,0x141c7c124e574a9be8a2ee654ac3b0ddc2d884be,0.0
15201014,1658607478.0,0x959f8d9cfded6d8c0b734dddb700406f03b317aa,0x141c7c124e574a9be8a2ee654ac3b0ddc2d884be,0.0
15201050,1658608054.0,0x959f8d9cfded6d8c0b734dddb700406f03b317aa,0x141c7c124e574a9be8a2ee654ac3b0ddc2d884be,0.0
15201120,1658608872.0,0x959f8d9cfded6d8c0b734dddb700406f03b317aa,0x141c7c124e574a9be8a2ee654ac3b0ddc2d884be,0.0
15201189,1658609689.0,0x959f8d9cfded6d8c0b734dddb700406f03b317aa,0x141c7c124e574a9be8a2ee654ac3b0ddc2d884be,0.0
15201255,1658610534.0,0x959f8d9cfded6d8c0b734dddb700406f03b317aa,0x141c7c124e574a9be8a2ee654ac3b0ddc2d884be,0.0
15201362,1658611775.0,0x959f8d9cfded6d8c0b734dddb700406f03b317aa,0x141c7c124e574a9be8a2ee654ac3b0ddc2d884be,0.0
15201428,1658612344.0,0x959f8d9cfded6d8c0b734dddb700406f03b317aa,0x141c7c124e574a9be8a2ee654ac3b0ddc2d884be,0.0
15201630,1658615193.0,0x5836b176514b2f95a0834fb6c9471fe9f28e6f77,0x141c7c124e574a9be8a2ee654ac3b0ddc2d884be,0.0
15201651,1658615571.0,0x959f8d9cfded6d8c0b734dddb700406f03b317aa,0x141c7c124e574a9be8a2ee654ac3b0ddc2d884be,0.0
15201713,1658616633.0,0x959f8d9cfded6d8c0b734dddb700406f03b317aa,0x141c7c124e574a9be8a2ee654ac3b0ddc2d884be,0.0
15201784,1658617649.0,0x959f8d9cfded6d8c0b734dddb700406f03b317aa,0x141c7c124e574a9be8a2ee654ac3b0ddc2d884be,0.0
15201860,1658618814.0,0x959f8d9cfded6d8c0b734dddb700406f03b317aa,0x141c7c124e574a9be8a2ee654ac3b0ddc2d884be,0.0
15201968,1658620201.0,0x4e34efcd0d03c769ad91a2351c4b0bde2c784a6b,0x141c7c124e574a9be8a2ee654ac3b0ddc2d884be,0.0
15201993,1658620571.0,0x499a31318937bac205e43b6b1b3d6a15cd7accc6,0x141c7c124e574a9be8a2ee654ac3b0ddc2d884be,0.0
15202049,1658621294.0,0x959f8d9cfded6d8c0b734dddb700406f03b317aa,0x141c7c124e574a9be8a2ee654ac3b0ddc2d884be,0.0
15202134,1658622307.0,0x959f8d9cfded6d8c0b734dddb700406f03b317aa,0x141c7c124e574a9be8a2ee654ac3b0ddc2d884be,0.0
15202199,1658623244.0,0x959f8d9cfded6d8c0b734dddb700406f03b317aa,0x141c7c124e574a9be8a2ee654ac3b0ddc2d884be,0.0
15202242,1658623772.0,0x786cf4c7def73ca67f3a43fae852fe46b810c640,0x141c7c124e574a9be8a2ee654ac3b0ddc2d884be,0.0
15202246,1658623853.0,0x959f8d9cfded6d8c0b734dddb700406f03b317aa,0x141c7c124e574a9be8a2ee654ac3b0ddc2d884be,0.0
15202342,1658625150.0,0x959f8d9cfded6d8c0b734dddb700406f03b317aa,0x141c7c124e574a9be8a2ee654ac3b0ddc2d884be,0.0
15202430,1658626310.0,0x959f8d9cfded6d8c0b734dddb700406f03b317aa,0x141c7c124e574a9be8a2ee654ac3b0ddc2d884be,0.0
15202580,1658628638.0,0x959f8d9cfded6d8c0b734dddb700406f03b317aa,0x141c7c124e574a9be8a2ee654ac3b0ddc2d884be,0.0
15202628,1658629249.0,0x959f8d9cfded6d8c0b734dddb700406f03b317aa,0x141c7c124e574a9be8a2ee654ac3b0ddc2d884be,0.0
15202705,1658630489.0,0x959f8d9cfded6d8c0b734dddb700406f03b317aa,0x141c7c124e574a9be8a2ee654ac3b0ddc2d884be,0.0
15202786,1658631586.0,0x959f8d9cfded6d8c0b734dddb700406f03b317aa,0x141c7c124e574a9be8a2ee654ac3b0ddc2d884be,0.0
15202837,1658632236.0,0x959f8d9cfded6d8c0b734dddb700406f03b317aa,0x141c7c124e574a9be8a2ee654ac3b0ddc2d884be,0.0
15202905,1658633301.0,0x959f8d9cfded6d8c0b734dddb700406f03b317aa,0x141c7c124e574a9be8a2ee654ac3b0ddc2d884be,0.0
15202970,1658634036.0,0x959f8d9cfded6d8c0b734dddb700406f03b317aa,0x141c7c124e574a9be8a2ee654ac3b0ddc2d884be,0.0
15203065,1658635492.0,0x959f8d9cfded6d8c0b734dddb700406f03b317aa,0x141c7c124e574a9be8a2ee654ac3b0ddc2d884be,0.0
15203119,1658636335.0,0x959f8d9cfded6d8c0b734dddb700406f03b317aa,0x141c7c124e574a9be8a2ee654ac3b0ddc2d884be,0.0
15203168,1658636888.0,0x959f8d9cfded6d8c0b734dddb700406f03b317aa,0x141c7c124e574a9be8a2ee654ac3b0ddc2d884be,0.0
15203209,1658637483.0,0x959f8d9cfded6d8c0b734dddb700406f03b317aa,0x141c7c124e574a9be8a2ee654ac3b0ddc2d884be,0.0
15203278,1658638296.0,0x959f8d9cfded6d8c0b734dddb700406f03b317aa,0x141c7c124e574a9be8a2ee654ac3b0ddc2d884be,0.0
15203314,1658638814.0,0x959f8d9cfded6d8c0b734dddb700406f03b317aa,0x141c7c124e574a9be8a2ee654ac3b0ddc2d884be,0.0
15203391,1658639682.0,0x959f8d9cfded6d8c0b734dddb700406f03b317aa,0x141c7c124e574a9be8a2ee654ac3b0ddc2d884be,0.0
15203464,1658640720.0,0x959f8d9cfded6d8c0b734dddb700406f03b317aa,0x141c7c124e574a9be8a2ee654ac3b0ddc2d884be,0.0
15203503,1658641215.0,0x959f8d9cfded6d8c0b734dddb700406f03b317aa,0x141c7c124e574a9be8a2ee654ac3b0ddc2d884be,0.0
15203539,1658641798.0,0x959f8d9cfded6d8c0b734dddb700406f03b317aa,0x141c7c124e574a9be8a2ee654ac3b0ddc2d884be,0.0
15203588,1658642437.0,0x959f8d9cfded6d8c0b734dddb700406f03b317aa,0x141c7c124e574a9be8a2ee654ac3b0ddc2d884be,0.0
15203628,1658642968.0,0x959f8d9cfded6d8c0b734dddb700406f03b317aa,0x141c7c124e574a9be8a2ee654ac3b0ddc2d884be,0.0
15203698,1658643839.0,0x959f8d9cfded6d8c0b734dddb700406f03b317aa,0x141c7c124e574a9be8a2ee654ac3b0ddc2d884be,0.0
15203743,1658644499.0,0x959f8d9cfded6d8c0b734dddb700406f03b317aa,0x141c7c124e574a9be8a2ee654ac3b0ddc2d884be,0.0
15203775,1658645015.0,0x959f8d9cfded6d8c0b734dddb700406f03b317aa,0x141c7c124e574a9be8a2ee654ac3b0ddc2d884be,0.0
15203815,1658645665.0,0x959f8d9cfded6d8c0b734dddb700406f03b317aa,0x141c7c124e574a9be8a2ee654ac3b0ddc2d884be,0.0
15203855,1658646213.0,0x959f8d9cfded6d8c0b734dddb700406f03b317aa,0x141c7c124e574a9be8a2ee654ac3b0ddc2d884be,0.0
15203914,1658646852.0,0x959f8d9cfded6d8c0b734dddb700406f03b317aa,0x141c7c124e574a9be8a2ee654ac3b0ddc2d884be,0.0
15203968,1658647437.0,0x959f8d9cfded6d8c0b734dddb700406f03b317aa,0x141c7c124e574a9be8a2ee654ac3b0ddc2d884be,0.0
15204011,1658648022.0,0x959f8d9cfded6d8c0b734dddb700406f03b317aa,0x141c7c124e574a9be8a2ee654ac3b0ddc2d884be,0.0
15204040,1658648577.0,0x959f8d9cfded6d8c0b734dddb700406f03b317aa,0x141c7c124e574a9be8a2ee654ac3b0ddc2d884be,0.0
15204113,1658649439.0,0x959f8d9cfded6d8c0b734dddb700406f03b317aa,0x141c7c124e574a9be8a2ee654ac3b0ddc2d884be,0.0
15204150,1658649979.0,0x959f8d9cfded6d8c0b734dddb700406f03b317aa,0x141c7c124e574a9be8a2ee654ac3b0ddc2d884be,0.0
15204183,1658650459.0,0x959f8d9cfded6d8c0b734dddb700406f03b317aa,0x141c7c124e574a9be8a2ee654ac3b0ddc2d884be,0.0
15204226,1658651176.0,0x959f8d9cfded6d8c0b734dddb700406f03b317aa,0x141c7c124e574a9be8a2ee654ac3b0ddc2d884be,0.0
15204258,1658651611.0,0x959f8d9cfded6d8c0b734dddb700406f03b317aa,0x141c7c124e574a9be8a2ee654ac3b0ddc2d884be,0.0
15204295,1658652099.0,0x959f8d9cfded6d8c0b734dddb700406f03b317aa,0x141c7c124e574a9be8a2ee654ac3b0ddc2d884be,0.0
15204331,1658652470.0,0x959f8d9cfded6d8c0b734dddb700406f03b317aa,0x141c7c124e574a9be8a2ee654ac3b0ddc2d884be,0.0
15204346,1658652755.0,0x959f8d9cfded6d8c0b734dddb700406f03b317aa,0x141c7c124e574a9be8a2ee654ac3b0ddc2d884be,0.0
15204384,1658653207.0,0x959f8d9cfded6d8c0b734dddb700406f03b317aa,0x141c7c124e574a9be8a2ee654ac3b0ddc2d884be,0.0
15204439,1658654043.0,0x959f8d9cfded6d8c0b734dddb700406f03b317aa,0x141c7c124e574a9be8a2ee654ac3b0ddc2d884be,0.0
15204470,1658654400.0,0x959f8d9cfded6d8c0b734dddb700406f03b317aa,0x141c7c124e574a9be8a2ee654ac3b0ddc2d884be,0.0
15204502,1658654850.0,0x959f8d9cfded6d8c0b734dddb700406f03b317aa,0x141c7c124e574a9be8a2ee654ac3b0ddc2d884be,0.0
15204540,1658655345.0,0x959f8d9cfded6d8c0b734dddb700406f03b317aa,0x141c7c124e574a9be8a2ee654ac3b0ddc2d884be,0.0
15204588,1658655864.0,0x959f8d9cfded6d8c0b734dddb700406f03b317aa,0x141c7c124e574a9be8a2ee654ac3b0ddc2d884be,0.0
15204631,1658656437.0,0x959f8d9cfded6d8c0b734dddb700406f03b317aa,0x141c7c124e574a9be8a2ee654ac3b0ddc2d884be,0.0
15204669,1658657053.0,0x959f8d9cfded6d8c0b734dddb700406f03b317aa,0x141c7c124e574a9be8a2ee654ac3b0ddc2d884be,0.0
15204697,1658657374.0,0x959f8d9cfded6d8c0b734dddb700406f03b317aa,0x141c7c124e574a9be8a2ee654ac3b0ddc2d884be,0.0
15204733,1658657896.0,0x959f8d9cfded6d8c0b734dddb700406f03b317aa,0x141c7c124e574a9be8a2ee654ac3b0ddc2d884be,0.0
15204777,1658658465.0,0x959f8d9cfded6d8c0b734dddb700406f03b317aa,0x141c7c124e574a9be8a2ee654ac3b0ddc2d884be,0.0
15204820,1658659054.0,0x959f8d9cfded6d8c0b734dddb700406f03b317aa,0x141c7c124e574a9be8a2ee654ac3b0ddc2d884be,0.0
15204858,1658659595.0,0x959f8d9cfded6d8c0b734dddb700406f03b317aa,0x141c7c124e574a9be8a2ee654ac3b0ddc2d884be,0.0
15204905,1658660151.0,0x959f8d9cfded6d8c0b734dddb700406f03b317aa,0x141c7c124e574a9be8a2ee654ac3b0ddc2d884be,0.0
15204962,1658660879.0,0x959f8d9cfded6d8c0b734dddb700406f03b317aa,0x141c7c124e574a9be8a2ee654ac3b0ddc2d884be,0.0
15205425,1658667411.0,0xf2ac62c4e21a5044fc8b93a327f707c5b772817a,0x141c7c124e574a9be8a2ee654ac3b0ddc2d884be,0.0
15205433,1658667532.0,0x959f8d9cfded6d8c0b734dddb700406f03b317aa,0x141c7c124e574a9be8a2ee654ac3b0ddc2d884be,0.0
15205469,1658667990.0,0x959f8d9cfded6d8c0b734dddb700406f03b317aa,0x141c7c124e574a9be8a2ee654ac3b0ddc2d884be,0.0
15205523,1658668634.0,0x959f8d9cfded6d8c0b734dddb700406f03b317aa,0x141c7c124e574a9be8a2ee654ac3b0ddc2d884be,0.0
15205553,1658669160.0,0x959f8d9cfded6d8c0b734dddb700406f03b317aa,0x141c7c124e574a9be8a2ee654ac3b0ddc2d884be,0.0
15205596,1658669741.0,0x959f8d9cfded6d8c0b734dddb700406f03b317aa,0x141c7c124e574a9be8a2ee654ac3b0ddc2d884be,0.0
15205646,1658670391.0,0x959f8d9cfded6d8c0b734dddb700406f03b317aa,0x141c7c124e574a9be8a2ee654ac3b0ddc2d884be,0.0
15205682,1658670864.0,0x959f8d9cfded6d8c0b734dddb700406f03b317aa,0x141c7c124e574a9be8a2ee654ac3b0ddc2d884be,0.0
15205696,1658671124.0,0x959f8d9cfded6d8c0b734dddb700406f03b317aa,0x141c7c124e574a9be8a2ee654ac3b0ddc2d884be,0.0
15205740,1658671660.0,0x959f8d9cfded6d8c0b734dddb700406f03b317aa,0x141c7c124e574a9be8a2ee654ac3b0ddc2d884be,0.0
15205776,1658672087.0,0x959f8d9cfded6d8c0b734dddb700406f03b317aa,0x141c7c124e574a9be8a2ee654ac3b0ddc2d884be,0.0
15205828,1658672723.0,0x959f8d9cfded6d8c0b734dddb700406f03b317aa,0x141c7c124e574a9be8a2ee654ac3b0ddc2d884be,0.0
15205865,1658673164.0,0x959f8d9cfded6d8c0b734dddb700406f03b317aa,0x141c7c124e574a9be8a2ee654ac3b0ddc2d884be,0.0
15205906,1658673822.0,0x959f8d9cfded6d8c0b734dddb700406f03b317aa,0x141c7c124e574a9be8a2ee654ac3b0ddc2d884be,0.0
15205948,1658674299.0,0x959f8d9cfded6d8c0b734dddb700406f03b317aa,0x141c7c124e574a9be8a2ee654ac3b0ddc2d884be,0.0
15206002,1658675128.0,0x959f8d9cfded6d8c0b734dddb700406f03b317aa,0x141c7c124e574a9be8a2ee654ac3b0ddc2d884be,0.0
15206028,1658675492.0,0x959f8d9cfded6d8c0b734dddb700406f03b317aa,0x141c7c124e574a9be8a2ee654ac3b0ddc2d884be,0.0
15206056,1658675874.0,0x959f8d9cfded6d8c0b734dddb700406f03b317aa,0x141c7c124e574a9be8a2ee654ac3b0ddc2d884be,0.0
15206084,1658676186.0,0x959f8d9cfded6d8c0b734dddb700406f03b317aa,0x141c7c124e574a9be8a2ee654ac3b0ddc2d884be,0.0
15206128,1658676679.0,0x959f8d9cfded6d8c0b734dddb700406f03b317aa,0x141c7c124e574a9be8a2ee654ac3b0ddc2d884be,0.0
15206164,1658677157.0,0x959f8d9cfded6d8c0b734dddb700406f03b317aa,0x141c7c124e574a9be8a2ee654ac3b0ddc2d884be,0.0
15206196,1658677562.0,0x959f8d9cfded6d8c0b734dddb700406f03b317aa,0x141c7c124e574a9be8a2ee654ac3b0ddc2d884be,0.0
15206240,1658678127.0,0x959f8d9cfded6d8c0b734dddb700406f03b317aa,0x141c7c124e574a9be8a2ee654ac3b0ddc2d884be,0.0
15206276,1658678570.0,0x959f8d9cfded6d8c0b734dddb700406f03b317aa,0x141c7c124e574a9be8a2ee654ac3b0ddc2d884be,0.0
15206317,1658679093.0,0x959f8d9cfded6d8c0b734dddb700406f03b317aa,0x141c7c124e574a9be8a2ee654ac3b0ddc2d884be,0.0
15206364,1658679806.0,0x959f8d9cfded6d8c0b734dddb700406f03b317aa,0x141c7c124e574a9be8a2ee654ac3b0ddc2d884be,0.0
15206391,1658680455.0,0x959f8d9cfded6d8c0b734dddb700406f03b317aa,0x141c7c124e574a9be8a2ee654ac3b0ddc2d884be,0.0
15206412,1658680782.0,0x959f8d9cfded6d8c0b734dddb700406f03b317aa,0x141c7c124e574a9be8a2ee654ac3b0ddc2d884be,0.0
15206443,1658681273.0,0x959f8d9cfded6d8c0b734dddb700406f03b317aa,0x141c7c124e574a9be8a2ee654ac3b0ddc2d884be,0.0
15206506,1658682035.0,0x959f8d9cfded6d8c0b734dddb700406f03b317aa,0x141c7c124e574a9be8a2ee654ac3b0ddc2d884be,0.0
15206559,1658682667.0,0x959f8d9cfded6d8c0b734dddb700406f03b317aa,0x141c7c124e574a9be8a2ee654ac3b0ddc2d884be,0.0
15206604,1658683215.0,0x959f8d9cfded6d8c0b734dddb700406f03b317aa,0x141c7c124e574a9be8a2ee654ac3b0ddc2d884be,0.0
15206648,1658683915.0,0x959f8d9cfded6d8c0b734dddb700406f03b317aa,0x141c7c124e574a9be8a2ee654ac3b0ddc2d884be,0.0
15206692,1658684593.0,0x959f8d9cfded6d8c0b734dddb700406f03b317aa,0x141c7c124e574a9be8a2ee654ac3b0ddc2d884be,0.0
15206744,1658685168.0,0x959f8d9cfded6d8c0b734dddb700406f03b317aa,0x141c7c124e574a9be8a2ee654ac3b0ddc2d884be,0.0
15206800,1658685920.0,0x959f8d9cfded6d8c0b734dddb700406f03b317aa,0x141c7c124e574a9be8a2ee654ac3b0ddc2d884be,0.0
15206865,1658686761.0,0x959f8d9cfded6d8c0b734dddb700406f03b317aa,0x141c7c124e574a9be8a2ee654ac3b0ddc2d884be,0.0
15206935,1658687559.0,0x959f8d9cfded6d8c0b734dddb700406f03b317aa,0x141c7c124e574a9be8a2ee654ac3b0ddc2d884be,0.0
15206997,1658688524.0,0x959f8d9cfded6d8c0b734dddb700406f03b317aa,0x141c7c124e574a9be8a2ee654ac3b0ddc2d884be,0.0
15207080,1658689518.0,0x959f8d9cfded6d8c0b734dddb700406f03b317aa,0x141c7c124e574a9be8a2ee654ac3b0ddc2d884be,0.0
15207137,1658690379.0,0x959f8d9cfded6d8c0b734dddb700406f03b317aa,0x141c7c124e574a9be8a2ee654ac3b0ddc2d884be,0.0
15207185,1658690969.0,0x959f8d9cfded6d8c0b734dddb700406f03b317aa,0x141c7c124e574a9be8a2ee654ac3b0ddc2d884be,0.0
15207235,1658691567.0,0x959f8d9cfded6d8c0b734dddb700406f03b317aa,0x141c7c124e574a9be8a2ee654ac3b0ddc2d884be,0.0
15207287,1658692214.0,0x959f8d9cfded6d8c0b734dddb700406f03b317aa,0x141c7c124e574a9be8a2ee654ac3b0ddc2d884be,0.0
15207354,1658692999.0,0x959f8d9cfded6d8c0b734dddb700406f03b317aa,0x141c7c124e574a9be8a2ee654ac3b0ddc2d884be,0.0
15207648,1658697092.0,0x959f8d9cfded6d8c0b734dddb700406f03b317aa,0x141c7c124e574a9be8a2ee654ac3b0ddc2d884be,0.0
15207718,1658697989.0,0x959f8d9cfded6d8c0b734dddb700406f03b317aa,0x141c7c124e574a9be8a2ee654ac3b0ddc2d884be,0.0
15207834,1658699448.0,0x959f8d9cfded6d8c0b734dddb700406f03b317aa,0x141c7c124e574a9be8a2ee654ac3b0ddc2d884be,0.0
15207889,1658700079.0,0x959f8d9cfded6d8c0b734dddb700406f03b317aa,0x141c7c124e574a9be8a2ee654ac3b0ddc2d884be,0.0
15207954,1658701083.0,0x959f8d9cfded6d8c0b734dddb700406f03b317aa,0x141c7c124e574a9be8a2ee654ac3b0ddc2d884be,0.0
15208067,1658702602.0,0x959f8d9cfded6d8c0b734dddb700406f03b317aa,0x141c7c124e574a9be8a2ee654ac3b0ddc2d884be,0.0
15208128,1658703315.0,0x959f8d9cfded6d8c0b734dddb700406f03b317aa,0x141c7c124e574a9be8a2ee654ac3b0ddc2d884be,0.0
15208178,1658704062.0,0x959f8d9cfded6d8c0b734dddb700406f03b317aa,0x141c7c124e574a9be8a2ee654ac3b0ddc2d884be,0.0
15208226,1658704763.0,0x959f8d9cfded6d8c0b734dddb700406f03b317aa,0x141c7c124e574a9be8a2ee654ac3b0ddc2d884be,0.0
15208304,1658705911.0,0x959f8d9cfded6d8c0b734dddb700406f03b317aa,0x141c7c124e574a9be8a2ee654ac3b0ddc2d884be,0.0
15208371,1658706653.0,0x959f8d9cfded6d8c0b734dddb700406f03b317aa,0x141c7c124e574a9be8a2ee654ac3b0ddc2d884be,0.0
15208480,1658708285.0,0x959f8d9cfded6d8c0b734dddb700406f03b317aa,0x141c7c124e574a9be8a2ee654ac3b0ddc2d884be,0.0
15208683,1658711093.0,0x959f8d9cfded6d8c0b734dddb700406f03b317aa,0x141c7c124e574a9be8a2ee654ac3b0ddc2d884be,0.0
15208737,1658711966.0,0x959f8d9cfded6d8c0b734dddb700406f03b317aa,0x141c7c124e574a9be8a2ee654ac3b0ddc2d884be,0.0
15208799,1658712859.0,0x959f8d9cfded6d8c0b734dddb700406f03b317aa,0x141c7c124e574a9be8a2ee654ac3b0ddc2d884be,0.0
15208825,1658713140.0,0x959f8d9cfded6d8c0b734dddb700406f03b317aa,0x141c7c124e574a9be8a2ee654ac3b0ddc2d884be,0.0
15208871,1658713760.0,0x959f8d9cfded6d8c0b734dddb700406f03b317aa,0x141c7c124e574a9be8a2ee654ac3b0ddc2d884be,0.0
15208929,1658714620.0,0x959f8d9cfded6d8c0b734dddb700406f03b317aa,0x141c7c124e574a9be8a2ee654ac3b0ddc2d884be,0.0
15208971,1658715032.0,0x959f8d9cfded6d8c0b734dddb700406f03b317aa,0x141c7c124e574a9be8a2ee654ac3b0ddc2d884be,0.0
15209008,1658715455.0,0x959f8d9cfded6d8c0b734dddb700406f03b317aa,0x141c7c124e574a9be8a2ee654ac3b0ddc2d884be,0.0
15209038,1658715939.0,0x959f8d9cfded6d8c0b734dddb700406f03b317aa,0x141c7c124e574a9be8a2ee654ac3b0ddc2d884be,0.0
15209069,1658716336.0,0x959f8d9cfded6d8c0b734dddb700406f03b317aa,0x141c7c124e574a9be8a2ee654ac3b0ddc2d884be,0.0
15209086,1658716682.0,0x959f8d9cfded6d8c0b734dddb700406f03b317aa,0x141c7c124e574a9be8a2ee654ac3b0ddc2d884be,0.0
15209135,1658717348.0,0x959f8d9cfded6d8c0b734dddb700406f03b317aa,0x141c7c124e574a9be8a2ee654ac3b0ddc2d884be,0.0
15209169,1658717861.0,0x959f8d9cfded6d8c0b734dddb700406f03b317aa,0x141c7c124e574a9be8a2ee654ac3b0ddc2d884be,0.0
15209198,1658718307.0,0x959f8d9cfded6d8c0b734dddb700406f03b317aa,0x141c7c124e574a9be8a2ee654ac3b0ddc2d884be,0.0
15209220,1658718769.0,0x959f8d9cfded6d8c0b734dddb700406f03b317aa,0x141c7c124e574a9be8a2ee654ac3b0ddc2d884be,0.0
15209247,1658719089.0,0x959f8d9cfded6d8c0b734dddb700406f03b317aa,0x141c7c124e574a9be8a2ee654ac3b0ddc2d884be,0.0
15209284,1658719636.0,0x959f8d9cfded6d8c0b734dddb700406f03b317aa,0x141c7c124e574a9be8a2ee654ac3b0ddc2d884be,0.0
15209315,1658720117.0,0x959f8d9cfded6d8c0b734dddb700406f03b317aa,0x141c7c124e574a9be8a2ee654ac3b0ddc2d884be,0.0
15209343,1658720613.0,0x959f8d9cfded6d8c0b734dddb700406f03b317aa,0x141c7c124e574a9be8a2ee654ac3b0ddc2d884be,0.0
15209366,1658721019.0,0x959f8d9cfded6d8c0b734dddb700406f03b317aa,0x141c7c124e574a9be8a2ee654ac3b0ddc2d884be,0.0
15209402,1658721609.0,0x959f8d9cfded6d8c0b734dddb700406f03b317aa,0x141c7c124e574a9be8a2ee654ac3b0ddc2d884be,0.0
15209530,1658723252.0,0x959f8d9cfded6d8c0b734dddb700406f03b317aa,0x141c7c124e574a9be8a2ee654ac3b0ddc2d884be,0.0
15209553,1658723612.0,0x959f8d9cfded6d8c0b734dddb700406f03b317aa,0x141c7c124e574a9be8a2ee654ac3b0ddc2d884be,0.0
15209576,1658723946.0,0x959f8d9cfded6d8c0b734dddb700406f03b317aa,0x141c7c124e574a9be8a2ee654ac3b0ddc2d884be,0.0
15209605,1658724475.0,0x959f8d9cfded6d8c0b734dddb700406f03b317aa,0x141c7c124e574a9be8a2ee654ac3b0ddc2d884be,0.0
15209627,1658724775.0,0x959f8d9cfded6d8c0b734dddb700406f03b317aa,0x141c7c124e574a9be8a2ee654ac3b0ddc2d884be,0.0
15209654,1658725197.0,0x959f8d9cfded6d8c0b734dddb700406f03b317aa,0x141c7c124e574a9be8a2ee654ac3b0ddc2d884be,0.0
15209685,1658725583.0,0x959f8d9cfded6d8c0b734dddb700406f03b317aa,0x141c7c124e574a9be8a2ee654ac3b0ddc2d884be,0.0
15209731,1658726035.0,0x959f8d9cfded6d8c0b734dddb700406f03b317aa,0x141c7c124e574a9be8a2ee654ac3b0ddc2d884be,0.0
15209754,1658726351.0,0x959f8d9cfded6d8c0b734dddb700406f03b317aa,0x141c7c124e574a9be8a2ee654ac3b0ddc2d884be,0.0
15209777,1658726669.0,0x959f8d9cfded6d8c0b734dddb700406f03b317aa,0x141c7c124e574a9be8a2ee654ac3b0ddc2d884be,0.0
15209818,1658727143.0,0x959f8d9cfded6d8c0b734dddb700406f03b317aa,0x141c7c124e574a9be8a2ee654ac3b0ddc2d884be,0.0
15209846,1658727484.0,0x959f8d9cfded6d8c0b734dddb700406f03b317aa,0x141c7c124e574a9be8a2ee654ac3b0ddc2d884be,0.0
15209883,1658728052.0,0x959f8d9cfded6d8c0b734dddb700406f03b317aa,0x141c7c124e574a9be8a2ee654ac3b0ddc2d884be,0.0
15209917,1658728515.0,0x959f8d9cfded6d8c0b734dddb700406f03b317aa,0x141c7c124e574a9be8a2ee654ac3b0ddc2d884be,0.0
15209951,1658728958.0,0x959f8d9cfded6d8c0b734dddb700406f03b317aa,0x141c7c124e574a9be8a2ee654ac3b0ddc2d884be,0.0
15209979,1658729423.0,0x959f8d9cfded6d8c0b734dddb700406f03b317aa,0x141c7c124e574a9be8a2ee654ac3b0ddc2d884be,0.0
15210014,1658729876.0,0x959f8d9cfded6d8c0b734dddb700406f03b317aa,0x141c7c124e574a9be8a2ee654ac3b0ddc2d884be,0.0
15210034,1658730234.0,0x959f8d9cfded6d8c0b734dddb700406f03b317aa,0x141c7c124e574a9be8a2ee654ac3b0ddc2d884be,0.0
15210052,1658730419.0,0x959f8d9cfded6d8c0b734dddb700406f03b317aa,0x141c7c124e574a9be8a2ee654ac3b0ddc2d884be,0.0
15210075,1658730812.0,0x959f8d9cfded6d8c0b734dddb700406f03b317aa,0x141c7c124e574a9be8a2ee654ac3b0ddc2d884be,0.0
15210099,1658731096.0,0x959f8d9cfded6d8c0b734dddb700406f03b317aa,0x141c7c124e574a9be8a2ee654ac3b0ddc2d884be,0.0
15210127,1658731417.0,0x959f8d9cfded6d8c0b734dddb700406f03b317aa,0x141c7c124e574a9be8a2ee654ac3b0ddc2d884be,0.0
15210151,1658731770.0,0x959f8d9cfded6d8c0b734dddb700406f03b317aa,0x141c7c124e574a9be8a2ee654ac3b0ddc2d884be,0.0
15210166,1658732057.0,0x959f8d9cfded6d8c0b734dddb700406f03b317aa,0x141c7c124e574a9be8a2ee654ac3b0ddc2d884be,0.0
15210192,1658732340.0,0x959f8d9cfded6d8c0b734dddb700406f03b317aa,0x141c7c124e574a9be8a2ee654ac3b0ddc2d884be,0.0
15210211,1658732599.0,0x959f8d9cfded6d8c0b734dddb700406f03b317aa,0x141c7c124e574a9be8a2ee654ac3b0ddc2d884be,0.0
15210242,1658733006.0,0x959f8d9cfded6d8c0b734dddb700406f03b317aa,0x141c7c124e574a9be8a2ee654ac3b0ddc2d884be,0.0
15210272,1658733269.0,0x959f8d9cfded6d8c0b734dddb700406f03b317aa,0x141c7c124e574a9be8a2ee654ac3b0ddc2d884be,0.0
15210298,1658733665.0,0x959f8d9cfded6d8c0b734dddb700406f03b317aa,0x141c7c124e574a9be8a2ee654ac3b0ddc2d884be,0.0
15210315,1658733951.0,0x959f8d9cfded6d8c0b734dddb700406f03b317aa,0x141c7c124e574a9be8a2ee654ac3b0ddc2d884be,0.0
15210332,1658734157.0,0x959f8d9cfded6d8c0b734dddb700406f03b317aa,0x141c7c124e574a9be8a2ee654ac3b0ddc2d884be,0.0
15210350,1658734413.0,0x959f8d9cfded6d8c0b734dddb700406f03b317aa,0x141c7c124e574a9be8a2ee654ac3b0ddc2d884be,0.0
15210368,1658734657.0,0x959f8d9cfded6d8c0b734dddb700406f03b317aa,0x141c7c124e574a9be8a2ee654ac3b0ddc2d884be,0.0
15210383,1658734910.0,0x959f8d9cfded6d8c0b734dddb700406f03b317aa,0x141c7c124e574a9be8a2ee654ac3b0ddc2d884be,0.0
15210414,1658735325.0,0x959f8d9cfded6d8c0b734dddb700406f03b317aa,0x141c7c124e574a9be8a2ee654ac3b0ddc2d884be,0.0
15210435,1658735554.0,0x959f8d9cfded6d8c0b734dddb700406f03b317aa,0x141c7c124e574a9be8a2ee654ac3b0ddc2d884be,0.0
15210447,1658735735.0,0x959f8d9cfded6d8c0b734dddb700406f03b317aa,0x141c7c124e574a9be8a2ee654ac3b0ddc2d884be,0.0
15210478,1658735998.0,0x959f8d9cfded6d8c0b734dddb700406f03b317aa,0x141c7c124e574a9be8a2ee654ac3b0ddc2d884be,0.0
15210504,1658736306.0,0x959f8d9cfded6d8c0b734dddb700406f03b317aa,0x141c7c124e574a9be8a2ee654ac3b0ddc2d884be,0.0
15210524,1658736549.0,0x959f8d9cfded6d8c0b734dddb700406f03b317aa,0x141c7c124e574a9be8a2ee654ac3b0ddc2d884be,0.0
15210541,1658736819.0,0x959f8d9cfded6d8c0b734dddb700406f03b317aa,0x141c7c124e574a9be8a2ee654ac3b0ddc2d884be,0.0
15210562,1658737106.0,0x959f8d9cfded6d8c0b734dddb700406f03b317aa,0x141c7c124e574a9be8a2ee654ac3b0ddc2d884be,0.0
15210575,1658737289.0,0x959f8d9cfded6d8c0b734dddb700406f03b317aa,0x141c7c124e574a9be8a2ee654ac3b0ddc2d884be,0.0
15210591,1658737542.0,0x959f8d9cfded6d8c0b734dddb700406f03b317aa,0x141c7c124e574a9be8a2ee654ac3b0ddc2d884be,0.0
15210605,1658737869.0,0x959f8d9cfded6d8c0b734dddb700406f03b317aa,0x141c7c124e574a9be8a2ee654ac3b0ddc2d884be,0.0
15210617,1658738010.0,0x959f8d9cfded6d8c0b734dddb700406f03b317aa,0x141c7c124e574a9be8a2ee654ac3b0ddc2d884be,0.0
15210623,1658738107.0,0x959f8d9cfded6d8c0b734dddb700406f03b317aa,0x141c7c124e574a9be8a2ee654ac3b0ddc2d884be,0.0
15210632,1658738204.0,0x959f8d9cfded6d8c0b734dddb700406f03b317aa,0x141c7c124e574a9be8a2ee654ac3b0ddc2d884be,0.0
15210646,1658738362.0,0x959f8d9cfded6d8c0b734dddb700406f03b317aa,0x141c7c124e574a9be8a2ee654ac3b0ddc2d884be,0.0
15210663,1658738621.0,0x959f8d9cfded6d8c0b734dddb700406f03b317aa,0x141c7c124e574a9be8a2ee654ac3b0ddc2d884be,0.0
15210671,1658738808.0,0x959f8d9cfded6d8c0b734dddb700406f03b317aa,0x141c7c124e574a9be8a2ee654ac3b0ddc2d884be,0.0
15210692,1658738997.0,0x959f8d9cfded6d8c0b734dddb700406f03b317aa,0x141c7c124e574a9be8a2ee654ac3b0ddc2d884be,0.0
15210712,1658739242.0,0x959f8d9cfded6d8c0b734dddb700406f03b317aa,0x141c7c124e574a9be8a2ee654ac3b0ddc2d884be,0.0
15210733,1658739515.0,0x959f8d9cfded6d8c0b734dddb700406f03b317aa,0x141c7c124e574a9be8a2ee654ac3b0ddc2d884be,0.0
15210749,1658739725.0,0x959f8d9cfded6d8c0b734dddb700406f03b317aa,0x141c7c124e574a9be8a2ee654ac3b0ddc2d884be,0.0
15210766,1658739909.0,0x959f8d9cfded6d8c0b734dddb700406f03b317aa,0x141c7c124e574a9be8a2ee654ac3b0ddc2d884be,0.0
15210789,1658740232.0,0x959f8d9cfded6d8c0b734dddb700406f03b317aa,0x141c7c124e574a9be8a2ee654ac3b0ddc2d884be,0.0
15210808,1658740434.0,0x959f8d9cfded6d8c0b734dddb700406f03b317aa,0x141c7c124e574a9be8a2ee654ac3b0ddc2d884be,0.0
15210818,1658740711.0,0x959f8d9cfded6d8c0b734dddb700406f03b317aa,0x141c7c124e574a9be8a2ee654ac3b0ddc2d884be,0.0
15210830,1658740897.0,0x959f8d9cfded6d8c0b734dddb700406f03b317aa,0x141c7c124e574a9be8a2ee654ac3b0ddc2d884be,0.0
15210847,1658741108.0,0x959f8d9cfded6d8c0b734dddb700406f03b317aa,0x141c7c124e574a9be8a2ee654ac3b0ddc2d884be,0.0
15210864,1658741240.0,0x959f8d9cfded6d8c0b734dddb700406f03b317aa,0x141c7c124e574a9be8a2ee654ac3b0ddc2d884be,0.0
15210894,1658741532.0,0x959f8d9cfded6d8c0b734dddb700406f03b317aa,0x141c7c124e574a9be8a2ee654ac3b0ddc2d884be,0.0
15210906,1658741682.0,0x959f8d9cfded6d8c0b734dddb700406f03b317aa,0x141c7c124e574a9be8a2ee654ac3b0ddc2d884be,0.0
15210935,1658741969.0,0x959f8d9cfded6d8c0b734dddb700406f03b317aa,0x141c7c124e574a9be8a2ee654ac3b0ddc2d884be,0.0
15210961,1658742333.0,0x959f8d9cfded6d8c0b734dddb700406f03b317aa,0x141c7c124e574a9be8a2ee654ac3b0ddc2d884be,0.0
15210975,1658742485.0,0x959f8d9cfded6d8c0b734dddb700406f03b317aa,0x141c7c124e574a9be8a2ee654ac3b0ddc2d884be,0.0
15210983,1658742618.0,0x959f8d9cfded6d8c0b734dddb700406f03b317aa,0x141c7c124e574a9be8a2ee654ac3b0ddc2d884be,0.0
15211013,1658742926.0,0x959f8d9cfded6d8c0b734dddb700406f03b317aa,0x141c7c124e574a9be8a2ee654ac3b0ddc2d884be,0.0
15211022,1658743072.0,0x959f8d9cfded6d8c0b734dddb700406f03b317aa,0x141c7c124e574a9be8a2ee654ac3b0ddc2d884be,0.0
15211035,1658743397.0,0x959f8d9cfded6d8c0b734dddb700406f03b317aa,0x141c7c124e574a9be8a2ee654ac3b0ddc2d884be,0.0
15211053,1658743557.0,0x959f8d9cfded6d8c0b734dddb700406f03b317aa,0x141c7c124e574a9be8a2ee654ac3b0ddc2d884be,0.0
15211071,1658743766.0,0x959f8d9cfded6d8c0b734dddb700406f03b317aa,0x141c7c124e574a9be8a2ee654ac3b0ddc2d884be,0.0
15211081,1658743956.0,0x959f8d9cfded6d8c0b734dddb700406f03b317aa,0x141c7c124e574a9be8a2ee654ac3b0ddc2d884be,0.0
15211090,1658744165.0,0x959f8d9cfded6d8c0b734dddb700406f03b317aa,0x141c7c124e574a9be8a2ee654ac3b0ddc2d884be,0.0
15211105,1658744356.0,0x959f8d9cfded6d8c0b734dddb700406f03b317aa,0x141c7c124e574a9be8a2ee654ac3b0ddc2d884be,0.0
15211112,1658744528.0,0x959f8d9cfded6d8c0b734dddb700406f03b317aa,0x141c7c124e574a9be8a2ee654ac3b0ddc2d884be,0.0
15211142,1658744890.0,0x959f8d9cfded6d8c0b734dddb700406f03b317aa,0x141c7c124e574a9be8a2ee654ac3b0ddc2d884be,0.0
15211157,1658745158.0,0x959f8d9cfded6d8c0b734dddb700406f03b317aa,0x141c7c124e574a9be8a2ee654ac3b0ddc2d884be,0.0
15211173,1658745299.0,0x959f8d9cfded6d8c0b734dddb700406f03b317aa,0x141c7c124e574a9be8a2ee654ac3b0ddc2d884be,0.0
15211187,1658745481.0,0x959f8d9cfded6d8c0b734dddb700406f03b317aa,0x141c7c124e574a9be8a2ee654ac3b0ddc2d884be,0.0
15211207,1658745761.0,0x959f8d9cfded6d8c0b734dddb700406f03b317aa,0x141c7c124e574a9be8a2ee654ac3b0ddc2d884be,0.0
15211228,1658746021.0,0x959f8d9cfded6d8c0b734dddb700406f03b317aa,0x141c7c124e574a9be8a2ee654ac3b0ddc2d884be,0.0
15211261,1658746381.0,0x959f8d9cfded6d8c0b734dddb700406f03b317aa,0x141c7c124e574a9be8a2ee654ac3b0ddc2d884be,0.0
15211274,1658746682.0,0x959f8d9cfded6d8c0b734dddb700406f03b317aa,0x141c7c124e574a9be8a2ee654ac3b0ddc2d884be,0.0
15211284,1658746812.0,0x959f8d9cfded6d8c0b734dddb700406f03b317aa,0x141c7c124e574a9be8a2ee654ac3b0ddc2d884be,0.0
15211295,1658746991.0,0x959f8d9cfded6d8c0b734dddb700406f03b317aa,0x141c7c124e574a9be8a2ee654ac3b0ddc2d884be,0.0
15211313,1658747282.0,0x959f8d9cfded6d8c0b734dddb700406f03b317aa,0x141c7c124e574a9be8a2ee654ac3b0ddc2d884be,0.0
15211332,1658747566.0,0x959f8d9cfded6d8c0b734dddb700406f03b317aa,0x141c7c124e574a9be8a2ee654ac3b0ddc2d884be,0.0
15211354,1658747920.0,0x959f8d9cfded6d8c0b734dddb700406f03b317aa,0x141c7c124e574a9be8a2ee654ac3b0ddc2d884be,0.0
15211380,1658748287.0,0x959f8d9cfded6d8c0b734dddb700406f03b317aa,0x141c7c124e574a9be8a2ee654ac3b0ddc2d884be,0.0
15211396,1658748512.0,0x959f8d9cfded6d8c0b734dddb700406f03b317aa,0x141c7c124e574a9be8a2ee654ac3b0ddc2d884be,0.0
15211411,1658748667.0,0x959f8d9cfded6d8c0b734dddb700406f03b317aa,0x141c7c124e574a9be8a2ee654ac3b0ddc2d884be,0.0
15211425,1658748831.0,0x959f8d9cfded6d8c0b734dddb700406f03b317aa,0x141c7c124e574a9be8a2ee654ac3b0ddc2d884be,0.0
15211440,1658748987.0,0x959f8d9cfded6d8c0b734dddb700406f03b317aa,0x141c7c124e574a9be8a2ee654ac3b0ddc2d884be,0.0
15211461,1658749342.0,0x959f8d9cfded6d8c0b734dddb700406f03b317aa,0x141c7c124e574a9be8a2ee654ac3b0ddc2d884be,0.0
15211485,1658749633.0,0x959f8d9cfded6d8c0b734dddb700406f03b317aa,0x141c7c124e574a9be8a2ee654ac3b0ddc2d884be,0.0
15211498,1658749912.0,0x959f8d9cfded6d8c0b734dddb700406f03b317aa,0x141c7c124e574a9be8a2ee654ac3b0ddc2d884be,0.0
15211513,1658750241.0,0x959f8d9cfded6d8c0b734dddb700406f03b317aa,0x141c7c124e574a9be8a2ee654ac3b0ddc2d884be,0.0
15211533,1658750518.0,0x959f8d9cfded6d8c0b734dddb700406f03b317aa,0x141c7c124e574a9be8a2ee654ac3b0ddc2d884be,0.0
15211551,1658750757.0,0x959f8d9cfded6d8c0b734dddb700406f03b317aa,0x141c7c124e574a9be8a2ee654ac3b0ddc2d884be,0.0
15211565,1658750957.0,0x959f8d9cfded6d8c0b734dddb700406f03b317aa,0x141c7c124e574a9be8a2ee654ac3b0ddc2d884be,0.0
15211580,1658751172.0,0x959f8d9cfded6d8c0b734dddb700406f03b317aa,0x141c7c124e574a9be8a2ee654ac3b0ddc2d884be,0.0
15211594,1658751332.0,0x959f8d9cfded6d8c0b734dddb700406f03b317aa,0x141c7c124e574a9be8a2ee654ac3b0ddc2d884be,0.0
15211608,1658751522.0,0x959f8d9cfded6d8c0b734dddb700406f03b317aa,0x141c7c124e574a9be8a2ee654ac3b0ddc2d884be,0.0
15211625,1658751700.0,0x959f8d9cfded6d8c0b734dddb700406f03b317aa,0x141c7c124e574a9be8a2ee654ac3b0ddc2d884be,0.0
15211644,1658751922.0,0x959f8d9cfded6d8c0b734dddb700406f03b317aa,0x141c7c124e574a9be8a2ee654ac3b0ddc2d884be,0.0
15211658,1658752107.0,0x959f8d9cfded6d8c0b734dddb700406f03b317aa,0x141c7c124e574a9be8a2ee654ac3b0ddc2d884be,0.0
15211677,1658752426.0,0x959f8d9cfded6d8c0b734dddb700406f03b317aa,0x141c7c124e574a9be8a2ee654ac3b0ddc2d884be,0.0
15211698,1658752753.0,0x959f8d9cfded6d8c0b734dddb700406f03b317aa,0x141c7c124e574a9be8a2ee654ac3b0ddc2d884be,0.0
15211714,1658752979.0,0x959f8d9cfded6d8c0b734dddb700406f03b317aa,0x141c7c124e574a9be8a2ee654ac3b0ddc2d884be,0.0
15211735,1658753153.0,0x959f8d9cfded6d8c0b734dddb700406f03b317aa,0x141c7c124e574a9be8a2ee654ac3b0ddc2d884be,0.0
15211759,1658753347.0,0x959f8d9cfded6d8c0b734dddb700406f03b317aa,0x141c7c124e574a9be8a2ee654ac3b0ddc2d884be,0.0
15211779,1658753641.0,0x959f8d9cfded6d8c0b734dddb700406f03b317aa,0x141c7c124e574a9be8a2ee654ac3b0ddc2d884be,0.0
15211805,1658753994.0,0x959f8d9cfded6d8c0b734dddb700406f03b317aa,0x141c7c124e574a9be8a2ee654ac3b0ddc2d884be,0.0
15211825,1658754305.0,0x959f8d9cfded6d8c0b734dddb700406f03b317aa,0x141c7c124e574a9be8a2ee654ac3b0ddc2d884be,0.0
15211842,1658754530.0,0x959f8d9cfded6d8c0b734dddb700406f03b317aa,0x141c7c124e574a9be8a2ee654ac3b0ddc2d884be,0.0
15211863,1658754781.0,0x959f8d9cfded6d8c0b734dddb700406f03b317aa,0x141c7c124e574a9be8a2ee654ac3b0ddc2d884be,0.0
15211885,1658755060.0,0x959f8d9cfded6d8c0b734dddb700406f03b317aa,0x141c7c124e574a9be8a2ee654ac3b0ddc2d884be,0.0
15211900,1658755329.0,0x959f8d9cfded6d8c0b734dddb700406f03b317aa,0x141c7c124e574a9be8a2ee654ac3b0ddc2d884be,0.0
15211920,1658755583.0,0x959f8d9cfded6d8c0b734dddb700406f03b317aa,0x141c7c124e574a9be8a2ee654ac3b0ddc2d884be,0.0
15211936,1658755815.0,0x959f8d9cfded6d8c0b734dddb700406f03b317aa,0x141c7c124e574a9be8a2ee654ac3b0ddc2d884be,0.0
15211953,1658756020.0,0x959f8d9cfded6d8c0b734dddb700406f03b317aa,0x141c7c124e574a9be8a2ee654ac3b0ddc2d884be,0.0
15211977,1658756401.0,0x959f8d9cfded6d8c0b734dddb700406f03b317aa,0x141c7c124e574a9be8a2ee654ac3b0ddc2d884be,0.0
15211995,1658756611.0,0x959f8d9cfded6d8c0b734dddb700406f03b317aa,0x141c7c124e574a9be8a2ee654ac3b0ddc2d884be,0.0
15212010,1658756780.0,0x959f8d9cfded6d8c0b734dddb700406f03b317aa,0x141c7c124e574a9be8a2ee654ac3b0ddc2d884be,0.0
15212020,1658756973.0,0x959f8d9cfded6d8c0b734dddb700406f03b317aa,0x141c7c124e574a9be8a2ee654ac3b0ddc2d884be,0.0
15212031,1658757147.0,0x959f8d9cfded6d8c0b734dddb700406f03b317aa,0x141c7c124e574a9be8a2ee654ac3b0ddc2d884be,0.0
15212047,1658757352.0,0x959f8d9cfded6d8c0b734dddb700406f03b317aa,0x141c7c124e574a9be8a2ee654ac3b0ddc2d884be,0.0
15212072,1658757635.0,0x959f8d9cfded6d8c0b734dddb700406f03b317aa,0x141c7c124e574a9be8a2ee654ac3b0ddc2d884be,0.0
15212086,1658757762.0,0x959f8d9cfded6d8c0b734dddb700406f03b317aa,0x141c7c124e574a9be8a2ee654ac3b0ddc2d884be,0.0
15212116,1658758044.0,0x959f8d9cfded6d8c0b734dddb700406f03b317aa,0x141c7c124e574a9be8a2ee654ac3b0ddc2d884be,0.0
15212138,1658758367.0,0x959f8d9cfded6d8c0b734dddb700406f03b317aa,0x141c7c124e574a9be8a2ee654ac3b0ddc2d884be,0.0
15212154,1658758585.0,0x959f8d9cfded6d8c0b734dddb700406f03b317aa,0x141c7c124e574a9be8a2ee654ac3b0ddc2d884be,0.0
15212167,1658758747.0,0x959f8d9cfded6d8c0b734dddb700406f03b317aa,0x141c7c124e574a9be8a2ee654ac3b0ddc2d884be,0.0
15212180,1658758906.0,0x959f8d9cfded6d8c0b734dddb700406f03b317aa,0x141c7c124e574a9be8a2ee654ac3b0ddc2d884be,0.0
15212191,1658759082.0,0x959f8d9cfded6d8c0b734dddb700406f03b317aa,0x141c7c124e574a9be8a2ee654ac3b0ddc2d884be,0.0
15212212,1658759337.0,0x959f8d9cfded6d8c0b734dddb700406f03b317aa,0x141c7c124e574a9be8a2ee654ac3b0ddc2d884be,0.0
15212225,1658759460.0,0x959f8d9cfded6d8c0b734dddb700406f03b317aa,0x141c7c124e574a9be8a2ee654ac3b0ddc2d884be,0.0
15212254,1658759750.0,0x959f8d9cfded6d8c0b734dddb700406f03b317aa,0x141c7c124e574a9be8a2ee654ac3b0ddc2d884be,0.0
15212265,1658759869.0,0x959f8d9cfded6d8c0b734dddb700406f03b317aa,0x141c7c124e574a9be8a2ee654ac3b0ddc2d884be,0.0
15212281,1658760015.0,0x959f8d9cfded6d8c0b734dddb700406f03b317aa,0x141c7c124e574a9be8a2ee654ac3b0ddc2d884be,0.0
15212304,1658760234.0,0x959f8d9cfded6d8c0b734dddb700406f03b317aa,0x141c7c124e574a9be8a2ee654ac3b0ddc2d884be,0.0
15212326,1658760522.0,0x959f8d9cfded6d8c0b734dddb700406f03b317aa,0x141c7c124e574a9be8a2ee654ac3b0ddc2d884be,0.0
15212348,1658760979.0,0x959f8d9cfded6d8c0b734dddb700406f03b317aa,0x141c7c124e574a9be8a2ee654ac3b0ddc2d884be,0.0
15212362,1658761174.0,0x959f8d9cfded6d8c0b734dddb700406f03b317aa,0x141c7c124e574a9be8a2ee654ac3b0ddc2d884be,0.0
15212386,1658761454.0,0x959f8d9cfded6d8c0b734dddb700406f03b317aa,0x141c7c124e574a9be8a2ee654ac3b0ddc2d884be,0.0
15212399,1658761613.0,0x959f8d9cfded6d8c0b734dddb700406f03b317aa,0x141c7c124e574a9be8a2ee654ac3b0ddc2d884be,0.0
15212415,1658761779.0,0x959f8d9cfded6d8c0b734dddb700406f03b317aa,0x141c7c124e574a9be8a2ee654ac3b0ddc2d884be,0.0
15212441,1658762129.0,0x959f8d9cfded6d8c0b734dddb700406f03b317aa,0x141c7c124e574a9be8a2ee654ac3b0ddc2d884be,0.0
15212539,1658763411.0,0x959f8d9cfded6d8c0b734dddb700406f03b317aa,0x141c7c124e574a9be8a2ee654ac3b0ddc2d884be,0.0
15212620,1658764479.0,0x959f8d9cfded6d8c0b734dddb700406f03b317aa,0x141c7c124e574a9be8a2ee654ac3b0ddc2d884be,0.0
15212643,1658764834.0,0xd256e2c035057bf3afe09b22f784863989b2be95,0x141c7c124e574a9be8a2ee654ac3b0ddc2d884be,0.0
15212703,1658765728.0,0x959f8d9cfded6d8c0b734dddb700406f03b317aa,0x141c7c124e574a9be8a2ee654ac3b0ddc2d884be,0.0
15212803,1658766992.0,0x959f8d9cfded6d8c0b734dddb700406f03b317aa,0x141c7c124e574a9be8a2ee654ac3b0ddc2d884be,0.0
15214538,1658789983.0,0x959f8d9cfded6d8c0b734dddb700406f03b317aa,0x141c7c124e574a9be8a2ee654ac3b0ddc2d884be,0.0
15222024,1658891372.0,0x959f8d9cfded6d8c0b734dddb700406f03b317aa,0x141c7c124e574a9be8a2ee654ac3b0ddc2d884be,0.0
15222190,1658893428.0,0x959f8d9cfded6d8c0b734dddb700406f03b317aa,0x141c7c124e574a9be8a2ee654ac3b0ddc2d884be,0.0
15222324,1658895392.0,0x959f8d9cfded6d8c0b734dddb700406f03b317aa,0x141c7c124e574a9be8a2ee654ac3b0ddc2d884be,0.0
15222426,1658896944.0,0xba8add613d56438aeede211d3852d977374b75ae,0x141c7c124e574a9be8a2ee654ac3b0ddc2d884be,0.0
15222476,1658897705.0,0x959f8d9cfded6d8c0b734dddb700406f03b317aa,0x141c7c124e574a9be8a2ee654ac3b0ddc2d884be,0.0
15222501,1658898069.0,0xba8add613d56438aeede211d3852d977374b75ae,0x141c7c124e574a9be8a2ee654ac3b0ddc2d884be,0.0
15222616,1658899865.0,0x959f8d9cfded6d8c0b734dddb700406f03b317aa,0x141c7c124e574a9be8a2ee654ac3b0ddc2d884be,0.0
15222756,1658901955.0,0x959f8d9cfded6d8c0b734dddb700406f03b317aa,0x141c7c124e574a9be8a2ee654ac3b0ddc2d884be,0.0
15222875,1658903628.0,0x959f8d9cfded6d8c0b734dddb700406f03b317aa,0x141c7c124e574a9be8a2ee654ac3b0ddc2d884be,0.0
15222981,1658905176.0,0x8174f88a6360dca462d225ff876f01b7f287f69e,0x141c7c124e574a9be8a2ee654ac3b0ddc2d884be,0.0
15222997,1658905406.0,0x959f8d9cfded6d8c0b734dddb700406f03b317aa,0x141c7c124e574a9be8a2ee654ac3b0ddc2d884be,0.0
15223104,1658906669.0,0x959f8d9cfded6d8c0b734dddb700406f03b317aa,0x141c7c124e574a9be8a2ee654ac3b0ddc2d884be,0.0
15223218,1658907922.0,0x959f8d9cfded6d8c0b734dddb700406f03b317aa,0x141c7c124e574a9be8a2ee654ac3b0ddc2d884be,0.0
15223323,1658909172.0,0x959f8d9cfded6d8c0b734dddb700406f03b317aa,0x141c7c124e574a9be8a2ee654ac3b0ddc2d884be,0.0
15223339,1658909319.0,0xd2662a4e2cf302a0e5940da68e2776d7c9de3952,0x141c7c124e574a9be8a2ee654ac3b0ddc2d884be,0.0
15223413,1658910193.0,0x959f8d9cfded6d8c0b734dddb700406f03b317aa,0x141c7c124e574a9be8a2ee654ac3b0ddc2d884be,0.0
15223493,1658911282.0,0x959f8d9cfded6d8c0b734dddb700406f03b317aa,0x141c7c124e574a9be8a2ee654ac3b0ddc2d884be,0.0
15223584,1658912397.0,0xd2662a4e2cf302a0e5940da68e2776d7c9de3952,0x141c7c124e574a9be8a2ee654ac3b0ddc2d884be,0.0
15223585,1658912436.0,0x959f8d9cfded6d8c0b734dddb700406f03b317aa,0x141c7c124e574a9be8a2ee654ac3b0ddc2d884be,0.0
15223676,1658913605.0,0x959f8d9cfded6d8c0b734dddb700406f03b317aa,0x141c7c124e574a9be8a2ee654ac3b0ddc2d884be,0.0
15223759,1658914733.0,0x959f8d9cfded6d8c0b734dddb700406f03b317aa,0x141c7c124e574a9be8a2ee654ac3b0ddc2d884be,0.0
15223860,1658916063.0,0x959f8d9cfded6d8c0b734dddb700406f03b317aa,0x141c7c124e574a9be8a2ee654ac3b0ddc2d884be,0.0
15223890,1658916378.0,0x75036cd615b9328e144ca78bb3b97f9311c8fcdf,0x141c7c124e574a9be8a2ee654ac3b0ddc2d884be,0.0
15223984,1658917680.0,0x959f8d9cfded6d8c0b734dddb700406f03b317aa,0x141c7c124e574a9be8a2ee654ac3b0ddc2d884be,0.0
15224082,1658918819.0,0x959f8d9cfded6d8c0b734dddb700406f03b317aa,0x141c7c124e574a9be8a2ee654ac3b0ddc2d884be,0.0
15224201,1658920230.0,0x959f8d9cfded6d8c0b734dddb700406f03b317aa,0x141c7c124e574a9be8a2ee654ac3b0ddc2d884be,0.0
15224292,1658921480.0,0x959f8d9cfded6d8c0b734dddb700406f03b317aa,0x141c7c124e574a9be8a2ee654ac3b0ddc2d884be,0.0
15224395,1658922811.0,0x959f8d9cfded6d8c0b734dddb700406f03b317aa,0x141c7c124e574a9be8a2ee654ac3b0ddc2d884be,0.0
15224487,1658924192.0,0x959f8d9cfded6d8c0b734dddb700406f03b317aa,0x141c7c124e574a9be8a2ee654ac3b0ddc2d884be,0.0
15224577,1658925428.0,0x959f8d9cfded6d8c0b734dddb700406f03b317aa,0x141c7c124e574a9be8a2ee654ac3b0ddc2d884be,0.0
15224670,1658926487.0,0x959f8d9cfded6d8c0b734dddb700406f03b317aa,0x141c7c124e574a9be8a2ee654ac3b0ddc2d884be,0.0
15224760,1658927891.0,0x959f8d9cfded6d8c0b734dddb700406f03b317aa,0x141c7c124e574a9be8a2ee654ac3b0ddc2d884be,0.0
15224857,1658929203.0,0x959f8d9cfded6d8c0b734dddb700406f03b317aa,0x141c7c124e574a9be8a2ee654ac3b0ddc2d884be,0.0
15224950,1658930463.0,0x959f8d9cfded6d8c0b734dddb700406f03b317aa,0x141c7c124e574a9be8a2ee654ac3b0ddc2d884be,0.0
15225039,1658931567.0,0x959f8d9cfded6d8c0b734dddb700406f03b317aa,0x141c7c124e574a9be8a2ee654ac3b0ddc2d884be,0.0
15225408,1658936600.0,0xd0a13c717da98d13f6b7ae124e0537d7e9f1bad6,0x141c7c124e574a9be8a2ee654ac3b0ddc2d884be,0.0
15234177,1659054274.0,0xb1d112dcb8bdbed0da8bc0a211c2fdb2e0e07b3f,0x141c7c124e574a9be8a2ee654ac3b0ddc2d884be,0.0
15239237,1659122340.0,0x81ba58f0e79e340ad2dd7d65aef7fe7cda4d1274,0x141c7c124e574a9be8a2ee654ac3b0ddc2d884be,0.0
15245275,1659203940.0,0x26216daf0ffa21d334662df4576b442be87878ef,0x141c7c124e574a9be8a2ee654ac3b0ddc2d884be,0.0
15247600,1659234833.0,0x1263bd80b9338e9048b7ef6c444a16b5eee95ede,0x141c7c124e574a9be8a2ee654ac3b0ddc2d884be,0.0
15247796,1659237316.0,0x1263bd80b9338e9048b7ef6c444a16b5eee95ede,0x141c7c124e574a9be8a2ee654ac3b0ddc2d884be,0.0
15247834,1659237958.0,0x1263bd80b9338e9048b7ef6c444a16b5eee95ede,0x141c7c124e574a9be8a2ee654ac3b0ddc2d884be,0.0
15250801,1659278054.0,0x0ba880fa3f57fd0675428187d7d1e26d1c1759a9,0x141c7c124e574a9be8a2ee654ac3b0ddc2d884be,0.0
15252046,1659294540.0,0xc23f5c5b5cc8afea66566a9ca1a1bc3200e4118f,0x141c7c124e574a9be8a2ee654ac3b0ddc2d884be,0.0
15252054,1659294655.0,0x0ba880fa3f57fd0675428187d7d1e26d1c1759a9,0x141c7c124e574a9be8a2ee654ac3b0ddc2d884be,0.0
15253172,1659309806.0,0x0ba880fa3f57fd0675428187d7d1e26d1c1759a9,0x141c7c124e574a9be8a2ee654ac3b0ddc2d884be,0.0
15261825,1659426592.0,0x60ccd784c84031ed4995cc538944041588bbb4cd,0x141c7c124e574a9be8a2ee654ac3b0ddc2d884be,0.0
15273233,1659580268.0,0x195cb0b5f8cf43ac76e68ab20c6609ddfa14977c,0x141c7c124e574a9be8a2ee654ac3b0ddc2d884be,0.0
15275268,1659607791.0,0x26216daf0ffa21d334662df4576b442be87878ef,0x141c7c124e574a9be8a2ee654ac3b0ddc2d884be,0.0
15277399,1659636825.0,0x8a09ebdeaa0be85e7c0d649cd2669d6cf81f1ad4,0x141c7c124e574a9be8a2ee654ac3b0ddc2d884be,0.0
15286668,1659760822.0,0x948ee69b6ae5e07d0e78ba936d9af28a2adcc087,0x141c7c124e574a9be8a2ee654ac3b0ddc2d884be,0.0
15318355,1660188683.0,0x8c26399e7cac85fb42f57368ad3076654430bcfd,0x141c7c124e574a9be8a2ee654ac3b0ddc2d884be,0.0
15328762,1660331408.0,0xba8add613d56438aeede211d3852d977374b75ae,0x141c7c124e574a9be8a2ee654ac3b0ddc2d884be,0.0
15333093,1660389382.0,0x26216daf0ffa21d334662df4576b442be87878ef,0x141c7c124e574a9be8a2ee654ac3b0ddc2d884be,0.0
15345497,1660559120.0,0x50655c814b96da35e42942f6510014ddea38a152,0x141c7c124e574a9be8a2ee654ac3b0ddc2d884be,0.0
15374990,1660962501.0,0x0b81ce5ffb13c2f68b90f27467cca0cb2a9b3185,0x141c7c124e574a9be8a2ee654ac3b0ddc2d884be,0.0
15383672,1661080493.0,0xa9a5ce8ac0e1316e5bdc289a41f0001f59dc5c0e,0x141c7c124e574a9be8a2ee654ac3b0ddc2d884be,0.0
15389609,1661162378.0,0x7d324494bf6d649789e92336b7a704a15bfd8669,0x141c7c124e574a9be8a2ee654ac3b0ddc2d884be,0.0
15401433,1661324033.0,0x219340b947e313b6a204eb4fd75e89a22a014b0f,0x141c7c124e574a9be8a2ee654ac3b0ddc2d884be,0.0
15432187,1661749412.0,0xfafdfd1031cd83daca901808080646f2144633de,0x141c7c124e574a9be8a2ee654ac3b0ddc2d884be,0.0
15500801,1662698378.0,0xb9b3f045ad4de99c31f818db86aa67b384fbdf36,0x141c7c124e574a9be8a2ee654ac3b0ddc2d884be,0.0
15511342,1662849292.0,0xaad43ea013ffd4248e32f406d0ff2327dccc1ae7,0x141c7c124e574a9be8a2ee654ac3b0ddc2d884be,0.0
15530226,1663118874.0,0xeabd9617e7223cc833c76d00d5f480ce7f42d581,0x141c7c124e574a9be8a2ee654ac3b0ddc2d884be,0.0
15567883,1663594403.0,0xe0f53c57f81b35f1b55ed6c06bcf7918c9426cd9,0x141c7c124e574a9be8a2ee654ac3b0ddc2d884be,0.0
16143303,1670542451.0,0xe3fa837ec0ffe29dccd9f45721027c0376c2cd94,0x141c7c124e574a9be8a2ee654ac3b0ddc2d884be,0.0
16312721,1672585787.0,0x13bbcab2526c562f082dfa9c7090057c3dfe9d00,0x141c7c124e574a9be8a2ee654ac3b0ddc2d884be,0.0
16368445,1673257691.0,0x93a072f689ea5183ebef1e405d4aa21f3bb75080,0x141c7c124e574a9be8a2ee654ac3b0ddc2d884be,0.0
