BlockHeight,TimeStamp,From,To,Value
15551443,1663395167.0,0x89f2b874327bf482cc277bbb44e96dd08161ae8a,,0.0
15553458,1663419611.0,0x89f2b874327bf482cc277bbb44e96dd08161ae8a,0x14fe2cdff3750ab2615e0faeb1c774e76d7c299c,0.0
15553458,1663419611.0,0x89f2b874327bf482cc277bbb44e96dd08161ae8a,0x14fe2cdff3750ab2615e0faeb1c774e76d7c299c,0.0
15553460,1663419635.0,0x89f2b874327bf482cc277bbb44e96dd08161ae8a,0x14fe2cdff3750ab2615e0faeb1c774e76d7c299c,0.0
15567206,1663586159.0,0x15693e831eeb23756e79df51357cb68e393a23f0,0x14fe2cdff3750ab2615e0faeb1c774e76d7c299c,0.0
15567246,1663586651.0,0x3e13b18ea494f509dadddec635f0f3a3a2b4087e,0x14fe2cdff3750ab2615e0faeb1c774e76d7c299c,0.0
15567292,1663587203.0,0x95baa3944ef419acd9218d3cca568ced8d6d4548,0x14fe2cdff3750ab2615e0faeb1c774e76d7c299c,0.0
15567362,1663588055.0,0xba9bc7df2ddcb91f228ebd3bb1db62238616699b,0x14fe2cdff3750ab2615e0faeb1c774e76d7c299c,0.0
15567529,1663590071.0,0xd3cf75a234491829d681216d9b690cb242a3cb85,0x14fe2cdff3750ab2615e0faeb1c774e76d7c299c,0.0
15567529,1663590071.0,0xd3cf75a234491829d681216d9b690cb242a3cb85,0x14fe2cdff3750ab2615e0faeb1c774e76d7c299c,0.0
15567529,1663590071.0,0xd3cf75a234491829d681216d9b690cb242a3cb85,0x14fe2cdff3750ab2615e0faeb1c774e76d7c299c,0.0
15567529,1663590071.0,0xd3cf75a234491829d681216d9b690cb242a3cb85,0x14fe2cdff3750ab2615e0faeb1c774e76d7c299c,0.0
15567529,1663590071.0,0xd3cf75a234491829d681216d9b690cb242a3cb85,0x14fe2cdff3750ab2615e0faeb1c774e76d7c299c,0.0
15567529,1663590071.0,0xd3cf75a234491829d681216d9b690cb242a3cb85,0x14fe2cdff3750ab2615e0faeb1c774e76d7c299c,0.0
15567529,1663590071.0,0xd3cf75a234491829d681216d9b690cb242a3cb85,0x14fe2cdff3750ab2615e0faeb1c774e76d7c299c,0.0
15567529,1663590071.0,0xd3cf75a234491829d681216d9b690cb242a3cb85,0x14fe2cdff3750ab2615e0faeb1c774e76d7c299c,0.0
