BlockHeight,TimeStamp,From,To,Value
15224391,1658922786.0,0x1167e06cca1b82ab96bd2d5f3af61308a46f607d,,0.0
15224399,1658922990.0,0x1167e06cca1b82ab96bd2d5f3af61308a46f607d,0x17a10104cbc1ed155d083ead9fcf5c3440bb50e8,0.0
15224414,1658923275.0,0x1167e06cca1b82ab96bd2d5f3af61308a46f607d,0x17a10104cbc1ed155d083ead9fcf5c3440bb50e8,0.0
15224414,1658923275.0,0x1167e06cca1b82ab96bd2d5f3af61308a46f607d,0x17a10104cbc1ed155d083ead9fcf5c3440bb50e8,0.0
15224414,1658923275.0,0x1167e06cca1b82ab96bd2d5f3af61308a46f607d,0x17a10104cbc1ed155d083ead9fcf5c3440bb50e8,0.0
15224415,1658923279.0,0x1167e06cca1b82ab96bd2d5f3af61308a46f607d,0x17a10104cbc1ed155d083ead9fcf5c3440bb50e8,0.0
15224416,1658923294.0,0x1167e06cca1b82ab96bd2d5f3af61308a46f607d,0x17a10104cbc1ed155d083ead9fcf5c3440bb50e8,0.0
15224418,1658923342.0,0x1167e06cca1b82ab96bd2d5f3af61308a46f607d,0x17a10104cbc1ed155d083ead9fcf5c3440bb50e8,0.0
15224418,1658923342.0,0x1167e06cca1b82ab96bd2d5f3af61308a46f607d,0x17a10104cbc1ed155d083ead9fcf5c3440bb50e8,0.0
15224418,1658923342.0,0x1167e06cca1b82ab96bd2d5f3af61308a46f607d,0x17a10104cbc1ed155d083ead9fcf5c3440bb50e8,0.0
15224418,1658923342.0,0x1167e06cca1b82ab96bd2d5f3af61308a46f607d,0x17a10104cbc1ed155d083ead9fcf5c3440bb50e8,0.0
15224419,1658923353.0,0x1167e06cca1b82ab96bd2d5f3af61308a46f607d,0x17a10104cbc1ed155d083ead9fcf5c3440bb50e8,0.0
15224419,1658923353.0,0x1167e06cca1b82ab96bd2d5f3af61308a46f607d,0x17a10104cbc1ed155d083ead9fcf5c3440bb50e8,0.0
15224419,1658923353.0,0x1167e06cca1b82ab96bd2d5f3af61308a46f607d,0x17a10104cbc1ed155d083ead9fcf5c3440bb50e8,0.0
15224419,1658923353.0,0x1167e06cca1b82ab96bd2d5f3af61308a46f607d,0x17a10104cbc1ed155d083ead9fcf5c3440bb50e8,0.0
15224422,1658923371.0,0x1167e06cca1b82ab96bd2d5f3af61308a46f607d,0x17a10104cbc1ed155d083ead9fcf5c3440bb50e8,0.0
15224423,1658923376.0,0x1167e06cca1b82ab96bd2d5f3af61308a46f607d,0x17a10104cbc1ed155d083ead9fcf5c3440bb50e8,0.0
15224425,1658923387.0,0x1167e06cca1b82ab96bd2d5f3af61308a46f607d,0x17a10104cbc1ed155d083ead9fcf5c3440bb50e8,0.0
15224427,1658923406.0,0x1167e06cca1b82ab96bd2d5f3af61308a46f607d,0x17a10104cbc1ed155d083ead9fcf5c3440bb50e8,0.0
15224428,1658923424.0,0x1167e06cca1b82ab96bd2d5f3af61308a46f607d,0x17a10104cbc1ed155d083ead9fcf5c3440bb50e8,0.0
15224428,1658923424.0,0x1167e06cca1b82ab96bd2d5f3af61308a46f607d,0x17a10104cbc1ed155d083ead9fcf5c3440bb50e8,0.0
15224428,1658923424.0,0x1167e06cca1b82ab96bd2d5f3af61308a46f607d,0x17a10104cbc1ed155d083ead9fcf5c3440bb50e8,0.0
15224429,1658923434.0,0x1167e06cca1b82ab96bd2d5f3af61308a46f607d,0x17a10104cbc1ed155d083ead9fcf5c3440bb50e8,0.0
15224430,1658923435.0,0x1167e06cca1b82ab96bd2d5f3af61308a46f607d,0x17a10104cbc1ed155d083ead9fcf5c3440bb50e8,0.0
15224431,1658923457.0,0x1167e06cca1b82ab96bd2d5f3af61308a46f607d,0x17a10104cbc1ed155d083ead9fcf5c3440bb50e8,0.0
15224433,1658923476.0,0x1167e06cca1b82ab96bd2d5f3af61308a46f607d,0x17a10104cbc1ed155d083ead9fcf5c3440bb50e8,0.0
15224433,1658923476.0,0x1167e06cca1b82ab96bd2d5f3af61308a46f607d,0x17a10104cbc1ed155d083ead9fcf5c3440bb50e8,0.0
15224433,1658923476.0,0x1167e06cca1b82ab96bd2d5f3af61308a46f607d,0x17a10104cbc1ed155d083ead9fcf5c3440bb50e8,0.0
15224436,1658923490.0,0x1167e06cca1b82ab96bd2d5f3af61308a46f607d,0x17a10104cbc1ed155d083ead9fcf5c3440bb50e8,0.0
15224438,1658923492.0,0x1167e06cca1b82ab96bd2d5f3af61308a46f607d,0x17a10104cbc1ed155d083ead9fcf5c3440bb50e8,0.0
15224439,1658923507.0,0x1167e06cca1b82ab96bd2d5f3af61308a46f607d,0x17a10104cbc1ed155d083ead9fcf5c3440bb50e8,0.0
15224451,1658923639.0,0x1167e06cca1b82ab96bd2d5f3af61308a46f607d,0x17a10104cbc1ed155d083ead9fcf5c3440bb50e8,0.0
15234386,1659056966.0,0x37b3a8c13816d9abba84a0cba91f58b02f449237,0x17a10104cbc1ed155d083ead9fcf5c3440bb50e8,0.0
15235000,1659065609.0,0x37b3a8c13816d9abba84a0cba91f58b02f449237,0x17a10104cbc1ed155d083ead9fcf5c3440bb50e8,0.0
15235052,1659066291.0,0x37b3a8c13816d9abba84a0cba91f58b02f449237,0x17a10104cbc1ed155d083ead9fcf5c3440bb50e8,0.0
15260433,1659407637.0,0xa685d247d7d46dbdbf6c3a2da1183a4d5822fbd4,0x17a10104cbc1ed155d083ead9fcf5c3440bb50e8,0.0
15260629,1659409947.0,0x24c1eb585bb1f5df16af86871388930e57c546c8,0x17a10104cbc1ed155d083ead9fcf5c3440bb50e8,0.0
15260634,1659410002.0,0x24c1eb585bb1f5df16af86871388930e57c546c8,0x17a10104cbc1ed155d083ead9fcf5c3440bb50e8,0.0
15260650,1659410337.0,0x24c1eb585bb1f5df16af86871388930e57c546c8,0x17a10104cbc1ed155d083ead9fcf5c3440bb50e8,0.0
15274081,1659591856.0,0xc904dff8bdabc69b88090879d5f505f441762641,0x17a10104cbc1ed155d083ead9fcf5c3440bb50e8,0.0
15338393,1660462124.0,0xe476a06837440a41ef90800b5dbd4a98b45149b4,0x17a10104cbc1ed155d083ead9fcf5c3440bb50e8,0.0
15369886,1660892271.0,0x4785845b81f2228bf3b1fd234d282a82cc54271a,0x17a10104cbc1ed155d083ead9fcf5c3440bb50e8,0.0
15402857,1661343215.0,0x4785845b81f2228bf3b1fd234d282a82cc54271a,0x17a10104cbc1ed155d083ead9fcf5c3440bb50e8,0.0
15682585,1664981159.0,0x989632bc326da510a3e92f68eba6fe7c8426a0c2,0x17a10104cbc1ed155d083ead9fcf5c3440bb50e8,0.0
15838437,1666861907.0,0x0e967a6b206bb0a96d7e4e1d929e4b6ae3056e14,0x17a10104cbc1ed155d083ead9fcf5c3440bb50e8,0.0
15901862,1667627735.0,0xe5050cf68741535fb796b3aa4d6a04bf8e3d3edd,0x17a10104cbc1ed155d083ead9fcf5c3440bb50e8,0.0
15962096,1668354491.0,0x73ca7cf56acc0be0e3132e83edf601796b2e9d2f,0x17a10104cbc1ed155d083ead9fcf5c3440bb50e8,0.0
