BlockHeight,TimeStamp,From,To,Value
16092103,1669923635.0,0xf4da12405c794379a6acd8ea4e350a0a8b8139cb,,0.0082252893268331
16092103,1669923635.0,0x1ac6e8a9edd4be877eff5daa07d8e7ea3a66a9be,0x9254c0fcb2faa4550b9ba582558ce1d03ba3d05d,0.0082252893268331
16092144,1669924127.0,0xf01a95ead337fbd98adf8e3b6c855e4cbac1cbaf,0x1ac6e8a9edd4be877eff5daa07d8e7ea3a66a9be,0.0
16092333,1669926407.0,0x53b674033998f39ac2b42948963f1511436bed00,0x1ac6e8a9edd4be877eff5daa07d8e7ea3a66a9be,0.0
16092341,1669926503.0,0x2e8d06bdc3a5b6f0d873599a839720831ae7b458,0x1ac6e8a9edd4be877eff5daa07d8e7ea3a66a9be,0.0
16111555,1670158271.0,0xf01a95ead337fbd98adf8e3b6c855e4cbac1cbaf,0x1ac6e8a9edd4be877eff5daa07d8e7ea3a66a9be,0.0
16119521,1670254415.0,0xf01a95ead337fbd98adf8e3b6c855e4cbac1cbaf,0x1ac6e8a9edd4be877eff5daa07d8e7ea3a66a9be,0.0
