BlockHeight,TimeStamp,From,To,Value
14192334,1644683403.0,0xa04b10f63aab7ed852246da3a0d4ebc84e6b494f,0x1b20b2343d9c43fde6cc2dc7c93fb62d8f9093ce,0.1
14194434,1644710604.0,0xe989714bf63374993a3aef671521d4d4fddb69e5,0x1b20b2343d9c43fde6cc2dc7c93fb62d8f9093ce,0.1
14194560,1644712447.0,0xcd305c9a727d2370b91c4216d961f6f32dfbfd10,0x1b20b2343d9c43fde6cc2dc7c93fb62d8f9093ce,0.1
14195203,1644721295.0,0x17842c285899771176b0a8181c53028a587a6598,0x1b20b2343d9c43fde6cc2dc7c93fb62d8f9093ce,0.1
14199757,1644781336.0,0xc48e2230bc395fbbaaf30de456bedc7f1dfebc41,0x1b20b2343d9c43fde6cc2dc7c93fb62d8f9093ce,0.2
14207045,1644879375.0,0x5e40137289edd77e33cbf1cbd80793f8a1136a0d,0x1b20b2343d9c43fde6cc2dc7c93fb62d8f9093ce,0.1
14207322,1644882922.0,0x5e40137289edd77e33cbf1cbd80793f8a1136a0d,0x1b20b2343d9c43fde6cc2dc7c93fb62d8f9093ce,0.1
14211140,1644934186.0,0xdfdfdd4fa772b6c96ed2086c80dcfaccd01c0496,0x1b20b2343d9c43fde6cc2dc7c93fb62d8f9093ce,0.1
14211539,1644939762.0,0x5781141466e69a6a35927eab6344eb0e5acafbfc,0x1b20b2343d9c43fde6cc2dc7c93fb62d8f9093ce,0.1
14308659,1646238178.0,0x230f4b673d0d69bddc333dbad891879bca961438,0x1b20b2343d9c43fde6cc2dc7c93fb62d8f9093ce,0.3
14315781,1646333780.0,0x994d0c5e289c9750849b916cd4961e1e7ddb451e,0x1b20b2343d9c43fde6cc2dc7c93fb62d8f9093ce,0.1
14322689,1646426099.0,0x13b9f3a45ef3fd8f91493419ced3cf69497acc44,0x1b20b2343d9c43fde6cc2dc7c93fb62d8f9093ce,0.1
14322838,1646427977.0,0x7e8b9c8457fc722371e5281cdb8626ae682b7fa0,0x1b20b2343d9c43fde6cc2dc7c93fb62d8f9093ce,0.1
14329470,1646517420.0,0xb43bad7aab131c84ee930aa8b3d68c4205a99639,0x1b20b2343d9c43fde6cc2dc7c93fb62d8f9093ce,0.1
14330481,1646531403.0,0x329d6f013b286b0a40325134ce7612d18b7acd66,0x1b20b2343d9c43fde6cc2dc7c93fb62d8f9093ce,0.1
14330689,1646534396.0,0x21e61bd4104d011583531b32e85682f60788b751,0x1b20b2343d9c43fde6cc2dc7c93fb62d8f9093ce,0.1
14331060,1646539175.0,0x242b3b52ce666f91d2d171623273f7f29a3ded2f,0x1b20b2343d9c43fde6cc2dc7c93fb62d8f9093ce,0.1
14334165,1646580825.0,0x40ead377c82f6a91413fd57db4ac8ebefb108124,0x1b20b2343d9c43fde6cc2dc7c93fb62d8f9093ce,0.1
14341305,1646677534.0,0x123821bdb44ced4045069d69c6e633bc4f65fd41,0x1b20b2343d9c43fde6cc2dc7c93fb62d8f9093ce,0.1
14341307,1646677543.0,0x123821bdb44ced4045069d69c6e633bc4f65fd41,0x1b20b2343d9c43fde6cc2dc7c93fb62d8f9093ce,0.1
14344752,1646722944.0,0x3911a77ecfa336f209a5419c0f1a4c4f7ff28002,0x1b20b2343d9c43fde6cc2dc7c93fb62d8f9093ce,0.1
14345102,1646727554.0,0x426cb45dcddb3b7fe61d6d4d21ab5bdf98b5a3df,0x1b20b2343d9c43fde6cc2dc7c93fb62d8f9093ce,0.1
14346229,1646742844.0,0x8d2886926bb7fbf55c7042b35b902b07f579e30a,0x1b20b2343d9c43fde6cc2dc7c93fb62d8f9093ce,0.1
14348137,1646769094.0,0xcb1438453f659f17616cb6d27ff50d2d622e7fbd,0x1b20b2343d9c43fde6cc2dc7c93fb62d8f9093ce,0.1
14349305,1646784799.0,0x847d6a48f0984d00eac44b75256157457342d74f,0x1b20b2343d9c43fde6cc2dc7c93fb62d8f9093ce,0.1
14354155,1646849940.0,0xbc8aadde8e6c1b2227f2e09106c6d591a8212b16,0x1b20b2343d9c43fde6cc2dc7c93fb62d8f9093ce,0.1
14358886,1646912687.0,0x44e466af4ee9ca0f5ce08a5b27994159a399f1bd,0x1b20b2343d9c43fde6cc2dc7c93fb62d8f9093ce,0.2
14359057,1646915037.0,0x89dcc08adc997ef0fe0e15a83209d175a63f0aea,0x1b20b2343d9c43fde6cc2dc7c93fb62d8f9093ce,0.1
14359180,1646916709.0,0x840e402c2356ae0fe41a0e7f0f69e70dc889fc7c,0x1b20b2343d9c43fde6cc2dc7c93fb62d8f9093ce,0.2
14360976,1646940240.0,0x1f2de6504d8913b7f632dc026b19e0f89317978d,0x1b20b2343d9c43fde6cc2dc7c93fb62d8f9093ce,0.1
14367617,1647029926.0,0x809acb983d9f4b9ff9997f45c32a7de95a4a02d6,0x1b20b2343d9c43fde6cc2dc7c93fb62d8f9093ce,0.2
14368544,1647043005.0,0xa71b6c8cd7bc36acc106152ba9bb21031107feee,0x1b20b2343d9c43fde6cc2dc7c93fb62d8f9093ce,0.1
14372494,1647095697.0,0x0f77e40a651b437e77a4d677d16efef42c294269,0x1b20b2343d9c43fde6cc2dc7c93fb62d8f9093ce,0.1
14396507,1647419123.0,0xf4a5c7474d397a920d46d221129fb2c52965f799,0x1b20b2343d9c43fde6cc2dc7c93fb62d8f9093ce,4.230875583992612
14402310,1647497300.0,0xba1ca93bc1b38ab87e541fe7366cc370f43e2d17,0x1b20b2343d9c43fde6cc2dc7c93fb62d8f9093ce,0.1
14402323,1647497450.0,0xba1ca93bc1b38ab87e541fe7366cc370f43e2d17,0x1b20b2343d9c43fde6cc2dc7c93fb62d8f9093ce,0.1
14404527,1647526809.0,0x3522acf67d56d6ee68c40ccd9cf3fb6444a08235,0x1b20b2343d9c43fde6cc2dc7c93fb62d8f9093ce,0.1
14409000,1647587605.0,0x4d1eb07f2a6031cc9e93881c915ae986469762c1,0x1b20b2343d9c43fde6cc2dc7c93fb62d8f9093ce,0.1
14409002,1647587668.0,0x4d1eb07f2a6031cc9e93881c915ae986469762c1,0x1b20b2343d9c43fde6cc2dc7c93fb62d8f9093ce,0.1
14411412,1647619978.0,0x70c2c41baf61fc9eb188f3916c17f561033b7d0e,0x1b20b2343d9c43fde6cc2dc7c93fb62d8f9093ce,0.1
14433501,1647917081.0,0xfa45fd5f578ad45ea40e1be2d555bb90ac148478,0x1b20b2343d9c43fde6cc2dc7c93fb62d8f9093ce,0.2
14451108,1648153805.0,0xee07237831687f2dc29d208361c6d2faf04c59a7,0x1b20b2343d9c43fde6cc2dc7c93fb62d8f9093ce,0.1
14480865,1648554166.0,0xf9f55a318945777c8e7a870995e28eb703712fca,0x1b20b2343d9c43fde6cc2dc7c93fb62d8f9093ce,0.3
14595296,1650098085.0,0x62540010b6491bc9ce4350a021cd3994a5f90cf1,0x1b20b2343d9c43fde6cc2dc7c93fb62d8f9093ce,0.1
14631504,1650587393.0,0x17f421bb6e0e99a92bcfffab830866f2b9715f7e,0x1b20b2343d9c43fde6cc2dc7c93fb62d8f9093ce,0.1
14813798,1653087460.0,0x0df6001acdf8c85ab4571769a28571130aeec10c,0x1b20b2343d9c43fde6cc2dc7c93fb62d8f9093ce,0.299516036449545
14813798,1653087460.0,0x91a79c441f43b799992171decc95ca282fb27a67,0x1b20b2343d9c43fde6cc2dc7c93fb62d8f9093ce,0.147112990996716
14871159,1653893524.0,0x0df6001acdf8c85ab4571769a28571130aeec10c,0x1b20b2343d9c43fde6cc2dc7c93fb62d8f9093ce,0.099122331637828
14871214,1653894450.0,0x1b20b2343d9c43fde6cc2dc7c93fb62d8f9093ce,0xd90e2f925da726b50c4ed8d0fb90ad053324f31b,10.0
15350727,1660630738.0,0x44977464fca1e2136d18a444cbbe915ea911fa19,0x1b20b2343d9c43fde6cc2dc7c93fb62d8f9093ce,0.1
