BlockHeight,TimeStamp,From,To,Value
14340459,1646666126.0,0x39d02fd0ab5a04b2c1ffcb5aee533a1bb6562ade,,0.0
14363723,1646976979.0,0x39d02fd0ab5a04b2c1ffcb5aee533a1bb6562ade,0x1ced055917c1c5a4d7aa14b05c6bd09b2b1e6f17,0.0
14363731,1646977120.0,0xab8674fe5d0dfbf168d0b9da71bf82fbe44140a8,0x1ced055917c1c5a4d7aa14b05c6bd09b2b1e6f17,0.6
14363871,1646978747.0,0xab8674fe5d0dfbf168d0b9da71bf82fbe44140a8,0x1ced055917c1c5a4d7aa14b05c6bd09b2b1e6f17,0.0
14363891,1646979076.0,0x7fcb7b0d180a72230f4169a826f9552301cb9557,0x1ced055917c1c5a4d7aa14b05c6bd09b2b1e6f17,0.0
14364013,1646980525.0,0x39d02fd0ab5a04b2c1ffcb5aee533a1bb6562ade,0x1ced055917c1c5a4d7aa14b05c6bd09b2b1e6f17,0.0
14364166,1646982727.0,0x39d02fd0ab5a04b2c1ffcb5aee533a1bb6562ade,0x1ced055917c1c5a4d7aa14b05c6bd09b2b1e6f17,0.0
14364303,1646984707.0,0x39d02fd0ab5a04b2c1ffcb5aee533a1bb6562ade,0x1ced055917c1c5a4d7aa14b05c6bd09b2b1e6f17,0.0
14364381,1646985693.0,0x39d02fd0ab5a04b2c1ffcb5aee533a1bb6562ade,0x1ced055917c1c5a4d7aa14b05c6bd09b2b1e6f17,0.0
14364455,1646986834.0,0x39d02fd0ab5a04b2c1ffcb5aee533a1bb6562ade,0x1ced055917c1c5a4d7aa14b05c6bd09b2b1e6f17,0.0
14364595,1646988921.0,0x39d02fd0ab5a04b2c1ffcb5aee533a1bb6562ade,0x1ced055917c1c5a4d7aa14b05c6bd09b2b1e6f17,0.0
14364740,1646991034.0,0x39d02fd0ab5a04b2c1ffcb5aee533a1bb6562ade,0x1ced055917c1c5a4d7aa14b05c6bd09b2b1e6f17,0.0
14364854,1646992758.0,0x39d02fd0ab5a04b2c1ffcb5aee533a1bb6562ade,0x1ced055917c1c5a4d7aa14b05c6bd09b2b1e6f17,0.0
14364935,1646993824.0,0x39d02fd0ab5a04b2c1ffcb5aee533a1bb6562ade,0x1ced055917c1c5a4d7aa14b05c6bd09b2b1e6f17,0.0
14365038,1646995444.0,0x39d02fd0ab5a04b2c1ffcb5aee533a1bb6562ade,0x1ced055917c1c5a4d7aa14b05c6bd09b2b1e6f17,0.0
14365177,1646997259.0,0x39d02fd0ab5a04b2c1ffcb5aee533a1bb6562ade,0x1ced055917c1c5a4d7aa14b05c6bd09b2b1e6f17,0.0
14365271,1646998443.0,0x39d02fd0ab5a04b2c1ffcb5aee533a1bb6562ade,0x1ced055917c1c5a4d7aa14b05c6bd09b2b1e6f17,0.0
14365374,1646999789.0,0x39d02fd0ab5a04b2c1ffcb5aee533a1bb6562ade,0x1ced055917c1c5a4d7aa14b05c6bd09b2b1e6f17,0.0
14365439,1647000569.0,0x39d02fd0ab5a04b2c1ffcb5aee533a1bb6562ade,0x1ced055917c1c5a4d7aa14b05c6bd09b2b1e6f17,0.0
14365544,1647001722.0,0x39d02fd0ab5a04b2c1ffcb5aee533a1bb6562ade,0x1ced055917c1c5a4d7aa14b05c6bd09b2b1e6f17,0.0
14365597,1647002484.0,0x39d02fd0ab5a04b2c1ffcb5aee533a1bb6562ade,0x1ced055917c1c5a4d7aa14b05c6bd09b2b1e6f17,0.0
14365690,1647003689.0,0x39d02fd0ab5a04b2c1ffcb5aee533a1bb6562ade,0x1ced055917c1c5a4d7aa14b05c6bd09b2b1e6f17,0.0
14365770,1647004864.0,0x39d02fd0ab5a04b2c1ffcb5aee533a1bb6562ade,0x1ced055917c1c5a4d7aa14b05c6bd09b2b1e6f17,0.0
14365864,1647006111.0,0x39d02fd0ab5a04b2c1ffcb5aee533a1bb6562ade,0x1ced055917c1c5a4d7aa14b05c6bd09b2b1e6f17,0.0
14366561,1647015863.0,0x39d02fd0ab5a04b2c1ffcb5aee533a1bb6562ade,0x1ced055917c1c5a4d7aa14b05c6bd09b2b1e6f17,0.0
14366672,1647017141.0,0x39d02fd0ab5a04b2c1ffcb5aee533a1bb6562ade,0x1ced055917c1c5a4d7aa14b05c6bd09b2b1e6f17,0.0
14366779,1647018730.0,0x39d02fd0ab5a04b2c1ffcb5aee533a1bb6562ade,0x1ced055917c1c5a4d7aa14b05c6bd09b2b1e6f17,0.0
14366882,1647020286.0,0x39d02fd0ab5a04b2c1ffcb5aee533a1bb6562ade,0x1ced055917c1c5a4d7aa14b05c6bd09b2b1e6f17,0.0
14366956,1647021354.0,0x39d02fd0ab5a04b2c1ffcb5aee533a1bb6562ade,0x1ced055917c1c5a4d7aa14b05c6bd09b2b1e6f17,0.0
14367061,1647022620.0,0x39d02fd0ab5a04b2c1ffcb5aee533a1bb6562ade,0x1ced055917c1c5a4d7aa14b05c6bd09b2b1e6f17,0.0
14367178,1647024163.0,0x39d02fd0ab5a04b2c1ffcb5aee533a1bb6562ade,0x1ced055917c1c5a4d7aa14b05c6bd09b2b1e6f17,0.0
14367295,1647025689.0,0x39d02fd0ab5a04b2c1ffcb5aee533a1bb6562ade,0x1ced055917c1c5a4d7aa14b05c6bd09b2b1e6f17,0.0
14367597,1647029617.0,0x39d02fd0ab5a04b2c1ffcb5aee533a1bb6562ade,0x1ced055917c1c5a4d7aa14b05c6bd09b2b1e6f17,0.0
14367679,1647030674.0,0x39d02fd0ab5a04b2c1ffcb5aee533a1bb6562ade,0x1ced055917c1c5a4d7aa14b05c6bd09b2b1e6f17,0.0
14367769,1647031943.0,0x39d02fd0ab5a04b2c1ffcb5aee533a1bb6562ade,0x1ced055917c1c5a4d7aa14b05c6bd09b2b1e6f17,0.0
14367838,1647033106.0,0x39d02fd0ab5a04b2c1ffcb5aee533a1bb6562ade,0x1ced055917c1c5a4d7aa14b05c6bd09b2b1e6f17,0.0
14367867,1647033537.0,0x587d8157f9cca5ac05387a85620065fe2cef112f,0x1ced055917c1c5a4d7aa14b05c6bd09b2b1e6f17,0.12
14367945,1647034628.0,0x39d02fd0ab5a04b2c1ffcb5aee533a1bb6562ade,0x1ced055917c1c5a4d7aa14b05c6bd09b2b1e6f17,0.0
14368004,1647035461.0,0x39d02fd0ab5a04b2c1ffcb5aee533a1bb6562ade,0x1ced055917c1c5a4d7aa14b05c6bd09b2b1e6f17,0.0
14368042,1647036103.0,0x39d02fd0ab5a04b2c1ffcb5aee533a1bb6562ade,0x1ced055917c1c5a4d7aa14b05c6bd09b2b1e6f17,0.0
14368152,1647037595.0,0x39d02fd0ab5a04b2c1ffcb5aee533a1bb6562ade,0x1ced055917c1c5a4d7aa14b05c6bd09b2b1e6f17,0.0
14368261,1647039108.0,0x39d02fd0ab5a04b2c1ffcb5aee533a1bb6562ade,0x1ced055917c1c5a4d7aa14b05c6bd09b2b1e6f17,0.0
14368513,1647042523.0,0xf778f543188060c555432172e629c016fbe060e4,0x1ced055917c1c5a4d7aa14b05c6bd09b2b1e6f17,0.24
14368539,1647042952.0,0x9196115043f7b3547e1b26135a76fa8c0b41985b,0x1ced055917c1c5a4d7aa14b05c6bd09b2b1e6f17,0.6
14368571,1647043385.0,0x9196115043f7b3547e1b26135a76fa8c0b41985b,0x1ced055917c1c5a4d7aa14b05c6bd09b2b1e6f17,0.0
14368585,1647043599.0,0x39d02fd0ab5a04b2c1ffcb5aee533a1bb6562ade,0x1ced055917c1c5a4d7aa14b05c6bd09b2b1e6f17,0.0
14368666,1647044481.0,0x39d02fd0ab5a04b2c1ffcb5aee533a1bb6562ade,0x1ced055917c1c5a4d7aa14b05c6bd09b2b1e6f17,0.0
14368757,1647045444.0,0x39d02fd0ab5a04b2c1ffcb5aee533a1bb6562ade,0x1ced055917c1c5a4d7aa14b05c6bd09b2b1e6f17,0.0
14368761,1647045504.0,0x6da37538e8d37038c97b4780ed69fcee6d9c4762,0x1ced055917c1c5a4d7aa14b05c6bd09b2b1e6f17,0.12
14368824,1647046338.0,0x39d02fd0ab5a04b2c1ffcb5aee533a1bb6562ade,0x1ced055917c1c5a4d7aa14b05c6bd09b2b1e6f17,0.0
14368911,1647047446.0,0x39d02fd0ab5a04b2c1ffcb5aee533a1bb6562ade,0x1ced055917c1c5a4d7aa14b05c6bd09b2b1e6f17,0.0
14369053,1647049384.0,0x39d02fd0ab5a04b2c1ffcb5aee533a1bb6562ade,0x1ced055917c1c5a4d7aa14b05c6bd09b2b1e6f17,0.0
14369121,1647050214.0,0x6fa0473b511c2232cfef15920bd9aca11a98e431,0x1ced055917c1c5a4d7aa14b05c6bd09b2b1e6f17,0.12
14369188,1647051171.0,0x39d02fd0ab5a04b2c1ffcb5aee533a1bb6562ade,0x1ced055917c1c5a4d7aa14b05c6bd09b2b1e6f17,0.0
14369325,1647052982.0,0x39d02fd0ab5a04b2c1ffcb5aee533a1bb6562ade,0x1ced055917c1c5a4d7aa14b05c6bd09b2b1e6f17,0.0
14369330,1647053010.0,0x64cce24af1e1e0bde845e8244f8296bf6bb3a75e,0x1ced055917c1c5a4d7aa14b05c6bd09b2b1e6f17,0.12
14369330,1647053010.0,0x64cce24af1e1e0bde845e8244f8296bf6bb3a75e,0x1ced055917c1c5a4d7aa14b05c6bd09b2b1e6f17,0.12
14369330,1647053010.0,0x64cce24af1e1e0bde845e8244f8296bf6bb3a75e,0x1ced055917c1c5a4d7aa14b05c6bd09b2b1e6f17,0.12
14369467,1647054779.0,0x39d02fd0ab5a04b2c1ffcb5aee533a1bb6562ade,0x1ced055917c1c5a4d7aa14b05c6bd09b2b1e6f17,0.0
14369623,1647056582.0,0x39d02fd0ab5a04b2c1ffcb5aee533a1bb6562ade,0x1ced055917c1c5a4d7aa14b05c6bd09b2b1e6f17,0.0
14369725,1647057931.0,0x39d02fd0ab5a04b2c1ffcb5aee533a1bb6562ade,0x1ced055917c1c5a4d7aa14b05c6bd09b2b1e6f17,0.0
14369735,1647058059.0,0x6269c8dca3208f8d5ff21245f88435b4a91a5080,0x1ced055917c1c5a4d7aa14b05c6bd09b2b1e6f17,0.12
14369801,1647059101.0,0x39d02fd0ab5a04b2c1ffcb5aee533a1bb6562ade,0x1ced055917c1c5a4d7aa14b05c6bd09b2b1e6f17,0.0
14369954,1647061202.0,0x39d02fd0ab5a04b2c1ffcb5aee533a1bb6562ade,0x1ced055917c1c5a4d7aa14b05c6bd09b2b1e6f17,0.0
14370223,1647065403.0,0x39d02fd0ab5a04b2c1ffcb5aee533a1bb6562ade,0x1ced055917c1c5a4d7aa14b05c6bd09b2b1e6f17,0.0
14370375,1647067517.0,0x39d02fd0ab5a04b2c1ffcb5aee533a1bb6562ade,0x1ced055917c1c5a4d7aa14b05c6bd09b2b1e6f17,0.0
14370544,1647069617.0,0x39d02fd0ab5a04b2c1ffcb5aee533a1bb6562ade,0x1ced055917c1c5a4d7aa14b05c6bd09b2b1e6f17,0.0
14370641,1647070825.0,0x39d02fd0ab5a04b2c1ffcb5aee533a1bb6562ade,0x1ced055917c1c5a4d7aa14b05c6bd09b2b1e6f17,0.0
14370771,1647072358.0,0x39d02fd0ab5a04b2c1ffcb5aee533a1bb6562ade,0x1ced055917c1c5a4d7aa14b05c6bd09b2b1e6f17,0.0
14370873,1647073861.0,0x39d02fd0ab5a04b2c1ffcb5aee533a1bb6562ade,0x1ced055917c1c5a4d7aa14b05c6bd09b2b1e6f17,0.0
14370994,1647075349.0,0x39d02fd0ab5a04b2c1ffcb5aee533a1bb6562ade,0x1ced055917c1c5a4d7aa14b05c6bd09b2b1e6f17,0.0
14371154,1647077459.0,0x39d02fd0ab5a04b2c1ffcb5aee533a1bb6562ade,0x1ced055917c1c5a4d7aa14b05c6bd09b2b1e6f17,0.0
14371260,1647078916.0,0x39d02fd0ab5a04b2c1ffcb5aee533a1bb6562ade,0x1ced055917c1c5a4d7aa14b05c6bd09b2b1e6f17,0.0
14371628,1647084049.0,0x39d02fd0ab5a04b2c1ffcb5aee533a1bb6562ade,0x1ced055917c1c5a4d7aa14b05c6bd09b2b1e6f17,0.0
14371732,1647085296.0,0x39d02fd0ab5a04b2c1ffcb5aee533a1bb6562ade,0x1ced055917c1c5a4d7aa14b05c6bd09b2b1e6f17,0.0
14371826,1647086562.0,0x39d02fd0ab5a04b2c1ffcb5aee533a1bb6562ade,0x1ced055917c1c5a4d7aa14b05c6bd09b2b1e6f17,0.0
14371835,1647086632.0,0x39d02fd0ab5a04b2c1ffcb5aee533a1bb6562ade,0x1ced055917c1c5a4d7aa14b05c6bd09b2b1e6f17,0.0
14371932,1647087785.0,0x39d02fd0ab5a04b2c1ffcb5aee533a1bb6562ade,0x1ced055917c1c5a4d7aa14b05c6bd09b2b1e6f17,0.0
14371935,1647087852.0,0x39d02fd0ab5a04b2c1ffcb5aee533a1bb6562ade,0x1ced055917c1c5a4d7aa14b05c6bd09b2b1e6f17,0.0
14372108,1647090328.0,0x39d02fd0ab5a04b2c1ffcb5aee533a1bb6562ade,0x1ced055917c1c5a4d7aa14b05c6bd09b2b1e6f17,0.0
14372181,1647091296.0,0x39d02fd0ab5a04b2c1ffcb5aee533a1bb6562ade,0x1ced055917c1c5a4d7aa14b05c6bd09b2b1e6f17,0.0
14372225,1647091852.0,0x90f2a7c652067a043eacddc7b8c46cae0c9301d7,0x1ced055917c1c5a4d7aa14b05c6bd09b2b1e6f17,0.24
14372278,1647092540.0,0x39d02fd0ab5a04b2c1ffcb5aee533a1bb6562ade,0x1ced055917c1c5a4d7aa14b05c6bd09b2b1e6f17,0.0
14372291,1647092837.0,0xc0c9397cc74c731b2ca82ab3ff0b7d90a1ff1660,0x1ced055917c1c5a4d7aa14b05c6bd09b2b1e6f17,0.12
14372362,1647093684.0,0x39d02fd0ab5a04b2c1ffcb5aee533a1bb6562ade,0x1ced055917c1c5a4d7aa14b05c6bd09b2b1e6f17,0.0
14372437,1647094772.0,0x39d02fd0ab5a04b2c1ffcb5aee533a1bb6562ade,0x1ced055917c1c5a4d7aa14b05c6bd09b2b1e6f17,0.0
14372495,1647095717.0,0x39d02fd0ab5a04b2c1ffcb5aee533a1bb6562ade,0x1ced055917c1c5a4d7aa14b05c6bd09b2b1e6f17,0.0
14372566,1647096637.0,0x39d02fd0ab5a04b2c1ffcb5aee533a1bb6562ade,0x1ced055917c1c5a4d7aa14b05c6bd09b2b1e6f17,0.0
14372623,1647097420.0,0x39d02fd0ab5a04b2c1ffcb5aee533a1bb6562ade,0x1ced055917c1c5a4d7aa14b05c6bd09b2b1e6f17,0.0
14372735,1647098752.0,0x39d02fd0ab5a04b2c1ffcb5aee533a1bb6562ade,0x1ced055917c1c5a4d7aa14b05c6bd09b2b1e6f17,0.0
14372790,1647099499.0,0x39d02fd0ab5a04b2c1ffcb5aee533a1bb6562ade,0x1ced055917c1c5a4d7aa14b05c6bd09b2b1e6f17,0.0
14372864,1647100580.0,0x39d02fd0ab5a04b2c1ffcb5aee533a1bb6562ade,0x1ced055917c1c5a4d7aa14b05c6bd09b2b1e6f17,0.0
14372971,1647102106.0,0x39d02fd0ab5a04b2c1ffcb5aee533a1bb6562ade,0x1ced055917c1c5a4d7aa14b05c6bd09b2b1e6f17,0.0
14373073,1647103369.0,0x39d02fd0ab5a04b2c1ffcb5aee533a1bb6562ade,0x1ced055917c1c5a4d7aa14b05c6bd09b2b1e6f17,0.0
14373162,1647104543.0,0x39d02fd0ab5a04b2c1ffcb5aee533a1bb6562ade,0x1ced055917c1c5a4d7aa14b05c6bd09b2b1e6f17,0.0
14373244,1647105680.0,0x39d02fd0ab5a04b2c1ffcb5aee533a1bb6562ade,0x1ced055917c1c5a4d7aa14b05c6bd09b2b1e6f17,0.0
14373329,1647106937.0,0x39d02fd0ab5a04b2c1ffcb5aee533a1bb6562ade,0x1ced055917c1c5a4d7aa14b05c6bd09b2b1e6f17,0.0
14373410,1647108071.0,0x39d02fd0ab5a04b2c1ffcb5aee533a1bb6562ade,0x1ced055917c1c5a4d7aa14b05c6bd09b2b1e6f17,0.0
14373517,1647109287.0,0x39d02fd0ab5a04b2c1ffcb5aee533a1bb6562ade,0x1ced055917c1c5a4d7aa14b05c6bd09b2b1e6f17,0.0
14373599,1647110540.0,0x39d02fd0ab5a04b2c1ffcb5aee533a1bb6562ade,0x1ced055917c1c5a4d7aa14b05c6bd09b2b1e6f17,0.0
14373693,1647111667.0,0x39d02fd0ab5a04b2c1ffcb5aee533a1bb6562ade,0x1ced055917c1c5a4d7aa14b05c6bd09b2b1e6f17,0.0
14373765,1647112606.0,0x39d02fd0ab5a04b2c1ffcb5aee533a1bb6562ade,0x1ced055917c1c5a4d7aa14b05c6bd09b2b1e6f17,0.0
14373871,1647113922.0,0x39d02fd0ab5a04b2c1ffcb5aee533a1bb6562ade,0x1ced055917c1c5a4d7aa14b05c6bd09b2b1e6f17,0.0
14373927,1647114696.0,0x39d02fd0ab5a04b2c1ffcb5aee533a1bb6562ade,0x1ced055917c1c5a4d7aa14b05c6bd09b2b1e6f17,0.0
14373941,1647114826.0,0xe289548f6219f70e243d4cd26759a211a6468649,0x1ced055917c1c5a4d7aa14b05c6bd09b2b1e6f17,0.36
14374017,1647115738.0,0x39d02fd0ab5a04b2c1ffcb5aee533a1bb6562ade,0x1ced055917c1c5a4d7aa14b05c6bd09b2b1e6f17,0.0
14374143,1647117321.0,0x39d02fd0ab5a04b2c1ffcb5aee533a1bb6562ade,0x1ced055917c1c5a4d7aa14b05c6bd09b2b1e6f17,0.0
14374181,1647117898.0,0x39d02fd0ab5a04b2c1ffcb5aee533a1bb6562ade,0x1ced055917c1c5a4d7aa14b05c6bd09b2b1e6f17,0.0
14374253,1647118854.0,0x39d02fd0ab5a04b2c1ffcb5aee533a1bb6562ade,0x1ced055917c1c5a4d7aa14b05c6bd09b2b1e6f17,0.0
14374352,1647120136.0,0x39d02fd0ab5a04b2c1ffcb5aee533a1bb6562ade,0x1ced055917c1c5a4d7aa14b05c6bd09b2b1e6f17,0.0
14374430,1647121324.0,0x39d02fd0ab5a04b2c1ffcb5aee533a1bb6562ade,0x1ced055917c1c5a4d7aa14b05c6bd09b2b1e6f17,0.0
14374524,1647122439.0,0x39d02fd0ab5a04b2c1ffcb5aee533a1bb6562ade,0x1ced055917c1c5a4d7aa14b05c6bd09b2b1e6f17,0.0
14374613,1647123678.0,0x39d02fd0ab5a04b2c1ffcb5aee533a1bb6562ade,0x1ced055917c1c5a4d7aa14b05c6bd09b2b1e6f17,0.0
14374708,1647124859.0,0x39d02fd0ab5a04b2c1ffcb5aee533a1bb6562ade,0x1ced055917c1c5a4d7aa14b05c6bd09b2b1e6f17,0.0
14374934,1647127837.0,0x39d02fd0ab5a04b2c1ffcb5aee533a1bb6562ade,0x1ced055917c1c5a4d7aa14b05c6bd09b2b1e6f17,0.0
14375044,1647129330.0,0x39d02fd0ab5a04b2c1ffcb5aee533a1bb6562ade,0x1ced055917c1c5a4d7aa14b05c6bd09b2b1e6f17,0.0
14375158,1647130821.0,0x39d02fd0ab5a04b2c1ffcb5aee533a1bb6562ade,0x1ced055917c1c5a4d7aa14b05c6bd09b2b1e6f17,0.0
14375262,1647132339.0,0x39d02fd0ab5a04b2c1ffcb5aee533a1bb6562ade,0x1ced055917c1c5a4d7aa14b05c6bd09b2b1e6f17,0.0
14375362,1647133796.0,0x39d02fd0ab5a04b2c1ffcb5aee533a1bb6562ade,0x1ced055917c1c5a4d7aa14b05c6bd09b2b1e6f17,0.0
14375481,1647135319.0,0x39d02fd0ab5a04b2c1ffcb5aee533a1bb6562ade,0x1ced055917c1c5a4d7aa14b05c6bd09b2b1e6f17,0.0
14375564,1647136325.0,0x40b69d7c25e0de292f688617ca4e0a1d08d044c8,0x1ced055917c1c5a4d7aa14b05c6bd09b2b1e6f17,0.12
14375564,1647136325.0,0x40b69d7c25e0de292f688617ca4e0a1d08d044c8,0x1ced055917c1c5a4d7aa14b05c6bd09b2b1e6f17,0.12
14375580,1647136561.0,0x39d02fd0ab5a04b2c1ffcb5aee533a1bb6562ade,0x1ced055917c1c5a4d7aa14b05c6bd09b2b1e6f17,0.0
14375712,1647138314.0,0x39d02fd0ab5a04b2c1ffcb5aee533a1bb6562ade,0x1ced055917c1c5a4d7aa14b05c6bd09b2b1e6f17,0.0
14375925,1647141339.0,0x39d02fd0ab5a04b2c1ffcb5aee533a1bb6562ade,0x1ced055917c1c5a4d7aa14b05c6bd09b2b1e6f17,0.0
14376134,1647144344.0,0x39d02fd0ab5a04b2c1ffcb5aee533a1bb6562ade,0x1ced055917c1c5a4d7aa14b05c6bd09b2b1e6f17,0.0
14376257,1647145965.0,0x39d02fd0ab5a04b2c1ffcb5aee533a1bb6562ade,0x1ced055917c1c5a4d7aa14b05c6bd09b2b1e6f17,0.0
14376340,1647147344.0,0x39d02fd0ab5a04b2c1ffcb5aee533a1bb6562ade,0x1ced055917c1c5a4d7aa14b05c6bd09b2b1e6f17,0.0
14376550,1647150331.0,0x39d02fd0ab5a04b2c1ffcb5aee533a1bb6562ade,0x1ced055917c1c5a4d7aa14b05c6bd09b2b1e6f17,0.0
14376744,1647153334.0,0x39d02fd0ab5a04b2c1ffcb5aee533a1bb6562ade,0x1ced055917c1c5a4d7aa14b05c6bd09b2b1e6f17,0.0
14376985,1647156335.0,0x39d02fd0ab5a04b2c1ffcb5aee533a1bb6562ade,0x1ced055917c1c5a4d7aa14b05c6bd09b2b1e6f17,0.0
14377092,1647157830.0,0x39d02fd0ab5a04b2c1ffcb5aee533a1bb6562ade,0x1ced055917c1c5a4d7aa14b05c6bd09b2b1e6f17,0.0
14377673,1647166009.0,0x39d02fd0ab5a04b2c1ffcb5aee533a1bb6562ade,0x1ced055917c1c5a4d7aa14b05c6bd09b2b1e6f17,0.0
14377673,1647166009.0,0x1ced055917c1c5a4d7aa14b05c6bd09b2b1e6f17,0x51d7d428041e23ef51422e110dfeff906e821cfe,1.0
14377887,1647168828.0,0x39d02fd0ab5a04b2c1ffcb5aee533a1bb6562ade,0x1ced055917c1c5a4d7aa14b05c6bd09b2b1e6f17,0.0
14377887,1647168828.0,0x1ced055917c1c5a4d7aa14b05c6bd09b2b1e6f17,0xf077e54e56c9edd21a97b48ce39a33994ad12eac,1.0
14377894,1647168928.0,0x39d02fd0ab5a04b2c1ffcb5aee533a1bb6562ade,0x1ced055917c1c5a4d7aa14b05c6bd09b2b1e6f17,0.0
14377894,1647168928.0,0x1ced055917c1c5a4d7aa14b05c6bd09b2b1e6f17,0x9674b33f0aebda58fb715b1e78f272c4e257246a,1.0
14378625,1647178705.0,0x39d02fd0ab5a04b2c1ffcb5aee533a1bb6562ade,0x1ced055917c1c5a4d7aa14b05c6bd09b2b1e6f17,0.0
14378625,1647178705.0,0x1ced055917c1c5a4d7aa14b05c6bd09b2b1e6f17,0x5c652cf55b45e6fa4a2bcac9d7246700c77f30b3,0.24
