BlockHeight,TimeStamp,From,To,Value
14194756,1644715192.0,0xb3a0be9704ae222d83437c96e32d97b3880ce3c6,0x1c2f994dcbeab2e65d36a795646cd0622bb20e2b,0.15
14195114,1644720212.0,0x03dc9d617d799be939499b3bc7099ab21ec5cc82,0x1c2f994dcbeab2e65d36a795646cd0622bb20e2b,0.6
14195132,1644720576.0,0xe4471279812d283e9285c8c4a1fc1c42c64adaf6,0x1c2f994dcbeab2e65d36a795646cd0622bb20e2b,0.15
14195137,1644720625.0,0x9d19ca2786b7296ac07c4722334f2aaf627730f1,0x1c2f994dcbeab2e65d36a795646cd0622bb20e2b,0.15
14195165,1644720871.0,0x0ae6974eca19a35326b41c5ff5c64abeefce49e4,0x1c2f994dcbeab2e65d36a795646cd0622bb20e2b,0.45
14195597,1644726765.0,0x51a21f2260594422a4648255549efb6c2c6dcd3a,0x1c2f994dcbeab2e65d36a795646cd0622bb20e2b,0.12
14196200,1644734324.0,0x709985ccd95a9cf79e7a0b8635c8d79743bbd9fb,0x1c2f994dcbeab2e65d36a795646cd0622bb20e2b,0.3
14197009,1644744736.0,0x6f1d5bbedf2a1d55951830f880084d0f0b4d69d5,0x1c2f994dcbeab2e65d36a795646cd0622bb20e2b,0.24
14197112,1644746073.0,0xd73979c9fbbb795c17291f6013a2b537e032f285,0x1c2f994dcbeab2e65d36a795646cd0622bb20e2b,0.12
14197116,1644746147.0,0xd73979c9fbbb795c17291f6013a2b537e032f285,0x1c2f994dcbeab2e65d36a795646cd0622bb20e2b,0.12
14197934,1644757374.0,0xeaa62502470b6643e049d11dad48e029555a6257,0x1c2f994dcbeab2e65d36a795646cd0622bb20e2b,0.15
14198341,1644762954.0,0xcc8ac5b78acd1f9a8a039cc1d72d9b60176fa0c9,0x1c2f994dcbeab2e65d36a795646cd0622bb20e2b,0.15
14198349,1644763030.0,0xcc8ac5b78acd1f9a8a039cc1d72d9b60176fa0c9,0x1c2f994dcbeab2e65d36a795646cd0622bb20e2b,0.15
14199341,1644776120.0,0x5d428961cec9e76cf226c9ec53de5dc84243acc6,0x1c2f994dcbeab2e65d36a795646cd0622bb20e2b,0.11
14199606,1644779638.0,0xbc6271c0a6b114780fb7d7816efc3d825e0f5a14,0x1c2f994dcbeab2e65d36a795646cd0622bb20e2b,0.22
14199617,1644779798.0,0xbc6271c0a6b114780fb7d7816efc3d825e0f5a14,0x1c2f994dcbeab2e65d36a795646cd0622bb20e2b,0.11
14199835,1644782388.0,0xc3fa24b66d4935f08a386a525a9168e285d4abd6,0x1c2f994dcbeab2e65d36a795646cd0622bb20e2b,0.36
14200514,1644791634.0,0x2c50bdb173dd0e9ab295094d0632217b70ec360f,0x1c2f994dcbeab2e65d36a795646cd0622bb20e2b,0.12
14201060,1644799019.0,0xc7b6ea0bdda6d09b409c7e12412a1c02ea7dd71e,0x1c2f994dcbeab2e65d36a795646cd0622bb20e2b,0.2
14201518,1644805636.0,0x30017a452362abe2de3d47c4c7b5809c972dc640,0x1c2f994dcbeab2e65d36a795646cd0622bb20e2b,0.125
14202757,1644821734.0,0xf4716518808690b3f2c3f2d06bbc82e89f85e3c9,0x1c2f994dcbeab2e65d36a795646cd0622bb20e2b,1.0
14203111,1644825961.0,0x76182e117d00379f5b16ce015a2fe3c012ee6aee,0x1c2f994dcbeab2e65d36a795646cd0622bb20e2b,0.11
14203116,1644826074.0,0x76182e117d00379f5b16ce015a2fe3c012ee6aee,0x1c2f994dcbeab2e65d36a795646cd0622bb20e2b,0.11
14203761,1644834443.0,0xb0d5eed6e5762c204c1f3371f0e7c6ec670bdb94,0x1c2f994dcbeab2e65d36a795646cd0622bb20e2b,0.12
14204217,1644840797.0,0x144defe1c0d20bf2672dbb1bd2a8c546657f7d48,0x1c2f994dcbeab2e65d36a795646cd0622bb20e2b,0.12
14204741,1644848111.0,0x103c7d06ecc627f74c462b4e6ea6dfa2bb9c76fe,0x1c2f994dcbeab2e65d36a795646cd0622bb20e2b,0.12
14205625,1644859916.0,0x809ec419b285a2f085c10f3cf7c61d1cee2cc230,0x1c2f994dcbeab2e65d36a795646cd0622bb20e2b,0.11
14205945,1644864236.0,0x812af5992070a741c7ae703af845b21788820b01,0x1c2f994dcbeab2e65d36a795646cd0622bb20e2b,0.12
14207590,1644886498.0,0xa80bc1dd6095f0dd3399e47a9c5ef1d70ab6ff43,0x1c2f994dcbeab2e65d36a795646cd0622bb20e2b,0.125
14207618,1644886921.0,0x3852bd9bcb60a38d5aaa6bfa544fda144f38a5cb,0x1c2f994dcbeab2e65d36a795646cd0622bb20e2b,0.15
14207619,1644886934.0,0x3852bd9bcb60a38d5aaa6bfa544fda144f38a5cb,0x1c2f994dcbeab2e65d36a795646cd0622bb20e2b,0.15
14208612,1644899527.0,0xc54b62441dc240ef228295c8959f361eeaca43cc,0x1c2f994dcbeab2e65d36a795646cd0622bb20e2b,0.11
14208612,1644899527.0,0xc54b62441dc240ef228295c8959f361eeaca43cc,0x1c2f994dcbeab2e65d36a795646cd0622bb20e2b,0.11
14209813,1644916045.0,0x6a28139e2329becb06ffdfa51b303508e72930ac,0x1c2f994dcbeab2e65d36a795646cd0622bb20e2b,0.15
14209818,1644916121.0,0xb216ef8dab7aa66bd3445fbdf538c3f931185421,0x1c2f994dcbeab2e65d36a795646cd0622bb20e2b,0.12
14209850,1644916768.0,0x6a28139e2329becb06ffdfa51b303508e72930ac,0x1c2f994dcbeab2e65d36a795646cd0622bb20e2b,0.0
14210185,1644921181.0,0x7ec8e8058993b823dc2b33a3232e39019b8f7fcb,0x1c2f994dcbeab2e65d36a795646cd0622bb20e2b,0.12
14211302,1644936537.0,0xbd89604761dc302053d606656dac878676289574,0x1c2f994dcbeab2e65d36a795646cd0622bb20e2b,0.2
14211318,1644936722.0,0xbd89604761dc302053d606656dac878676289574,0x1c2f994dcbeab2e65d36a795646cd0622bb20e2b,0.2
14211435,1644938272.0,0x755608254455382e5329ccd50676b13fed61076a,0x1c2f994dcbeab2e65d36a795646cd0622bb20e2b,0.11
14212067,1644946265.0,0x46dd8c72a971617cbe055b4c4bdc79489da83d91,0x1c2f994dcbeab2e65d36a795646cd0622bb20e2b,0.12
14212917,1644957288.0,0x9991ba69a49936f554fabc2865d39580f700a623,0x1c2f994dcbeab2e65d36a795646cd0622bb20e2b,0.54
14213019,1644958670.0,0xcdc118caeef33f6c5fac13497ad2964dffcb9d7d,0x1c2f994dcbeab2e65d36a795646cd0622bb20e2b,0.24
14213716,1644967960.0,0x740c37a716c0b49f8bf2f196d6f56ad61fdb4133,0x1c2f994dcbeab2e65d36a795646cd0622bb20e2b,0.25
14213930,1644970788.0,0x113a79cdcaf38ffcaed3127e64a4e0b3efbaa0e4,0x1c2f994dcbeab2e65d36a795646cd0622bb20e2b,0.12
14214741,1644981492.0,0x72d9273ae8934f96e3acfa2a2a678844d71d887b,0x1c2f994dcbeab2e65d36a795646cd0622bb20e2b,0.36
14215797,1644996150.0,0x21930be2acf48a402af3894df07bef2841b09211,0x1c2f994dcbeab2e65d36a795646cd0622bb20e2b,0.12
14217865,1645024285.0,0xb3b06110088ab450f341375a1a8b96b10ed9d505,0x1c2f994dcbeab2e65d36a795646cd0622bb20e2b,0.26
14217865,1645024285.0,0xb3b06110088ab450f341375a1a8b96b10ed9d505,0x1c2f994dcbeab2e65d36a795646cd0622bb20e2b,0.26
14218691,1645034947.0,0xbe6ef030e689c4aca6ba78cd9e25556a7f546a9b,0x1c2f994dcbeab2e65d36a795646cd0622bb20e2b,0.1
14218696,1645035002.0,0xbe6ef030e689c4aca6ba78cd9e25556a7f546a9b,0x1c2f994dcbeab2e65d36a795646cd0622bb20e2b,0.1
14219301,1645042818.0,0xc80dd8413c7df946ff9d7d1660b2a55932132ad0,0x1c2f994dcbeab2e65d36a795646cd0622bb20e2b,0.1
14219622,1645047229.0,0xe69d5cf1f32585858ad858b3a3d94d9fc42b06f8,0x1c2f994dcbeab2e65d36a795646cd0622bb20e2b,0.1
14220014,1645052503.0,0x1c2f994dcbeab2e65d36a795646cd0622bb20e2b,0x7993041b5e9fc152037dce69a3c40f7211946901,0.51293393
14221113,1645067241.0,0x19e20354df0749a31eacce12b341bf837a9568a2,0x1c2f994dcbeab2e65d36a795646cd0622bb20e2b,0.1
14221114,1645067253.0,0x19e20354df0749a31eacce12b341bf837a9568a2,0x1c2f994dcbeab2e65d36a795646cd0622bb20e2b,0.1
14221248,1645069081.0,0xaa1b41ea6c45bb5a29f29de710d5b4349eb3bcff,0x1c2f994dcbeab2e65d36a795646cd0622bb20e2b,0.169
14221447,1645071734.0,0x370e3cb39b322ad11405ddcedc0c85cf856b5763,0x1c2f994dcbeab2e65d36a795646cd0622bb20e2b,0.12
14221448,1645071758.0,0x370e3cb39b322ad11405ddcedc0c85cf856b5763,0x1c2f994dcbeab2e65d36a795646cd0622bb20e2b,0.6
14221453,1645071880.0,0x370e3cb39b322ad11405ddcedc0c85cf856b5763,0x1c2f994dcbeab2e65d36a795646cd0622bb20e2b,0.12
14221559,1645073362.0,0x46baad479f6183af688ba03e09ec14ae77237025,0x1c2f994dcbeab2e65d36a795646cd0622bb20e2b,0.5
14221563,1645073404.0,0x46baad479f6183af688ba03e09ec14ae77237025,0x1c2f994dcbeab2e65d36a795646cd0622bb20e2b,0.5
14221569,1645073467.0,0x46baad479f6183af688ba03e09ec14ae77237025,0x1c2f994dcbeab2e65d36a795646cd0622bb20e2b,0.5
14221572,1645073500.0,0x46baad479f6183af688ba03e09ec14ae77237025,0x1c2f994dcbeab2e65d36a795646cd0622bb20e2b,0.1
14221810,1645076502.0,0xe8b06e1575f3a6ad3ed7948ee630bef561188777,0x1c2f994dcbeab2e65d36a795646cd0622bb20e2b,0.3
14221964,1645078366.0,0x7f1fd42d567e96ee706bba7ce55f442b0f9a4387,0x1c2f994dcbeab2e65d36a795646cd0622bb20e2b,0.22
14221983,1645078715.0,0x1034fc7ebdc2a6533a6ad4e178d6f1b3cdd26b04,0x1c2f994dcbeab2e65d36a795646cd0622bb20e2b,0.15
14222105,1645080102.0,0x004835fe706948bf3068818fc178ee8da6023ba8,0x1c2f994dcbeab2e65d36a795646cd0622bb20e2b,0.169
14222227,1645081789.0,0xd813068c468d104d3486e1e06a4b2cef8ad9622f,0x1c2f994dcbeab2e65d36a795646cd0622bb20e2b,0.12
14222643,1645087582.0,0x45b3f525bee26cdf11084b63562546ae28faeb37,0x1c2f994dcbeab2e65d36a795646cd0622bb20e2b,0.1
14222767,1645089142.0,0x71ad9b12311b291929b7bda9226a9c58c530eede,0x1c2f994dcbeab2e65d36a795646cd0622bb20e2b,0.169
14222793,1645089474.0,0x9b3e1375eb26e0adf6ac2a85712a8da14ba9a1bb,0x1c2f994dcbeab2e65d36a795646cd0622bb20e2b,0.1
14222800,1645089587.0,0x5bfba632a2f22382ad70d845c8edc3d1f2780427,0x1c2f994dcbeab2e65d36a795646cd0622bb20e2b,0.1
14223470,1645098543.0,0x914853f5b413d0ca84522f4260743699c390fe17,0x1c2f994dcbeab2e65d36a795646cd0622bb20e2b,0.169
14224306,1645109872.0,0x890c4bbc1eea9947d27ecc9894ff4a14b549b01c,0x1c2f994dcbeab2e65d36a795646cd0622bb20e2b,0.1
14224311,1645109948.0,0x890c4bbc1eea9947d27ecc9894ff4a14b549b01c,0x1c2f994dcbeab2e65d36a795646cd0622bb20e2b,0.1
14224713,1645115596.0,0x619d7761180d4aa0419249df2fabc79eacd67628,0x1c2f994dcbeab2e65d36a795646cd0622bb20e2b,0.15
14226279,1645135981.0,0x15d86f28fb4fd4112b6f202abc377a3550ec585e,0x1c2f994dcbeab2e65d36a795646cd0622bb20e2b,0.1
14227002,1645145764.0,0xd73979c9fbbb795c17291f6013a2b537e032f285,0x1c2f994dcbeab2e65d36a795646cd0622bb20e2b,0.12
14227194,1645148436.0,0x72c9d54a0802834c48bc984f3c38a51abecc8500,0x1c2f994dcbeab2e65d36a795646cd0622bb20e2b,0.2
14227522,1645152881.0,0xd669d8df1310b9f2c43cd50951a141eba5f510da,0x1c2f994dcbeab2e65d36a795646cd0622bb20e2b,0.169
14228416,1645165199.0,0x5f0d2d7eb169f5304f9d2ca42122988b2449c5df,0x1c2f994dcbeab2e65d36a795646cd0622bb20e2b,0.15
14228576,1645167460.0,0x7b5eb80364b00b424a88b7f21fb3071b4856be06,0x1c2f994dcbeab2e65d36a795646cd0622bb20e2b,0.1
14229377,1645178141.0,0xe4ff8bed2142391cecbd8a6dd76c6bf9c5d2d640,0x1c2f994dcbeab2e65d36a795646cd0622bb20e2b,0.22
14229377,1645178141.0,0xe4ff8bed2142391cecbd8a6dd76c6bf9c5d2d640,0x1c2f994dcbeab2e65d36a795646cd0622bb20e2b,0.11
14230793,1645196745.0,0x351ff6fe778bb491aa9359c25cade99ef297dcba,0x1c2f994dcbeab2e65d36a795646cd0622bb20e2b,0.507
14231065,1645200420.0,0x630782dc967681c72fd548b8629a2aa162b22492,0x1c2f994dcbeab2e65d36a795646cd0622bb20e2b,0.15
14231832,1645210796.0,0x3eff14d80cd5c24304cd7a25ebb83550f07e5f25,0x1c2f994dcbeab2e65d36a795646cd0622bb20e2b,0.169
14232710,1645222934.0,0x4a99a436a854e0743c0227b90b25a830b3e0697a,0x1c2f994dcbeab2e65d36a795646cd0622bb20e2b,0.22
14233285,1645230549.0,0xfe3f2ab341fa6602463b7fe7471241e03bcb5a05,0x1c2f994dcbeab2e65d36a795646cd0622bb20e2b,0.1
14233969,1645239187.0,0x617d16a3d43ecca494837c4b3793d4e8a304571e,0x1c2f994dcbeab2e65d36a795646cd0622bb20e2b,0.11
14234159,1645241825.0,0x56557de4a6ac669fa064fcc74c8825634ced89a6,0x1c2f994dcbeab2e65d36a795646cd0622bb20e2b,0.169
14234387,1645245042.0,0xc9cd607578ad76712c561d9009692034bc1cfa4d,0x1c2f994dcbeab2e65d36a795646cd0622bb20e2b,0.1
14234387,1645245042.0,0xc9cd607578ad76712c561d9009692034bc1cfa4d,0x1c2f994dcbeab2e65d36a795646cd0622bb20e2b,0.1
14238900,1645306261.0,0xd73979c9fbbb795c17291f6013a2b537e032f285,0x1c2f994dcbeab2e65d36a795646cd0622bb20e2b,0.12
14239419,1645313126.0,0x9483f7c971521cd3f3def22fa9e15dac044398ff,0x1c2f994dcbeab2e65d36a795646cd0622bb20e2b,0.125
14240048,1645321600.0,0xe3d78b37f2a4e8093ec655f27ee7e3d38700a6f6,0x1c2f994dcbeab2e65d36a795646cd0622bb20e2b,0.169
14240051,1645321620.0,0xe3d78b37f2a4e8093ec655f27ee7e3d38700a6f6,0x1c2f994dcbeab2e65d36a795646cd0622bb20e2b,0.169
14240054,1645321651.0,0xe3d78b37f2a4e8093ec655f27ee7e3d38700a6f6,0x1c2f994dcbeab2e65d36a795646cd0622bb20e2b,0.169
14240058,1645321675.0,0xe3d78b37f2a4e8093ec655f27ee7e3d38700a6f6,0x1c2f994dcbeab2e65d36a795646cd0622bb20e2b,0.169
14240062,1645321702.0,0xe3d78b37f2a4e8093ec655f27ee7e3d38700a6f6,0x1c2f994dcbeab2e65d36a795646cd0622bb20e2b,0.169
14240063,1645321723.0,0xe3d78b37f2a4e8093ec655f27ee7e3d38700a6f6,0x1c2f994dcbeab2e65d36a795646cd0622bb20e2b,0.169
14240063,1645321723.0,0xe3d78b37f2a4e8093ec655f27ee7e3d38700a6f6,0x1c2f994dcbeab2e65d36a795646cd0622bb20e2b,0.169
14240064,1645321745.0,0xe3d78b37f2a4e8093ec655f27ee7e3d38700a6f6,0x1c2f994dcbeab2e65d36a795646cd0622bb20e2b,0.169
14240064,1645321745.0,0xe3d78b37f2a4e8093ec655f27ee7e3d38700a6f6,0x1c2f994dcbeab2e65d36a795646cd0622bb20e2b,0.169
14240081,1645321904.0,0xb410036457757a21b2ab427302412ce52986e36f,0x1c2f994dcbeab2e65d36a795646cd0622bb20e2b,0.169
14241250,1645337301.0,0x2bf5a839824b7992301505eb74034298daa25eb6,0x1c2f994dcbeab2e65d36a795646cd0622bb20e2b,0.15
14241931,1645346740.0,0x6b49632fb85248638a68723a61fd37869618a415,0x1c2f994dcbeab2e65d36a795646cd0622bb20e2b,0.338
14242603,1645355705.0,0x7e75ca3375d10bca659ef6d50aab35dffe9ef7e1,0x1c2f994dcbeab2e65d36a795646cd0622bb20e2b,0.11
14243486,1645367917.0,0x9a3d6c5f71f733c5a442791b7a98be7abcad6c58,0x1c2f994dcbeab2e65d36a795646cd0622bb20e2b,0.1
14243621,1645369783.0,0x0535ba8384d079d883f7e4375257b39becec39d6,0x1c2f994dcbeab2e65d36a795646cd0622bb20e2b,0.11
14247284,1645417375.0,0x94c70a1c3096db21de1d117d36d86f6323c3af83,0x1c2f994dcbeab2e65d36a795646cd0622bb20e2b,0.169
14247285,1645417379.0,0x94c70a1c3096db21de1d117d36d86f6323c3af83,0x1c2f994dcbeab2e65d36a795646cd0622bb20e2b,0.338
14247285,1645417379.0,0x94c70a1c3096db21de1d117d36d86f6323c3af83,0x1c2f994dcbeab2e65d36a795646cd0622bb20e2b,0.169
14247286,1645417409.0,0x94c70a1c3096db21de1d117d36d86f6323c3af83,0x1c2f994dcbeab2e65d36a795646cd0622bb20e2b,0.169
14247293,1645417484.0,0x94c70a1c3096db21de1d117d36d86f6323c3af83,0x1c2f994dcbeab2e65d36a795646cd0622bb20e2b,0.169
14247937,1645426353.0,0x94c70a1c3096db21de1d117d36d86f6323c3af83,0x1c2f994dcbeab2e65d36a795646cd0622bb20e2b,0.169
14252008,1645481053.0,0xad4746de573c78281c2ca4609a35eaabd4ac028e,0x1c2f994dcbeab2e65d36a795646cd0622bb20e2b,0.169
14252080,1645482066.0,0xad4746de573c78281c2ca4609a35eaabd4ac028e,0x1c2f994dcbeab2e65d36a795646cd0622bb20e2b,0.169
14252508,1645487890.0,0xad7c2eb8f8a4ecaaec067d5c9ca740909cfcbacc,0x1c2f994dcbeab2e65d36a795646cd0622bb20e2b,0.845
14252508,1645487890.0,0xad7c2eb8f8a4ecaaec067d5c9ca740909cfcbacc,0x1c2f994dcbeab2e65d36a795646cd0622bb20e2b,0.845
14253707,1645503701.0,0x327194d5f3065998a2dfc830615da34e0aec1d8e,0x1c2f994dcbeab2e65d36a795646cd0622bb20e2b,0.12
14254433,1645513800.0,0xe5e947f45c706a0d117ab45e6ccb718d0158c25f,0x1c2f994dcbeab2e65d36a795646cd0622bb20e2b,0.3
14255559,1645529015.0,0x89afe3f69767196e4be0c360f6031c8ece3db332,0x1c2f994dcbeab2e65d36a795646cd0622bb20e2b,0.15
14257106,1645549465.0,0x1c2f994dcbeab2e65d36a795646cd0622bb20e2b,0x3b6eebf0552f595c3867567663c4b1297847d1b3,1.19
14259761,1645584513.0,0x94ffda968e6abcb08b3d3cd96213f2965ea3bf4d,0x1c2f994dcbeab2e65d36a795646cd0622bb20e2b,1.25
14259770,1645584626.0,0x94ffda968e6abcb08b3d3cd96213f2965ea3bf4d,0x1c2f994dcbeab2e65d36a795646cd0622bb20e2b,1.25
14259797,1645585139.0,0x94ffda968e6abcb08b3d3cd96213f2965ea3bf4d,0x1c2f994dcbeab2e65d36a795646cd0622bb20e2b,1.25
14263363,1645632832.0,0x4e2b1d031da7db60c0567de53028309321ff82ed,0x1c2f994dcbeab2e65d36a795646cd0622bb20e2b,1.0
14264104,1645643489.0,0xcb0ab71afc94de71005ddfc0af155f05381ac728,0x1c2f994dcbeab2e65d36a795646cd0622bb20e2b,0.11
14264685,1645650531.0,0xa8bc38d1bcb48846eaa576f276eb1f703052e56f,0x1c2f994dcbeab2e65d36a795646cd0622bb20e2b,1.0
14269365,1645713426.0,0x95cc3baafff025ea693c00f9982eb0b0d69e1733,0x1c2f994dcbeab2e65d36a795646cd0622bb20e2b,1.0
14272813,1645758869.0,0xeb7e33122c7cbeceff1ed3a05b6b3546b05c4597,0x1c2f994dcbeab2e65d36a795646cd0622bb20e2b,0.11
14276055,1645802663.0,0x9bbbc694c5431c52390503f497c0f9af5a5f7dae,0x1c2f994dcbeab2e65d36a795646cd0622bb20e2b,2.5
14276255,1645805165.0,0xdb20f50f36a376e29ff83b9a5d52a56d6209a4ff,0x1c2f994dcbeab2e65d36a795646cd0622bb20e2b,1.25
14277781,1645825454.0,0xd1682124aacdc5bdbed8b0fc7baf685e35d3a1c2,0x1c2f994dcbeab2e65d36a795646cd0622bb20e2b,0.55
14277781,1645825454.0,0xd1682124aacdc5bdbed8b0fc7baf685e35d3a1c2,0x1c2f994dcbeab2e65d36a795646cd0622bb20e2b,0.55
14278100,1645829846.0,0x2a15d5f624659284dcad57b3aa47a0360957e369,0x1c2f994dcbeab2e65d36a795646cd0622bb20e2b,0.55
14278355,1645833213.0,0x42b1554d7d36fb7e6e5157dabf47098d371c4e58,0x1c2f994dcbeab2e65d36a795646cd0622bb20e2b,0.375
14278358,1645833272.0,0x42b1554d7d36fb7e6e5157dabf47098d371c4e58,0x1c2f994dcbeab2e65d36a795646cd0622bb20e2b,0.125
14278743,1645838390.0,0x8b6247cc2758ce56cb277f621b1293cb313f41fc,0x1c2f994dcbeab2e65d36a795646cd0622bb20e2b,0.11
14280193,1645858545.0,0x671099912103b3ea2470846e3dc7b3f4253b8134,0x1c2f994dcbeab2e65d36a795646cd0622bb20e2b,5.0
14288583,1645970053.0,0xb3b2501b2f5836fa82255b13a0b5d2b473e22d39,0x1c2f994dcbeab2e65d36a795646cd0622bb20e2b,0.27
14289478,1645981542.0,0xa46c462ea52aad8a6171a4a97d0ed53a403cca80,0x1c2f994dcbeab2e65d36a795646cd0622bb20e2b,0.15
14291359,1646006829.0,0xa4c4b6a9efed4b136640c8747a087f6ddd1f646d,0x1c2f994dcbeab2e65d36a795646cd0622bb20e2b,0.25
14304914,1646188266.0,0x365fbd925586063e5ff50f1d620bf2452f1e9cce,0x1c2f994dcbeab2e65d36a795646cd0622bb20e2b,0.15
14411857,1647625582.0,0xfdf2dcf8215e1aa85779d9eba5a145567664a56a,0x1c2f994dcbeab2e65d36a795646cd0622bb20e2b,1.08
14439323,1647994982.0,0xbe205f036e2f7381231cd226b10565288c824c2d,0x1c2f994dcbeab2e65d36a795646cd0622bb20e2b,0.27
14440260,1648007317.0,0x1f5d77f8ad8b15eb963c2c65d0d295104ea63335,0x1c2f994dcbeab2e65d36a795646cd0622bb20e2b,0.27
14456349,1648223406.0,0xb389f762200f0e5a60fd34f483b6d820105a9a8f,0x1c2f994dcbeab2e65d36a795646cd0622bb20e2b,0.27
