BlockHeight,TimeStamp,From,To,Value
14397085,1647427058.0,0x52a7bc5a9ff284a9512cf6d74724dd66b418ff10,,0.0
14406242,1647550210.0,0x7fcb7b0d180a72230f4169a826f9552301cb9557,0x1d95fbc578dc0d565fd02ac5a1cfc5490e592def,0.0
14406296,1647550831.0,0x52a7bc5a9ff284a9512cf6d74724dd66b418ff10,0x1d95fbc578dc0d565fd02ac5a1cfc5490e592def,0.0
14406310,1647551102.0,0x2a555126bd6ca9790af739e9794f4206fea3cf9d,0x1d95fbc578dc0d565fd02ac5a1cfc5490e592def,0.0
14406325,1647551257.0,0x4cb615b1768979f40209489447339b98c9c1c349,0x1d95fbc578dc0d565fd02ac5a1cfc5490e592def,0.0
14406334,1647551314.0,0xde9b80ac9a75f92b8bf782192ea11bb712760015,0x1d95fbc578dc0d565fd02ac5a1cfc5490e592def,0.0
14406340,1647551424.0,0x710f1b0502522ca76b6422a81e533ce084176141,0x1d95fbc578dc0d565fd02ac5a1cfc5490e592def,0.0
14406342,1647551506.0,0x3af0e7263fa185c25179404c234972286f3cb93e,0x1d95fbc578dc0d565fd02ac5a1cfc5490e592def,0.0
14406397,1647552193.0,0x52a7bc5a9ff284a9512cf6d74724dd66b418ff10,0x1d95fbc578dc0d565fd02ac5a1cfc5490e592def,0.0
14406412,1647552382.0,0x52a7bc5a9ff284a9512cf6d74724dd66b418ff10,0x1d95fbc578dc0d565fd02ac5a1cfc5490e592def,0.0
14406508,1647553882.0,0x52a7bc5a9ff284a9512cf6d74724dd66b418ff10,0x1d95fbc578dc0d565fd02ac5a1cfc5490e592def,0.0
14406615,1647555374.0,0x52a7bc5a9ff284a9512cf6d74724dd66b418ff10,0x1d95fbc578dc0d565fd02ac5a1cfc5490e592def,0.0
14406709,1647556715.0,0x52a7bc5a9ff284a9512cf6d74724dd66b418ff10,0x1d95fbc578dc0d565fd02ac5a1cfc5490e592def,0.0
14406823,1647558103.0,0x52a7bc5a9ff284a9512cf6d74724dd66b418ff10,0x1d95fbc578dc0d565fd02ac5a1cfc5490e592def,0.0
14406963,1647559929.0,0x52a7bc5a9ff284a9512cf6d74724dd66b418ff10,0x1d95fbc578dc0d565fd02ac5a1cfc5490e592def,0.0
14407081,1647561701.0,0x52a7bc5a9ff284a9512cf6d74724dd66b418ff10,0x1d95fbc578dc0d565fd02ac5a1cfc5490e592def,0.0
14407151,1647562556.0,0x52a7bc5a9ff284a9512cf6d74724dd66b418ff10,0x1d95fbc578dc0d565fd02ac5a1cfc5490e592def,0.0
14407585,1647568883.0,0x52a7bc5a9ff284a9512cf6d74724dd66b418ff10,0x1d95fbc578dc0d565fd02ac5a1cfc5490e592def,0.0
