BlockHeight,TimeStamp,From,To,Value
15352387,1660653410.0,0x4710713a1dbf07cba495058c4608d0bb586a77ea,0x1ddea3ece04083cea43e55f49f5aac6c0a14414d,0.153792795205889
15352388,1660653420.0,0x60bda289ae51aacff0a139fb6754969820e8e28c,0x1ddea3ece04083cea43e55f49f5aac6c0a14414d,0.0824944966002524
15352391,1660653488.0,0x95a7e98b0c7db42372bb7d738484831d496ed69a,0x1ddea3ece04083cea43e55f49f5aac6c0a14414d,0.008915437986424
15352396,1660653545.0,0x7e46013f572cbb90cf5720497099a7989a7c4193,0x1ddea3ece04083cea43e55f49f5aac6c0a14414d,0.0143451471206035
15352403,1660653603.0,0xddff23fc3d3ce847b6f790e0eee5a805dd74e1e5,0x1ddea3ece04083cea43e55f49f5aac6c0a14414d,0.0076676721860607
15352405,1660653625.0,0x176a80d8ffb2f4fcdd733475ec6c7392acc7c0ec,0x1ddea3ece04083cea43e55f49f5aac6c0a14414d,0.0145088837682079
15357132,1660717823.0,0x1ddea3ece04083cea43e55f49f5aac6c0a14414d,0x116ee1216521438c0255a9d92966b1ece1442bb8,0.2814548786039487
