BlockHeight,TimeStamp,From,To,Value
14269798,1645719410.0,0x3f22afb1e8e5f0b37c0e6ee7960097fa11ddd310,0x1eaec8a712250a2b4bcad8fd213b6dbeefca7766,0.2
14269800,1645719455.0,0x3f22afb1e8e5f0b37c0e6ee7960097fa11ddd310,0x1eaec8a712250a2b4bcad8fd213b6dbeefca7766,0.2
14269880,1645720406.0,0x5480423abd5488622a16fd60bb6a258b9a8aafe2,0x1eaec8a712250a2b4bcad8fd213b6dbeefca7766,0.2
14269944,1645721263.0,0xa8536b18b5b8f69f971673e83d6d7d4c21fa5ed5,0x1eaec8a712250a2b4bcad8fd213b6dbeefca7766,0.2
14271262,1645738120.0,0xf58de0ab4884b49a62c0f5177296f1bbe000d037,0x1eaec8a712250a2b4bcad8fd213b6dbeefca7766,0.3
14271631,1645743124.0,0xb35103d971770be2e6e693606cbb6bfa897b17e8,0x1eaec8a712250a2b4bcad8fd213b6dbeefca7766,0.3
14271637,1645743175.0,0xb35103d971770be2e6e693606cbb6bfa897b17e8,0x1eaec8a712250a2b4bcad8fd213b6dbeefca7766,0.6
14271749,1645744568.0,0xb35103d971770be2e6e693606cbb6bfa897b17e8,0x1eaec8a712250a2b4bcad8fd213b6dbeefca7766,0.3
14272971,1645761046.0,0xc18982bcaed80091589ec67769c54e002381278f,0x1eaec8a712250a2b4bcad8fd213b6dbeefca7766,0.3
14282972,1645895194.0,0x35e921dbc526a7fc653d3dab391927c088b0a95b,0x1eaec8a712250a2b4bcad8fd213b6dbeefca7766,0.9
14282974,1645895225.0,0x35e921dbc526a7fc653d3dab391927c088b0a95b,0x1eaec8a712250a2b4bcad8fd213b6dbeefca7766,0.0817749999999999
14284159,1645911153.0,0xb5f87c48dbc15e3b56909eae0a76cf51ac3d006d,0x1eaec8a712250a2b4bcad8fd213b6dbeefca7766,0.3
14286600,1645943303.0,0xbb865abb37f75e496d01477fc4249497854bb2f1,0x1eaec8a712250a2b4bcad8fd213b6dbeefca7766,0.3
14286676,1645944341.0,0x4c4e3512aaac254d024bc58760a67f44ef255512,0x1eaec8a712250a2b4bcad8fd213b6dbeefca7766,0.3
14297832,1646093887.0,0x51ff6ef0e603300e9f99996e3bf7069c2c43ecd6,0x1eaec8a712250a2b4bcad8fd213b6dbeefca7766,0.3
14297834,1646093906.0,0x51ff6ef0e603300e9f99996e3bf7069c2c43ecd6,0x1eaec8a712250a2b4bcad8fd213b6dbeefca7766,0.13
14299843,1646121226.0,0x1eaec8a712250a2b4bcad8fd213b6dbeefca7766,0xf4b00c937b4ec4bb5ac051c3c719036c668a31ec,4.901775
14361676,1646949514.0,0x1eaec8a712250a2b4bcad8fd213b6dbeefca7766,0x7804b404f449b5511997c3a6b114a62d637837a1,0.0076574518590235
