BlockHeight,TimeStamp,From,To,Value
16104398,1670071835.0,0x92e929d8b2c8430bcaf4cd87654789578bb2b786,0x2017afe23eb6766988e2546fe88ee4ee16b781f6,0.155399
16104406,1670071931.0,0x2017afe23eb6766988e2546fe88ee4ee16b781f6,0xdac17f958d2ee523a2206206994597c13d831ec7,0.0
16104406,1670071931.0,0x74de5d4fcbf63e00296fd95d33236b9794016631,0x2017afe23eb6766988e2546fe88ee4ee16b781f6,8.508858617842042
16104406,1670071931.0,0x2017afe23eb6766988e2546fe88ee4ee16b781f6,0x881d40237659c251811cec9c364ef91dc08d300c,0.0
16104471,1670072711.0,0x2017afe23eb6766988e2546fe88ee4ee16b781f6,,0.0
16104490,1670072939.0,0x2017afe23eb6766988e2546fe88ee4ee16b781f6,0xd10cc2227cc70bb067fcaa552bccaf8206dd1c1e,0.0
16104506,1670073155.0,0x2017afe23eb6766988e2546fe88ee4ee16b781f6,0x5883e93de98a71b153cfd20c9638ae35a399d354,0.1
16104557,1670073767.0,0x2017afe23eb6766988e2546fe88ee4ee16b781f6,0xd10cc2227cc70bb067fcaa552bccaf8206dd1c1e,0.0
16104623,1670074559.0,0x2017afe23eb6766988e2546fe88ee4ee16b781f6,0xd10cc2227cc70bb067fcaa552bccaf8206dd1c1e,0.0
16104671,1670075135.0,0x2017afe23eb6766988e2546fe88ee4ee16b781f6,0xd10cc2227cc70bb067fcaa552bccaf8206dd1c1e,0.0
16104806,1670076755.0,0x2017afe23eb6766988e2546fe88ee4ee16b781f6,0xd10cc2227cc70bb067fcaa552bccaf8206dd1c1e,0.0
16104822,1670076947.0,0x2017afe23eb6766988e2546fe88ee4ee16b781f6,0xd10cc2227cc70bb067fcaa552bccaf8206dd1c1e,0.0
16104887,1670077727.0,0x2017afe23eb6766988e2546fe88ee4ee16b781f6,0xd10cc2227cc70bb067fcaa552bccaf8206dd1c1e,0.0
16104953,1670078543.0,0x2017afe23eb6766988e2546fe88ee4ee16b781f6,0xd10cc2227cc70bb067fcaa552bccaf8206dd1c1e,0.0
16105008,1670079203.0,0x2017afe23eb6766988e2546fe88ee4ee16b781f6,0xd10cc2227cc70bb067fcaa552bccaf8206dd1c1e,0.0
16105066,1670079899.0,0x2017afe23eb6766988e2546fe88ee4ee16b781f6,0xd10cc2227cc70bb067fcaa552bccaf8206dd1c1e,0.0
16105124,1670080607.0,0x2017afe23eb6766988e2546fe88ee4ee16b781f6,0xd10cc2227cc70bb067fcaa552bccaf8206dd1c1e,0.0
16105188,1670081387.0,0x2017afe23eb6766988e2546fe88ee4ee16b781f6,0xd10cc2227cc70bb067fcaa552bccaf8206dd1c1e,0.0
16105241,1670082023.0,0x2017afe23eb6766988e2546fe88ee4ee16b781f6,0xd10cc2227cc70bb067fcaa552bccaf8206dd1c1e,0.0
16105298,1670082707.0,0x2017afe23eb6766988e2546fe88ee4ee16b781f6,0xd10cc2227cc70bb067fcaa552bccaf8206dd1c1e,0.0
16105359,1670083451.0,0x2017afe23eb6766988e2546fe88ee4ee16b781f6,0xd10cc2227cc70bb067fcaa552bccaf8206dd1c1e,0.0
16105403,1670083979.0,0x2017afe23eb6766988e2546fe88ee4ee16b781f6,0xd10cc2227cc70bb067fcaa552bccaf8206dd1c1e,0.0
16105479,1670084891.0,0x2017afe23eb6766988e2546fe88ee4ee16b781f6,0xd10cc2227cc70bb067fcaa552bccaf8206dd1c1e,0.0
16105540,1670085623.0,0x2017afe23eb6766988e2546fe88ee4ee16b781f6,0xd10cc2227cc70bb067fcaa552bccaf8206dd1c1e,0.0
16105598,1670086331.0,0x2017afe23eb6766988e2546fe88ee4ee16b781f6,0xd10cc2227cc70bb067fcaa552bccaf8206dd1c1e,0.0
16105664,1670087123.0,0x2017afe23eb6766988e2546fe88ee4ee16b781f6,0xd10cc2227cc70bb067fcaa552bccaf8206dd1c1e,0.0
16105737,1670087999.0,0x2017afe23eb6766988e2546fe88ee4ee16b781f6,0xd10cc2227cc70bb067fcaa552bccaf8206dd1c1e,0.0
16105825,1670089091.0,0x2017afe23eb6766988e2546fe88ee4ee16b781f6,0xd10cc2227cc70bb067fcaa552bccaf8206dd1c1e,0.0
16105898,1670089967.0,0x2017afe23eb6766988e2546fe88ee4ee16b781f6,0xd10cc2227cc70bb067fcaa552bccaf8206dd1c1e,0.0
16105971,1670090843.0,0x2017afe23eb6766988e2546fe88ee4ee16b781f6,0xd10cc2227cc70bb067fcaa552bccaf8206dd1c1e,0.0
16106054,1670091839.0,0x2017afe23eb6766988e2546fe88ee4ee16b781f6,0xd10cc2227cc70bb067fcaa552bccaf8206dd1c1e,0.0
16106148,1670092979.0,0x2017afe23eb6766988e2546fe88ee4ee16b781f6,0xd10cc2227cc70bb067fcaa552bccaf8206dd1c1e,0.0
16106227,1670093951.0,0x2017afe23eb6766988e2546fe88ee4ee16b781f6,0xd10cc2227cc70bb067fcaa552bccaf8206dd1c1e,0.0
16106275,1670094539.0,0x2017afe23eb6766988e2546fe88ee4ee16b781f6,0xd10cc2227cc70bb067fcaa552bccaf8206dd1c1e,0.0
16106336,1670095283.0,0x2017afe23eb6766988e2546fe88ee4ee16b781f6,0xd10cc2227cc70bb067fcaa552bccaf8206dd1c1e,0.0
16106425,1670096363.0,0x2017afe23eb6766988e2546fe88ee4ee16b781f6,0xd10cc2227cc70bb067fcaa552bccaf8206dd1c1e,0.0
16106508,1670097359.0,0x2017afe23eb6766988e2546fe88ee4ee16b781f6,0xd10cc2227cc70bb067fcaa552bccaf8206dd1c1e,0.0
16106566,1670098055.0,0x2017afe23eb6766988e2546fe88ee4ee16b781f6,0xd10cc2227cc70bb067fcaa552bccaf8206dd1c1e,0.0
16106655,1670099123.0,0x2017afe23eb6766988e2546fe88ee4ee16b781f6,0xd10cc2227cc70bb067fcaa552bccaf8206dd1c1e,0.0
16106787,1670100707.0,0x2017afe23eb6766988e2546fe88ee4ee16b781f6,0xd10cc2227cc70bb067fcaa552bccaf8206dd1c1e,0.0
16107018,1670103479.0,0x2017afe23eb6766988e2546fe88ee4ee16b781f6,0xd10cc2227cc70bb067fcaa552bccaf8206dd1c1e,0.0
16107077,1670104187.0,0x2017afe23eb6766988e2546fe88ee4ee16b781f6,0xd10cc2227cc70bb067fcaa552bccaf8206dd1c1e,0.0
16107195,1670105603.0,0x2017afe23eb6766988e2546fe88ee4ee16b781f6,0xd10cc2227cc70bb067fcaa552bccaf8206dd1c1e,0.0
16107327,1670107199.0,0x2017afe23eb6766988e2546fe88ee4ee16b781f6,0xd10cc2227cc70bb067fcaa552bccaf8206dd1c1e,0.0
16107391,1670107967.0,0x2017afe23eb6766988e2546fe88ee4ee16b781f6,0xd10cc2227cc70bb067fcaa552bccaf8206dd1c1e,0.0
16107485,1670109107.0,0x2017afe23eb6766988e2546fe88ee4ee16b781f6,0xd10cc2227cc70bb067fcaa552bccaf8206dd1c1e,0.0
16107605,1670110547.0,0x2017afe23eb6766988e2546fe88ee4ee16b781f6,0xd10cc2227cc70bb067fcaa552bccaf8206dd1c1e,0.0
16107730,1670112047.0,0x2017afe23eb6766988e2546fe88ee4ee16b781f6,0xd10cc2227cc70bb067fcaa552bccaf8206dd1c1e,0.0
16107875,1670113787.0,0x2017afe23eb6766988e2546fe88ee4ee16b781f6,0xd10cc2227cc70bb067fcaa552bccaf8206dd1c1e,0.0
16108023,1670115587.0,0x2017afe23eb6766988e2546fe88ee4ee16b781f6,0xd10cc2227cc70bb067fcaa552bccaf8206dd1c1e,0.0
16108131,1670116883.0,0x2017afe23eb6766988e2546fe88ee4ee16b781f6,0xd10cc2227cc70bb067fcaa552bccaf8206dd1c1e,0.0
16108280,1670118683.0,0x2017afe23eb6766988e2546fe88ee4ee16b781f6,0xd10cc2227cc70bb067fcaa552bccaf8206dd1c1e,0.0
16108366,1670119727.0,0x2017afe23eb6766988e2546fe88ee4ee16b781f6,0xd10cc2227cc70bb067fcaa552bccaf8206dd1c1e,0.0
16108466,1670120927.0,0x2017afe23eb6766988e2546fe88ee4ee16b781f6,0xd10cc2227cc70bb067fcaa552bccaf8206dd1c1e,0.0
16108575,1670122247.0,0x2017afe23eb6766988e2546fe88ee4ee16b781f6,0xd10cc2227cc70bb067fcaa552bccaf8206dd1c1e,0.0
16108645,1670123087.0,0x2017afe23eb6766988e2546fe88ee4ee16b781f6,0xd10cc2227cc70bb067fcaa552bccaf8206dd1c1e,0.0
16108728,1670124083.0,0x2017afe23eb6766988e2546fe88ee4ee16b781f6,0xd10cc2227cc70bb067fcaa552bccaf8206dd1c1e,0.0
16108794,1670124887.0,0x2017afe23eb6766988e2546fe88ee4ee16b781f6,0xd10cc2227cc70bb067fcaa552bccaf8206dd1c1e,0.0
16108876,1670125883.0,0x2017afe23eb6766988e2546fe88ee4ee16b781f6,0xd10cc2227cc70bb067fcaa552bccaf8206dd1c1e,0.0
16108932,1670126555.0,0x2017afe23eb6766988e2546fe88ee4ee16b781f6,0xbde26717c6d0445a13b9e0488a766935c3f8e23d,0.0
16108990,1670127251.0,0x2017afe23eb6766988e2546fe88ee4ee16b781f6,0xbde26717c6d0445a13b9e0488a766935c3f8e23d,0.0
16109095,1670128511.0,0x2017afe23eb6766988e2546fe88ee4ee16b781f6,0xbde26717c6d0445a13b9e0488a766935c3f8e23d,0.0
16109174,1670129459.0,0x2017afe23eb6766988e2546fe88ee4ee16b781f6,0xbde26717c6d0445a13b9e0488a766935c3f8e23d,0.0
16109258,1670130479.0,0x2017afe23eb6766988e2546fe88ee4ee16b781f6,0xbde26717c6d0445a13b9e0488a766935c3f8e23d,0.0
16109345,1670131523.0,0x2017afe23eb6766988e2546fe88ee4ee16b781f6,0xbde26717c6d0445a13b9e0488a766935c3f8e23d,0.0
16109434,1670132591.0,0x2017afe23eb6766988e2546fe88ee4ee16b781f6,0xbde26717c6d0445a13b9e0488a766935c3f8e23d,0.0
16109508,1670133491.0,0x2017afe23eb6766988e2546fe88ee4ee16b781f6,0xbde26717c6d0445a13b9e0488a766935c3f8e23d,0.0
16109592,1670134511.0,0x2017afe23eb6766988e2546fe88ee4ee16b781f6,0xbde26717c6d0445a13b9e0488a766935c3f8e23d,0.0
16109640,1670135099.0,0x2017afe23eb6766988e2546fe88ee4ee16b781f6,0xbde26717c6d0445a13b9e0488a766935c3f8e23d,0.0
16109694,1670135747.0,0x2017afe23eb6766988e2546fe88ee4ee16b781f6,0xbde26717c6d0445a13b9e0488a766935c3f8e23d,0.0
16109768,1670136635.0,0x2017afe23eb6766988e2546fe88ee4ee16b781f6,0xbde26717c6d0445a13b9e0488a766935c3f8e23d,0.0
16109834,1670137427.0,0x2017afe23eb6766988e2546fe88ee4ee16b781f6,0xbde26717c6d0445a13b9e0488a766935c3f8e23d,0.0
16109851,1670137631.0,0x2017afe23eb6766988e2546fe88ee4ee16b781f6,0xbde26717c6d0445a13b9e0488a766935c3f8e23d,0.0
16109864,1670137799.0,0x2017afe23eb6766988e2546fe88ee4ee16b781f6,0xbde26717c6d0445a13b9e0488a766935c3f8e23d,0.0
16109873,1670137907.0,0x2017afe23eb6766988e2546fe88ee4ee16b781f6,0xbde26717c6d0445a13b9e0488a766935c3f8e23d,0.0
16109888,1670138087.0,0x2017afe23eb6766988e2546fe88ee4ee16b781f6,0xbde26717c6d0445a13b9e0488a766935c3f8e23d,0.0
16109898,1670138207.0,0x2017afe23eb6766988e2546fe88ee4ee16b781f6,0xbde26717c6d0445a13b9e0488a766935c3f8e23d,0.0
16109911,1670138363.0,0x2017afe23eb6766988e2546fe88ee4ee16b781f6,0xbde26717c6d0445a13b9e0488a766935c3f8e23d,0.0
16109923,1670138507.0,0x2017afe23eb6766988e2546fe88ee4ee16b781f6,0xbde26717c6d0445a13b9e0488a766935c3f8e23d,0.0
16109935,1670138651.0,0x2017afe23eb6766988e2546fe88ee4ee16b781f6,0xbde26717c6d0445a13b9e0488a766935c3f8e23d,0.0
16109948,1670138807.0,0x2017afe23eb6766988e2546fe88ee4ee16b781f6,0xbde26717c6d0445a13b9e0488a766935c3f8e23d,0.0
16109961,1670138963.0,0x2017afe23eb6766988e2546fe88ee4ee16b781f6,0xbde26717c6d0445a13b9e0488a766935c3f8e23d,0.0
16109973,1670139107.0,0x2017afe23eb6766988e2546fe88ee4ee16b781f6,0xbde26717c6d0445a13b9e0488a766935c3f8e23d,0.0
16112560,1670170379.0,0x2017afe23eb6766988e2546fe88ee4ee16b781f6,0xbde26717c6d0445a13b9e0488a766935c3f8e23d,0.0
16112563,1670170415.0,0x2017afe23eb6766988e2546fe88ee4ee16b781f6,0xbde26717c6d0445a13b9e0488a766935c3f8e23d,0.0
16112566,1670170451.0,0x2017afe23eb6766988e2546fe88ee4ee16b781f6,0xbde26717c6d0445a13b9e0488a766935c3f8e23d,0.0
16112576,1670170571.0,0x2017afe23eb6766988e2546fe88ee4ee16b781f6,0xbde26717c6d0445a13b9e0488a766935c3f8e23d,0.0
16112577,1670170583.0,0x2017afe23eb6766988e2546fe88ee4ee16b781f6,0xbde26717c6d0445a13b9e0488a766935c3f8e23d,0.0
16112580,1670170619.0,0x2017afe23eb6766988e2546fe88ee4ee16b781f6,0xbde26717c6d0445a13b9e0488a766935c3f8e23d,0.0
16112601,1670170871.0,0x2017afe23eb6766988e2546fe88ee4ee16b781f6,0xbde26717c6d0445a13b9e0488a766935c3f8e23d,0.0
16112604,1670170907.0,0x2017afe23eb6766988e2546fe88ee4ee16b781f6,0xbde26717c6d0445a13b9e0488a766935c3f8e23d,0.0
16112605,1670170919.0,0x2017afe23eb6766988e2546fe88ee4ee16b781f6,0xbde26717c6d0445a13b9e0488a766935c3f8e23d,0.0
16112606,1670170931.0,0x2017afe23eb6766988e2546fe88ee4ee16b781f6,0xbde26717c6d0445a13b9e0488a766935c3f8e23d,0.0
16112608,1670170955.0,0x2017afe23eb6766988e2546fe88ee4ee16b781f6,0xbde26717c6d0445a13b9e0488a766935c3f8e23d,0.0
16112609,1670170967.0,0x2017afe23eb6766988e2546fe88ee4ee16b781f6,0xbde26717c6d0445a13b9e0488a766935c3f8e23d,0.0
16112610,1670170979.0,0x2017afe23eb6766988e2546fe88ee4ee16b781f6,0xbde26717c6d0445a13b9e0488a766935c3f8e23d,0.0
16112611,1670170991.0,0x2017afe23eb6766988e2546fe88ee4ee16b781f6,0xbde26717c6d0445a13b9e0488a766935c3f8e23d,0.0
16112613,1670171015.0,0x2017afe23eb6766988e2546fe88ee4ee16b781f6,0xbde26717c6d0445a13b9e0488a766935c3f8e23d,0.0
16112614,1670171027.0,0x2017afe23eb6766988e2546fe88ee4ee16b781f6,0xbde26717c6d0445a13b9e0488a766935c3f8e23d,0.0
16112615,1670171039.0,0x2017afe23eb6766988e2546fe88ee4ee16b781f6,0xbde26717c6d0445a13b9e0488a766935c3f8e23d,0.0
16112617,1670171063.0,0x2017afe23eb6766988e2546fe88ee4ee16b781f6,0xbde26717c6d0445a13b9e0488a766935c3f8e23d,0.0
16112619,1670171087.0,0x2017afe23eb6766988e2546fe88ee4ee16b781f6,0xbde26717c6d0445a13b9e0488a766935c3f8e23d,0.0
16112621,1670171111.0,0x2017afe23eb6766988e2546fe88ee4ee16b781f6,0xbde26717c6d0445a13b9e0488a766935c3f8e23d,0.0
16112622,1670171123.0,0x2017afe23eb6766988e2546fe88ee4ee16b781f6,0xbde26717c6d0445a13b9e0488a766935c3f8e23d,0.0
16112624,1670171147.0,0x2017afe23eb6766988e2546fe88ee4ee16b781f6,0xbde26717c6d0445a13b9e0488a766935c3f8e23d,0.0
16112625,1670171159.0,0x2017afe23eb6766988e2546fe88ee4ee16b781f6,0xbde26717c6d0445a13b9e0488a766935c3f8e23d,0.0
16112626,1670171171.0,0x2017afe23eb6766988e2546fe88ee4ee16b781f6,0xbde26717c6d0445a13b9e0488a766935c3f8e23d,0.0
16112628,1670171195.0,0x2017afe23eb6766988e2546fe88ee4ee16b781f6,0xbde26717c6d0445a13b9e0488a766935c3f8e23d,0.0
16112629,1670171207.0,0x2017afe23eb6766988e2546fe88ee4ee16b781f6,0xbde26717c6d0445a13b9e0488a766935c3f8e23d,0.0
16112630,1670171219.0,0x2017afe23eb6766988e2546fe88ee4ee16b781f6,0xbde26717c6d0445a13b9e0488a766935c3f8e23d,0.0
16112631,1670171231.0,0x2017afe23eb6766988e2546fe88ee4ee16b781f6,0xbde26717c6d0445a13b9e0488a766935c3f8e23d,0.0
16112632,1670171243.0,0x2017afe23eb6766988e2546fe88ee4ee16b781f6,0xbde26717c6d0445a13b9e0488a766935c3f8e23d,0.0
16112633,1670171255.0,0x2017afe23eb6766988e2546fe88ee4ee16b781f6,0xbde26717c6d0445a13b9e0488a766935c3f8e23d,0.0
16112635,1670171279.0,0x2017afe23eb6766988e2546fe88ee4ee16b781f6,0xbde26717c6d0445a13b9e0488a766935c3f8e23d,0.0
16112637,1670171303.0,0x2017afe23eb6766988e2546fe88ee4ee16b781f6,0xbde26717c6d0445a13b9e0488a766935c3f8e23d,0.0
16112638,1670171315.0,0x2017afe23eb6766988e2546fe88ee4ee16b781f6,0xbde26717c6d0445a13b9e0488a766935c3f8e23d,0.0
16112639,1670171327.0,0x2017afe23eb6766988e2546fe88ee4ee16b781f6,0xbde26717c6d0445a13b9e0488a766935c3f8e23d,0.0
16112640,1670171339.0,0x2017afe23eb6766988e2546fe88ee4ee16b781f6,0xbde26717c6d0445a13b9e0488a766935c3f8e23d,0.0
16112642,1670171363.0,0x2017afe23eb6766988e2546fe88ee4ee16b781f6,0xbde26717c6d0445a13b9e0488a766935c3f8e23d,0.0
16112643,1670171375.0,0x2017afe23eb6766988e2546fe88ee4ee16b781f6,0xbde26717c6d0445a13b9e0488a766935c3f8e23d,0.0
16112645,1670171399.0,0x2017afe23eb6766988e2546fe88ee4ee16b781f6,0xbde26717c6d0445a13b9e0488a766935c3f8e23d,0.0
16112649,1670171447.0,0x2017afe23eb6766988e2546fe88ee4ee16b781f6,0xbde26717c6d0445a13b9e0488a766935c3f8e23d,0.0
16112655,1670171519.0,0x2017afe23eb6766988e2546fe88ee4ee16b781f6,0xbde26717c6d0445a13b9e0488a766935c3f8e23d,0.0
16112661,1670171603.0,0x2017afe23eb6766988e2546fe88ee4ee16b781f6,0xbde26717c6d0445a13b9e0488a766935c3f8e23d,0.0
16112663,1670171627.0,0x2017afe23eb6766988e2546fe88ee4ee16b781f6,0xbde26717c6d0445a13b9e0488a766935c3f8e23d,0.0
16112664,1670171639.0,0x2017afe23eb6766988e2546fe88ee4ee16b781f6,0xbde26717c6d0445a13b9e0488a766935c3f8e23d,0.0
16112667,1670171675.0,0x2017afe23eb6766988e2546fe88ee4ee16b781f6,0xbde26717c6d0445a13b9e0488a766935c3f8e23d,0.0
16112668,1670171687.0,0x2017afe23eb6766988e2546fe88ee4ee16b781f6,0xbde26717c6d0445a13b9e0488a766935c3f8e23d,0.0
16112669,1670171699.0,0x2017afe23eb6766988e2546fe88ee4ee16b781f6,0xbde26717c6d0445a13b9e0488a766935c3f8e23d,0.0
16112673,1670171747.0,0x2017afe23eb6766988e2546fe88ee4ee16b781f6,0xbde26717c6d0445a13b9e0488a766935c3f8e23d,0.0
16112674,1670171759.0,0x2017afe23eb6766988e2546fe88ee4ee16b781f6,0xbde26717c6d0445a13b9e0488a766935c3f8e23d,0.0
16112676,1670171783.0,0x2017afe23eb6766988e2546fe88ee4ee16b781f6,0xbde26717c6d0445a13b9e0488a766935c3f8e23d,0.0
16112677,1670171795.0,0x2017afe23eb6766988e2546fe88ee4ee16b781f6,0xbde26717c6d0445a13b9e0488a766935c3f8e23d,0.0
16112678,1670171819.0,0x2017afe23eb6766988e2546fe88ee4ee16b781f6,0xbde26717c6d0445a13b9e0488a766935c3f8e23d,0.0
16112687,1670171927.0,0x2017afe23eb6766988e2546fe88ee4ee16b781f6,0xbde26717c6d0445a13b9e0488a766935c3f8e23d,0.0
16112694,1670172011.0,0x2017afe23eb6766988e2546fe88ee4ee16b781f6,0xbde26717c6d0445a13b9e0488a766935c3f8e23d,0.0
16112700,1670172083.0,0x2017afe23eb6766988e2546fe88ee4ee16b781f6,0xbde26717c6d0445a13b9e0488a766935c3f8e23d,0.0
16112713,1670172239.0,0x2017afe23eb6766988e2546fe88ee4ee16b781f6,0xbde26717c6d0445a13b9e0488a766935c3f8e23d,0.0
16112717,1670172287.0,0x2017afe23eb6766988e2546fe88ee4ee16b781f6,0xbde26717c6d0445a13b9e0488a766935c3f8e23d,0.0
16112718,1670172299.0,0x2017afe23eb6766988e2546fe88ee4ee16b781f6,0xbde26717c6d0445a13b9e0488a766935c3f8e23d,0.0
16112724,1670172371.0,0x2017afe23eb6766988e2546fe88ee4ee16b781f6,0xbde26717c6d0445a13b9e0488a766935c3f8e23d,0.0
16112726,1670172395.0,0x2017afe23eb6766988e2546fe88ee4ee16b781f6,0xbde26717c6d0445a13b9e0488a766935c3f8e23d,0.0
16112728,1670172419.0,0x2017afe23eb6766988e2546fe88ee4ee16b781f6,0xbde26717c6d0445a13b9e0488a766935c3f8e23d,0.0
16112729,1670172431.0,0x2017afe23eb6766988e2546fe88ee4ee16b781f6,0xbde26717c6d0445a13b9e0488a766935c3f8e23d,0.0
16112730,1670172443.0,0x2017afe23eb6766988e2546fe88ee4ee16b781f6,0xbde26717c6d0445a13b9e0488a766935c3f8e23d,0.0
16112731,1670172455.0,0x2017afe23eb6766988e2546fe88ee4ee16b781f6,0xbde26717c6d0445a13b9e0488a766935c3f8e23d,0.0
16112732,1670172467.0,0x2017afe23eb6766988e2546fe88ee4ee16b781f6,0xbde26717c6d0445a13b9e0488a766935c3f8e23d,0.0
16112734,1670172491.0,0x2017afe23eb6766988e2546fe88ee4ee16b781f6,0xbde26717c6d0445a13b9e0488a766935c3f8e23d,0.0
16112746,1670172635.0,0x2017afe23eb6766988e2546fe88ee4ee16b781f6,0xbde26717c6d0445a13b9e0488a766935c3f8e23d,0.0
16115128,1670201375.0,0x2017afe23eb6766988e2546fe88ee4ee16b781f6,0xbde26717c6d0445a13b9e0488a766935c3f8e23d,0.0
16115133,1670201435.0,0x2017afe23eb6766988e2546fe88ee4ee16b781f6,0xbde26717c6d0445a13b9e0488a766935c3f8e23d,0.0
16115134,1670201447.0,0x2017afe23eb6766988e2546fe88ee4ee16b781f6,0xbde26717c6d0445a13b9e0488a766935c3f8e23d,0.0
16115135,1670201459.0,0x2017afe23eb6766988e2546fe88ee4ee16b781f6,0xbde26717c6d0445a13b9e0488a766935c3f8e23d,0.0
16115146,1670201591.0,0x2017afe23eb6766988e2546fe88ee4ee16b781f6,0xbde26717c6d0445a13b9e0488a766935c3f8e23d,0.0
16115148,1670201615.0,0x2017afe23eb6766988e2546fe88ee4ee16b781f6,0xbde26717c6d0445a13b9e0488a766935c3f8e23d,0.0
16115158,1670201735.0,0x2017afe23eb6766988e2546fe88ee4ee16b781f6,0xbde26717c6d0445a13b9e0488a766935c3f8e23d,0.0
16115159,1670201747.0,0x2017afe23eb6766988e2546fe88ee4ee16b781f6,0xbde26717c6d0445a13b9e0488a766935c3f8e23d,0.0
16115162,1670201783.0,0x2017afe23eb6766988e2546fe88ee4ee16b781f6,0xbde26717c6d0445a13b9e0488a766935c3f8e23d,0.0
16115163,1670201795.0,0x2017afe23eb6766988e2546fe88ee4ee16b781f6,0xbde26717c6d0445a13b9e0488a766935c3f8e23d,0.0
16115173,1670201927.0,0x2017afe23eb6766988e2546fe88ee4ee16b781f6,0xbde26717c6d0445a13b9e0488a766935c3f8e23d,0.0
16115174,1670201939.0,0x2017afe23eb6766988e2546fe88ee4ee16b781f6,0xbde26717c6d0445a13b9e0488a766935c3f8e23d,0.0
16115177,1670201975.0,0x2017afe23eb6766988e2546fe88ee4ee16b781f6,0xbde26717c6d0445a13b9e0488a766935c3f8e23d,0.0
16115184,1670202059.0,0x2017afe23eb6766988e2546fe88ee4ee16b781f6,0xbde26717c6d0445a13b9e0488a766935c3f8e23d,0.0
16115185,1670202071.0,0x2017afe23eb6766988e2546fe88ee4ee16b781f6,0xbde26717c6d0445a13b9e0488a766935c3f8e23d,0.0
16115192,1670202155.0,0x2017afe23eb6766988e2546fe88ee4ee16b781f6,0xbde26717c6d0445a13b9e0488a766935c3f8e23d,0.0
16115193,1670202167.0,0x2017afe23eb6766988e2546fe88ee4ee16b781f6,0xbde26717c6d0445a13b9e0488a766935c3f8e23d,0.0
16115194,1670202179.0,0x2017afe23eb6766988e2546fe88ee4ee16b781f6,0xbde26717c6d0445a13b9e0488a766935c3f8e23d,0.0
16115196,1670202203.0,0x2017afe23eb6766988e2546fe88ee4ee16b781f6,0xbde26717c6d0445a13b9e0488a766935c3f8e23d,0.0
16115198,1670202227.0,0x2017afe23eb6766988e2546fe88ee4ee16b781f6,0xbde26717c6d0445a13b9e0488a766935c3f8e23d,0.0
16115199,1670202239.0,0x2017afe23eb6766988e2546fe88ee4ee16b781f6,0xbde26717c6d0445a13b9e0488a766935c3f8e23d,0.0
16115201,1670202263.0,0x2017afe23eb6766988e2546fe88ee4ee16b781f6,0xbde26717c6d0445a13b9e0488a766935c3f8e23d,0.0
16115202,1670202275.0,0x2017afe23eb6766988e2546fe88ee4ee16b781f6,0xbde26717c6d0445a13b9e0488a766935c3f8e23d,0.0
16115203,1670202287.0,0x2017afe23eb6766988e2546fe88ee4ee16b781f6,0xbde26717c6d0445a13b9e0488a766935c3f8e23d,0.0
16115204,1670202299.0,0x2017afe23eb6766988e2546fe88ee4ee16b781f6,0xbde26717c6d0445a13b9e0488a766935c3f8e23d,0.0
16115205,1670202311.0,0x2017afe23eb6766988e2546fe88ee4ee16b781f6,0xbde26717c6d0445a13b9e0488a766935c3f8e23d,0.0
16115207,1670202335.0,0x2017afe23eb6766988e2546fe88ee4ee16b781f6,0xbde26717c6d0445a13b9e0488a766935c3f8e23d,0.0
16115209,1670202359.0,0x2017afe23eb6766988e2546fe88ee4ee16b781f6,0xbde26717c6d0445a13b9e0488a766935c3f8e23d,0.0
16115210,1670202371.0,0x2017afe23eb6766988e2546fe88ee4ee16b781f6,0xbde26717c6d0445a13b9e0488a766935c3f8e23d,0.0
16115212,1670202395.0,0x2017afe23eb6766988e2546fe88ee4ee16b781f6,0xbde26717c6d0445a13b9e0488a766935c3f8e23d,0.0
16115213,1670202407.0,0x2017afe23eb6766988e2546fe88ee4ee16b781f6,0xbde26717c6d0445a13b9e0488a766935c3f8e23d,0.0
16115295,1670203391.0,0x2017afe23eb6766988e2546fe88ee4ee16b781f6,0xbde26717c6d0445a13b9e0488a766935c3f8e23d,0.0
16115299,1670203439.0,0x2017afe23eb6766988e2546fe88ee4ee16b781f6,0xbde26717c6d0445a13b9e0488a766935c3f8e23d,0.0
16115814,1670209703.0,0x2017afe23eb6766988e2546fe88ee4ee16b781f6,0xbde26717c6d0445a13b9e0488a766935c3f8e23d,0.0
16115815,1670209715.0,0x2017afe23eb6766988e2546fe88ee4ee16b781f6,0xbde26717c6d0445a13b9e0488a766935c3f8e23d,0.0
16115816,1670209727.0,0x2017afe23eb6766988e2546fe88ee4ee16b781f6,0xbde26717c6d0445a13b9e0488a766935c3f8e23d,0.0
16115820,1670209775.0,0x2017afe23eb6766988e2546fe88ee4ee16b781f6,0xbde26717c6d0445a13b9e0488a766935c3f8e23d,0.0
16115823,1670209811.0,0x2017afe23eb6766988e2546fe88ee4ee16b781f6,0xbde26717c6d0445a13b9e0488a766935c3f8e23d,0.0
16115825,1670209835.0,0x2017afe23eb6766988e2546fe88ee4ee16b781f6,0xbde26717c6d0445a13b9e0488a766935c3f8e23d,0.0
16115826,1670209847.0,0x2017afe23eb6766988e2546fe88ee4ee16b781f6,0xbde26717c6d0445a13b9e0488a766935c3f8e23d,0.0
16115828,1670209871.0,0x2017afe23eb6766988e2546fe88ee4ee16b781f6,0xbde26717c6d0445a13b9e0488a766935c3f8e23d,0.0
16115829,1670209883.0,0x2017afe23eb6766988e2546fe88ee4ee16b781f6,0xbde26717c6d0445a13b9e0488a766935c3f8e23d,0.0
16115831,1670209907.0,0x2017afe23eb6766988e2546fe88ee4ee16b781f6,0xbde26717c6d0445a13b9e0488a766935c3f8e23d,0.0
16115832,1670209919.0,0x2017afe23eb6766988e2546fe88ee4ee16b781f6,0xbde26717c6d0445a13b9e0488a766935c3f8e23d,0.0
16115833,1670209931.0,0x2017afe23eb6766988e2546fe88ee4ee16b781f6,0xbde26717c6d0445a13b9e0488a766935c3f8e23d,0.0
16115835,1670209955.0,0x2017afe23eb6766988e2546fe88ee4ee16b781f6,0xbde26717c6d0445a13b9e0488a766935c3f8e23d,0.0
16115837,1670209979.0,0x2017afe23eb6766988e2546fe88ee4ee16b781f6,0xbde26717c6d0445a13b9e0488a766935c3f8e23d,0.0
16115855,1670210207.0,0x2017afe23eb6766988e2546fe88ee4ee16b781f6,0xbde26717c6d0445a13b9e0488a766935c3f8e23d,0.0
16115857,1670210231.0,0x2017afe23eb6766988e2546fe88ee4ee16b781f6,0xbde26717c6d0445a13b9e0488a766935c3f8e23d,0.0
16115860,1670210267.0,0x2017afe23eb6766988e2546fe88ee4ee16b781f6,0xbde26717c6d0445a13b9e0488a766935c3f8e23d,0.0
16115861,1670210279.0,0x2017afe23eb6766988e2546fe88ee4ee16b781f6,0xbde26717c6d0445a13b9e0488a766935c3f8e23d,0.0
16115862,1670210291.0,0x2017afe23eb6766988e2546fe88ee4ee16b781f6,0xbde26717c6d0445a13b9e0488a766935c3f8e23d,0.0
16115863,1670210303.0,0x2017afe23eb6766988e2546fe88ee4ee16b781f6,0xbde26717c6d0445a13b9e0488a766935c3f8e23d,0.0
16115864,1670210315.0,0x2017afe23eb6766988e2546fe88ee4ee16b781f6,0xbde26717c6d0445a13b9e0488a766935c3f8e23d,0.0
16115865,1670210327.0,0x2017afe23eb6766988e2546fe88ee4ee16b781f6,0xbde26717c6d0445a13b9e0488a766935c3f8e23d,0.0
16115987,1670211791.0,0x2017afe23eb6766988e2546fe88ee4ee16b781f6,0xbde26717c6d0445a13b9e0488a766935c3f8e23d,0.0
16115988,1670211803.0,0x2017afe23eb6766988e2546fe88ee4ee16b781f6,0xbde26717c6d0445a13b9e0488a766935c3f8e23d,0.0
16115991,1670211839.0,0x2017afe23eb6766988e2546fe88ee4ee16b781f6,0xbde26717c6d0445a13b9e0488a766935c3f8e23d,0.0
16115993,1670211863.0,0x2017afe23eb6766988e2546fe88ee4ee16b781f6,0xbde26717c6d0445a13b9e0488a766935c3f8e23d,0.0
16115994,1670211875.0,0x2017afe23eb6766988e2546fe88ee4ee16b781f6,0xbde26717c6d0445a13b9e0488a766935c3f8e23d,0.0
16115997,1670211911.0,0x2017afe23eb6766988e2546fe88ee4ee16b781f6,0xbde26717c6d0445a13b9e0488a766935c3f8e23d,0.0
16115999,1670211935.0,0x2017afe23eb6766988e2546fe88ee4ee16b781f6,0xbde26717c6d0445a13b9e0488a766935c3f8e23d,0.0
16116000,1670211947.0,0x2017afe23eb6766988e2546fe88ee4ee16b781f6,0xbde26717c6d0445a13b9e0488a766935c3f8e23d,0.0
16116002,1670211971.0,0x2017afe23eb6766988e2546fe88ee4ee16b781f6,0xbde26717c6d0445a13b9e0488a766935c3f8e23d,0.0
16116003,1670211995.0,0x2017afe23eb6766988e2546fe88ee4ee16b781f6,0xbde26717c6d0445a13b9e0488a766935c3f8e23d,0.0
16116004,1670212007.0,0x2017afe23eb6766988e2546fe88ee4ee16b781f6,0xbde26717c6d0445a13b9e0488a766935c3f8e23d,0.0
16116006,1670212031.0,0x2017afe23eb6766988e2546fe88ee4ee16b781f6,0xbde26717c6d0445a13b9e0488a766935c3f8e23d,0.0
16116007,1670212043.0,0x2017afe23eb6766988e2546fe88ee4ee16b781f6,0xbde26717c6d0445a13b9e0488a766935c3f8e23d,0.0
16116010,1670212079.0,0x2017afe23eb6766988e2546fe88ee4ee16b781f6,0xbde26717c6d0445a13b9e0488a766935c3f8e23d,0.0
16116012,1670212103.0,0x2017afe23eb6766988e2546fe88ee4ee16b781f6,0xbde26717c6d0445a13b9e0488a766935c3f8e23d,0.0
16116013,1670212115.0,0x2017afe23eb6766988e2546fe88ee4ee16b781f6,0xbde26717c6d0445a13b9e0488a766935c3f8e23d,0.0
16116016,1670212151.0,0x2017afe23eb6766988e2546fe88ee4ee16b781f6,0xbde26717c6d0445a13b9e0488a766935c3f8e23d,0.0
16116019,1670212187.0,0x2017afe23eb6766988e2546fe88ee4ee16b781f6,0xbde26717c6d0445a13b9e0488a766935c3f8e23d,0.0
16116020,1670212199.0,0x2017afe23eb6766988e2546fe88ee4ee16b781f6,0xbde26717c6d0445a13b9e0488a766935c3f8e23d,0.0
16116045,1670212499.0,0x2017afe23eb6766988e2546fe88ee4ee16b781f6,0xbde26717c6d0445a13b9e0488a766935c3f8e23d,0.0
16116047,1670212523.0,0x2017afe23eb6766988e2546fe88ee4ee16b781f6,0xbde26717c6d0445a13b9e0488a766935c3f8e23d,0.0
16116049,1670212547.0,0x2017afe23eb6766988e2546fe88ee4ee16b781f6,0xbde26717c6d0445a13b9e0488a766935c3f8e23d,0.0
16116051,1670212571.0,0x2017afe23eb6766988e2546fe88ee4ee16b781f6,0xbde26717c6d0445a13b9e0488a766935c3f8e23d,0.0
16116054,1670212607.0,0x2017afe23eb6766988e2546fe88ee4ee16b781f6,0xbde26717c6d0445a13b9e0488a766935c3f8e23d,0.0
16116057,1670212643.0,0x2017afe23eb6766988e2546fe88ee4ee16b781f6,0xbde26717c6d0445a13b9e0488a766935c3f8e23d,0.0
16116059,1670212667.0,0x2017afe23eb6766988e2546fe88ee4ee16b781f6,0xbde26717c6d0445a13b9e0488a766935c3f8e23d,0.0
16116063,1670212715.0,0x2017afe23eb6766988e2546fe88ee4ee16b781f6,0xbde26717c6d0445a13b9e0488a766935c3f8e23d,0.0
16116065,1670212739.0,0x2017afe23eb6766988e2546fe88ee4ee16b781f6,0xbde26717c6d0445a13b9e0488a766935c3f8e23d,0.0
16116067,1670212763.0,0x2017afe23eb6766988e2546fe88ee4ee16b781f6,0xbde26717c6d0445a13b9e0488a766935c3f8e23d,0.0
16116068,1670212775.0,0x2017afe23eb6766988e2546fe88ee4ee16b781f6,0xbde26717c6d0445a13b9e0488a766935c3f8e23d,0.0
16116069,1670212787.0,0x2017afe23eb6766988e2546fe88ee4ee16b781f6,0xbde26717c6d0445a13b9e0488a766935c3f8e23d,0.0
16116074,1670212847.0,0x2017afe23eb6766988e2546fe88ee4ee16b781f6,0xbde26717c6d0445a13b9e0488a766935c3f8e23d,0.0
16116076,1670212871.0,0x2017afe23eb6766988e2546fe88ee4ee16b781f6,0xbde26717c6d0445a13b9e0488a766935c3f8e23d,0.0
16116078,1670212895.0,0x2017afe23eb6766988e2546fe88ee4ee16b781f6,0xbde26717c6d0445a13b9e0488a766935c3f8e23d,0.0
16116079,1670212907.0,0x2017afe23eb6766988e2546fe88ee4ee16b781f6,0xbde26717c6d0445a13b9e0488a766935c3f8e23d,0.0
16116083,1670212955.0,0x2017afe23eb6766988e2546fe88ee4ee16b781f6,0xbde26717c6d0445a13b9e0488a766935c3f8e23d,0.0
16116089,1670213027.0,0x2017afe23eb6766988e2546fe88ee4ee16b781f6,0xbde26717c6d0445a13b9e0488a766935c3f8e23d,0.0
16116092,1670213063.0,0x2017afe23eb6766988e2546fe88ee4ee16b781f6,0xbde26717c6d0445a13b9e0488a766935c3f8e23d,0.0
16116094,1670213087.0,0x2017afe23eb6766988e2546fe88ee4ee16b781f6,0xbde26717c6d0445a13b9e0488a766935c3f8e23d,0.0
16116096,1670213111.0,0x2017afe23eb6766988e2546fe88ee4ee16b781f6,0xbde26717c6d0445a13b9e0488a766935c3f8e23d,0.0
16116097,1670213123.0,0x2017afe23eb6766988e2546fe88ee4ee16b781f6,0xbde26717c6d0445a13b9e0488a766935c3f8e23d,0.0
16116098,1670213135.0,0x2017afe23eb6766988e2546fe88ee4ee16b781f6,0xbde26717c6d0445a13b9e0488a766935c3f8e23d,0.0
16116102,1670213183.0,0x2017afe23eb6766988e2546fe88ee4ee16b781f6,0xbde26717c6d0445a13b9e0488a766935c3f8e23d,0.0
16116104,1670213207.0,0x2017afe23eb6766988e2546fe88ee4ee16b781f6,0xbde26717c6d0445a13b9e0488a766935c3f8e23d,0.0
16116108,1670213255.0,0x2017afe23eb6766988e2546fe88ee4ee16b781f6,0xbde26717c6d0445a13b9e0488a766935c3f8e23d,0.0
16116110,1670213279.0,0x2017afe23eb6766988e2546fe88ee4ee16b781f6,0xbde26717c6d0445a13b9e0488a766935c3f8e23d,0.0
16116115,1670213339.0,0x2017afe23eb6766988e2546fe88ee4ee16b781f6,0xbde26717c6d0445a13b9e0488a766935c3f8e23d,0.0
16116117,1670213363.0,0x2017afe23eb6766988e2546fe88ee4ee16b781f6,0xbde26717c6d0445a13b9e0488a766935c3f8e23d,0.0
16116122,1670213423.0,0x2017afe23eb6766988e2546fe88ee4ee16b781f6,0xbde26717c6d0445a13b9e0488a766935c3f8e23d,0.0
16116129,1670213507.0,0x2017afe23eb6766988e2546fe88ee4ee16b781f6,0xbde26717c6d0445a13b9e0488a766935c3f8e23d,0.0
16116132,1670213543.0,0x2017afe23eb6766988e2546fe88ee4ee16b781f6,0xbde26717c6d0445a13b9e0488a766935c3f8e23d,0.0
16116134,1670213567.0,0x2017afe23eb6766988e2546fe88ee4ee16b781f6,0xbde26717c6d0445a13b9e0488a766935c3f8e23d,0.0
16116135,1670213579.0,0x2017afe23eb6766988e2546fe88ee4ee16b781f6,0xbde26717c6d0445a13b9e0488a766935c3f8e23d,0.0
16116138,1670213615.0,0x2017afe23eb6766988e2546fe88ee4ee16b781f6,0xbde26717c6d0445a13b9e0488a766935c3f8e23d,0.0
16116142,1670213663.0,0x2017afe23eb6766988e2546fe88ee4ee16b781f6,0xbde26717c6d0445a13b9e0488a766935c3f8e23d,0.0
16116145,1670213699.0,0x2017afe23eb6766988e2546fe88ee4ee16b781f6,0xbde26717c6d0445a13b9e0488a766935c3f8e23d,0.0
16116146,1670213711.0,0x2017afe23eb6766988e2546fe88ee4ee16b781f6,0xbde26717c6d0445a13b9e0488a766935c3f8e23d,0.0
16116150,1670213759.0,0x2017afe23eb6766988e2546fe88ee4ee16b781f6,0xbde26717c6d0445a13b9e0488a766935c3f8e23d,0.0
16116152,1670213783.0,0x2017afe23eb6766988e2546fe88ee4ee16b781f6,0xbde26717c6d0445a13b9e0488a766935c3f8e23d,0.0
16116154,1670213807.0,0x2017afe23eb6766988e2546fe88ee4ee16b781f6,0xbde26717c6d0445a13b9e0488a766935c3f8e23d,0.0
16116155,1670213819.0,0x2017afe23eb6766988e2546fe88ee4ee16b781f6,0xbde26717c6d0445a13b9e0488a766935c3f8e23d,0.0
16116156,1670213831.0,0x2017afe23eb6766988e2546fe88ee4ee16b781f6,0xbde26717c6d0445a13b9e0488a766935c3f8e23d,0.0
16116168,1670213975.0,0x2017afe23eb6766988e2546fe88ee4ee16b781f6,0xbde26717c6d0445a13b9e0488a766935c3f8e23d,0.0
16116169,1670213987.0,0x2017afe23eb6766988e2546fe88ee4ee16b781f6,0xbde26717c6d0445a13b9e0488a766935c3f8e23d,0.0
16116170,1670213999.0,0x2017afe23eb6766988e2546fe88ee4ee16b781f6,0xbde26717c6d0445a13b9e0488a766935c3f8e23d,0.0
16116172,1670214023.0,0x2017afe23eb6766988e2546fe88ee4ee16b781f6,0xbde26717c6d0445a13b9e0488a766935c3f8e23d,0.0
16116180,1670214119.0,0x2017afe23eb6766988e2546fe88ee4ee16b781f6,0xbde26717c6d0445a13b9e0488a766935c3f8e23d,0.0
16116184,1670214167.0,0x2017afe23eb6766988e2546fe88ee4ee16b781f6,0xbde26717c6d0445a13b9e0488a766935c3f8e23d,0.0
16116185,1670214179.0,0x2017afe23eb6766988e2546fe88ee4ee16b781f6,0xbde26717c6d0445a13b9e0488a766935c3f8e23d,0.0
16116186,1670214191.0,0x2017afe23eb6766988e2546fe88ee4ee16b781f6,0xbde26717c6d0445a13b9e0488a766935c3f8e23d,0.0
16116199,1670214347.0,0x2017afe23eb6766988e2546fe88ee4ee16b781f6,0xbde26717c6d0445a13b9e0488a766935c3f8e23d,0.0
16116202,1670214383.0,0x2017afe23eb6766988e2546fe88ee4ee16b781f6,0xbde26717c6d0445a13b9e0488a766935c3f8e23d,0.0
16116224,1670214647.0,0x2017afe23eb6766988e2546fe88ee4ee16b781f6,0xbde26717c6d0445a13b9e0488a766935c3f8e23d,0.0
16116229,1670214707.0,0x2017afe23eb6766988e2546fe88ee4ee16b781f6,0xbde26717c6d0445a13b9e0488a766935c3f8e23d,0.0
16116239,1670214827.0,0x2017afe23eb6766988e2546fe88ee4ee16b781f6,0xbde26717c6d0445a13b9e0488a766935c3f8e23d,0.0
16116245,1670214899.0,0x2017afe23eb6766988e2546fe88ee4ee16b781f6,0xbde26717c6d0445a13b9e0488a766935c3f8e23d,0.0
16116264,1670215127.0,0x2017afe23eb6766988e2546fe88ee4ee16b781f6,0xbde26717c6d0445a13b9e0488a766935c3f8e23d,0.0
16116267,1670215163.0,0x2017afe23eb6766988e2546fe88ee4ee16b781f6,0xbde26717c6d0445a13b9e0488a766935c3f8e23d,0.0
16116270,1670215199.0,0x2017afe23eb6766988e2546fe88ee4ee16b781f6,0xbde26717c6d0445a13b9e0488a766935c3f8e23d,0.0
16116272,1670215223.0,0x2017afe23eb6766988e2546fe88ee4ee16b781f6,0xbde26717c6d0445a13b9e0488a766935c3f8e23d,0.0
16116274,1670215247.0,0x2017afe23eb6766988e2546fe88ee4ee16b781f6,0xbde26717c6d0445a13b9e0488a766935c3f8e23d,0.0
16116280,1670215319.0,0x2017afe23eb6766988e2546fe88ee4ee16b781f6,0xbde26717c6d0445a13b9e0488a766935c3f8e23d,0.0
16116285,1670215379.0,0x2017afe23eb6766988e2546fe88ee4ee16b781f6,0xbde26717c6d0445a13b9e0488a766935c3f8e23d,0.0
16116288,1670215415.0,0x2017afe23eb6766988e2546fe88ee4ee16b781f6,0xbde26717c6d0445a13b9e0488a766935c3f8e23d,0.0
16116291,1670215451.0,0x2017afe23eb6766988e2546fe88ee4ee16b781f6,0xbde26717c6d0445a13b9e0488a766935c3f8e23d,0.0
16116379,1670216507.0,0x2017afe23eb6766988e2546fe88ee4ee16b781f6,0xbde26717c6d0445a13b9e0488a766935c3f8e23d,0.0
16116381,1670216531.0,0x2017afe23eb6766988e2546fe88ee4ee16b781f6,0xbde26717c6d0445a13b9e0488a766935c3f8e23d,0.0
16116384,1670216567.0,0x2017afe23eb6766988e2546fe88ee4ee16b781f6,0xbde26717c6d0445a13b9e0488a766935c3f8e23d,0.0
16116386,1670216591.0,0x2017afe23eb6766988e2546fe88ee4ee16b781f6,0xbde26717c6d0445a13b9e0488a766935c3f8e23d,0.0
16116388,1670216615.0,0x2017afe23eb6766988e2546fe88ee4ee16b781f6,0xbde26717c6d0445a13b9e0488a766935c3f8e23d,0.0
16116389,1670216627.0,0x2017afe23eb6766988e2546fe88ee4ee16b781f6,0xbde26717c6d0445a13b9e0488a766935c3f8e23d,0.0
16116394,1670216687.0,0x2017afe23eb6766988e2546fe88ee4ee16b781f6,0xbde26717c6d0445a13b9e0488a766935c3f8e23d,0.0
16116395,1670216699.0,0x2017afe23eb6766988e2546fe88ee4ee16b781f6,0xbde26717c6d0445a13b9e0488a766935c3f8e23d,0.0
16116398,1670216735.0,0x2017afe23eb6766988e2546fe88ee4ee16b781f6,0xbde26717c6d0445a13b9e0488a766935c3f8e23d,0.0
16116401,1670216771.0,0x2017afe23eb6766988e2546fe88ee4ee16b781f6,0xbde26717c6d0445a13b9e0488a766935c3f8e23d,0.0
16116405,1670216819.0,0x2017afe23eb6766988e2546fe88ee4ee16b781f6,0xbde26717c6d0445a13b9e0488a766935c3f8e23d,0.0
16116411,1670216891.0,0x2017afe23eb6766988e2546fe88ee4ee16b781f6,0xbde26717c6d0445a13b9e0488a766935c3f8e23d,0.0
16116415,1670216939.0,0x2017afe23eb6766988e2546fe88ee4ee16b781f6,0xbde26717c6d0445a13b9e0488a766935c3f8e23d,0.0
16116423,1670217035.0,0x2017afe23eb6766988e2546fe88ee4ee16b781f6,0xbde26717c6d0445a13b9e0488a766935c3f8e23d,0.0
16116425,1670217059.0,0x2017afe23eb6766988e2546fe88ee4ee16b781f6,0xbde26717c6d0445a13b9e0488a766935c3f8e23d,0.0
16116428,1670217095.0,0x2017afe23eb6766988e2546fe88ee4ee16b781f6,0xbde26717c6d0445a13b9e0488a766935c3f8e23d,0.0
16116429,1670217107.0,0x2017afe23eb6766988e2546fe88ee4ee16b781f6,0xbde26717c6d0445a13b9e0488a766935c3f8e23d,0.0
16116435,1670217179.0,0x2017afe23eb6766988e2546fe88ee4ee16b781f6,0xbde26717c6d0445a13b9e0488a766935c3f8e23d,0.0
16116443,1670217275.0,0x2017afe23eb6766988e2546fe88ee4ee16b781f6,0xbde26717c6d0445a13b9e0488a766935c3f8e23d,0.0
16116444,1670217287.0,0x2017afe23eb6766988e2546fe88ee4ee16b781f6,0xbde26717c6d0445a13b9e0488a766935c3f8e23d,0.0
16116447,1670217323.0,0x2017afe23eb6766988e2546fe88ee4ee16b781f6,0xbde26717c6d0445a13b9e0488a766935c3f8e23d,0.0
16116449,1670217347.0,0x2017afe23eb6766988e2546fe88ee4ee16b781f6,0xbde26717c6d0445a13b9e0488a766935c3f8e23d,0.0
16116455,1670217419.0,0x2017afe23eb6766988e2546fe88ee4ee16b781f6,0xbde26717c6d0445a13b9e0488a766935c3f8e23d,0.0
16116461,1670217491.0,0x2017afe23eb6766988e2546fe88ee4ee16b781f6,0xbde26717c6d0445a13b9e0488a766935c3f8e23d,0.0
16116464,1670217527.0,0x2017afe23eb6766988e2546fe88ee4ee16b781f6,0xbde26717c6d0445a13b9e0488a766935c3f8e23d,0.0
16116466,1670217551.0,0x2017afe23eb6766988e2546fe88ee4ee16b781f6,0xbde26717c6d0445a13b9e0488a766935c3f8e23d,0.0
16116468,1670217575.0,0x2017afe23eb6766988e2546fe88ee4ee16b781f6,0xbde26717c6d0445a13b9e0488a766935c3f8e23d,0.0
16116470,1670217599.0,0x2017afe23eb6766988e2546fe88ee4ee16b781f6,0xbde26717c6d0445a13b9e0488a766935c3f8e23d,0.0
16116473,1670217635.0,0x2017afe23eb6766988e2546fe88ee4ee16b781f6,0xbde26717c6d0445a13b9e0488a766935c3f8e23d,0.0
16116479,1670217707.0,0x2017afe23eb6766988e2546fe88ee4ee16b781f6,0xbde26717c6d0445a13b9e0488a766935c3f8e23d,0.0
16117548,1670230559.0,0x2017afe23eb6766988e2546fe88ee4ee16b781f6,0xbde26717c6d0445a13b9e0488a766935c3f8e23d,0.0
16117549,1670230571.0,0x2017afe23eb6766988e2546fe88ee4ee16b781f6,0xbde26717c6d0445a13b9e0488a766935c3f8e23d,0.0
16117552,1670230607.0,0x2017afe23eb6766988e2546fe88ee4ee16b781f6,0xbde26717c6d0445a13b9e0488a766935c3f8e23d,0.0
16117556,1670230655.0,0x2017afe23eb6766988e2546fe88ee4ee16b781f6,0xbde26717c6d0445a13b9e0488a766935c3f8e23d,0.0
16117557,1670230667.0,0x2017afe23eb6766988e2546fe88ee4ee16b781f6,0xbde26717c6d0445a13b9e0488a766935c3f8e23d,0.0
16117563,1670230739.0,0x2017afe23eb6766988e2546fe88ee4ee16b781f6,0xbde26717c6d0445a13b9e0488a766935c3f8e23d,0.0
16117567,1670230787.0,0x2017afe23eb6766988e2546fe88ee4ee16b781f6,0xbde26717c6d0445a13b9e0488a766935c3f8e23d,0.0
16117583,1670230979.0,0x2017afe23eb6766988e2546fe88ee4ee16b781f6,0xbde26717c6d0445a13b9e0488a766935c3f8e23d,0.0
16117593,1670231099.0,0x2017afe23eb6766988e2546fe88ee4ee16b781f6,0xbde26717c6d0445a13b9e0488a766935c3f8e23d,0.0
16117608,1670231279.0,0x2017afe23eb6766988e2546fe88ee4ee16b781f6,0xbde26717c6d0445a13b9e0488a766935c3f8e23d,0.0
16117614,1670231351.0,0x2017afe23eb6766988e2546fe88ee4ee16b781f6,0xbde26717c6d0445a13b9e0488a766935c3f8e23d,0.0
16117659,1670231903.0,0x2017afe23eb6766988e2546fe88ee4ee16b781f6,0xbde26717c6d0445a13b9e0488a766935c3f8e23d,0.0
16117715,1670232575.0,0x2017afe23eb6766988e2546fe88ee4ee16b781f6,0xbde26717c6d0445a13b9e0488a766935c3f8e23d,0.0
16117722,1670232659.0,0x2017afe23eb6766988e2546fe88ee4ee16b781f6,0xbde26717c6d0445a13b9e0488a766935c3f8e23d,0.0
16117760,1670233115.0,0x2017afe23eb6766988e2546fe88ee4ee16b781f6,0xbde26717c6d0445a13b9e0488a766935c3f8e23d,0.0
16117780,1670233367.0,0x2017afe23eb6766988e2546fe88ee4ee16b781f6,0xbde26717c6d0445a13b9e0488a766935c3f8e23d,0.0
16117813,1670233763.0,0x2017afe23eb6766988e2546fe88ee4ee16b781f6,0xbde26717c6d0445a13b9e0488a766935c3f8e23d,0.0
16117819,1670233835.0,0x2017afe23eb6766988e2546fe88ee4ee16b781f6,0xbde26717c6d0445a13b9e0488a766935c3f8e23d,0.0
16117823,1670233883.0,0x2017afe23eb6766988e2546fe88ee4ee16b781f6,0xbde26717c6d0445a13b9e0488a766935c3f8e23d,0.0
16117834,1670234015.0,0x2017afe23eb6766988e2546fe88ee4ee16b781f6,0xbde26717c6d0445a13b9e0488a766935c3f8e23d,0.0
16117842,1670234111.0,0x2017afe23eb6766988e2546fe88ee4ee16b781f6,0xbde26717c6d0445a13b9e0488a766935c3f8e23d,0.0
16117852,1670234231.0,0x2017afe23eb6766988e2546fe88ee4ee16b781f6,0xbde26717c6d0445a13b9e0488a766935c3f8e23d,0.0
16117857,1670234291.0,0x2017afe23eb6766988e2546fe88ee4ee16b781f6,0xbde26717c6d0445a13b9e0488a766935c3f8e23d,0.0
16117864,1670234375.0,0x2017afe23eb6766988e2546fe88ee4ee16b781f6,0xbde26717c6d0445a13b9e0488a766935c3f8e23d,0.0
16117871,1670234459.0,0x2017afe23eb6766988e2546fe88ee4ee16b781f6,0xbde26717c6d0445a13b9e0488a766935c3f8e23d,0.0
16117879,1670234555.0,0x2017afe23eb6766988e2546fe88ee4ee16b781f6,0xbde26717c6d0445a13b9e0488a766935c3f8e23d,0.0
16117895,1670234747.0,0x2017afe23eb6766988e2546fe88ee4ee16b781f6,0xbde26717c6d0445a13b9e0488a766935c3f8e23d,0.0
16117917,1670235011.0,0x2017afe23eb6766988e2546fe88ee4ee16b781f6,0xbde26717c6d0445a13b9e0488a766935c3f8e23d,0.0
16117939,1670235275.0,0x2017afe23eb6766988e2546fe88ee4ee16b781f6,0xbde26717c6d0445a13b9e0488a766935c3f8e23d,0.0
16118035,1670236439.0,0x2017afe23eb6766988e2546fe88ee4ee16b781f6,0xbde26717c6d0445a13b9e0488a766935c3f8e23d,0.0
16118039,1670236487.0,0x2017afe23eb6766988e2546fe88ee4ee16b781f6,0xbde26717c6d0445a13b9e0488a766935c3f8e23d,0.0
16118043,1670236535.0,0x2017afe23eb6766988e2546fe88ee4ee16b781f6,0xbde26717c6d0445a13b9e0488a766935c3f8e23d,0.0
16118049,1670236607.0,0x2017afe23eb6766988e2546fe88ee4ee16b781f6,0xbde26717c6d0445a13b9e0488a766935c3f8e23d,0.0
16118052,1670236643.0,0x2017afe23eb6766988e2546fe88ee4ee16b781f6,0xbde26717c6d0445a13b9e0488a766935c3f8e23d,0.0
16118054,1670236667.0,0x2017afe23eb6766988e2546fe88ee4ee16b781f6,0xbde26717c6d0445a13b9e0488a766935c3f8e23d,0.0
16118063,1670236775.0,0x2017afe23eb6766988e2546fe88ee4ee16b781f6,0xbde26717c6d0445a13b9e0488a766935c3f8e23d,0.0
16118068,1670236835.0,0x2017afe23eb6766988e2546fe88ee4ee16b781f6,0xbde26717c6d0445a13b9e0488a766935c3f8e23d,0.0
16118071,1670236871.0,0x2017afe23eb6766988e2546fe88ee4ee16b781f6,0xbde26717c6d0445a13b9e0488a766935c3f8e23d,0.0
16118073,1670236895.0,0x2017afe23eb6766988e2546fe88ee4ee16b781f6,0xbde26717c6d0445a13b9e0488a766935c3f8e23d,0.0
16118078,1670236955.0,0x2017afe23eb6766988e2546fe88ee4ee16b781f6,0xbde26717c6d0445a13b9e0488a766935c3f8e23d,0.0
16118081,1670236991.0,0x2017afe23eb6766988e2546fe88ee4ee16b781f6,0xbde26717c6d0445a13b9e0488a766935c3f8e23d,0.0
16118086,1670237051.0,0x2017afe23eb6766988e2546fe88ee4ee16b781f6,0xbde26717c6d0445a13b9e0488a766935c3f8e23d,0.0
16118090,1670237099.0,0x2017afe23eb6766988e2546fe88ee4ee16b781f6,0xbde26717c6d0445a13b9e0488a766935c3f8e23d,0.0
16118093,1670237135.0,0x2017afe23eb6766988e2546fe88ee4ee16b781f6,0xbde26717c6d0445a13b9e0488a766935c3f8e23d,0.0
16118096,1670237171.0,0x2017afe23eb6766988e2546fe88ee4ee16b781f6,0xbde26717c6d0445a13b9e0488a766935c3f8e23d,0.0
16118125,1670237519.0,0x2017afe23eb6766988e2546fe88ee4ee16b781f6,0xbde26717c6d0445a13b9e0488a766935c3f8e23d,0.0
16118140,1670237699.0,0x2017afe23eb6766988e2546fe88ee4ee16b781f6,0xbde26717c6d0445a13b9e0488a766935c3f8e23d,0.0
16118143,1670237735.0,0x2017afe23eb6766988e2546fe88ee4ee16b781f6,0xbde26717c6d0445a13b9e0488a766935c3f8e23d,0.0
16118148,1670237795.0,0x2017afe23eb6766988e2546fe88ee4ee16b781f6,0xbde26717c6d0445a13b9e0488a766935c3f8e23d,0.0
16118150,1670237819.0,0x2017afe23eb6766988e2546fe88ee4ee16b781f6,0xbde26717c6d0445a13b9e0488a766935c3f8e23d,0.0
16118154,1670237867.0,0x2017afe23eb6766988e2546fe88ee4ee16b781f6,0xbde26717c6d0445a13b9e0488a766935c3f8e23d,0.0
16118155,1670237879.0,0x2017afe23eb6766988e2546fe88ee4ee16b781f6,0xbde26717c6d0445a13b9e0488a766935c3f8e23d,0.0
16118160,1670237939.0,0x2017afe23eb6766988e2546fe88ee4ee16b781f6,0xbde26717c6d0445a13b9e0488a766935c3f8e23d,0.0
16118163,1670237975.0,0x2017afe23eb6766988e2546fe88ee4ee16b781f6,0xbde26717c6d0445a13b9e0488a766935c3f8e23d,0.0
16118171,1670238071.0,0x2017afe23eb6766988e2546fe88ee4ee16b781f6,0xbde26717c6d0445a13b9e0488a766935c3f8e23d,0.0
16118180,1670238179.0,0x2017afe23eb6766988e2546fe88ee4ee16b781f6,0xbde26717c6d0445a13b9e0488a766935c3f8e23d,0.0
16118183,1670238215.0,0x2017afe23eb6766988e2546fe88ee4ee16b781f6,0xbde26717c6d0445a13b9e0488a766935c3f8e23d,0.0
16118185,1670238239.0,0x2017afe23eb6766988e2546fe88ee4ee16b781f6,0xbde26717c6d0445a13b9e0488a766935c3f8e23d,0.0
16118188,1670238275.0,0x2017afe23eb6766988e2546fe88ee4ee16b781f6,0xbde26717c6d0445a13b9e0488a766935c3f8e23d,0.0
16118190,1670238299.0,0x2017afe23eb6766988e2546fe88ee4ee16b781f6,0xbde26717c6d0445a13b9e0488a766935c3f8e23d,0.0
16118221,1670238671.0,0x2017afe23eb6766988e2546fe88ee4ee16b781f6,0xbde26717c6d0445a13b9e0488a766935c3f8e23d,0.0
16118229,1670238767.0,0x2017afe23eb6766988e2546fe88ee4ee16b781f6,0xbde26717c6d0445a13b9e0488a766935c3f8e23d,0.0
16118241,1670238911.0,0x2017afe23eb6766988e2546fe88ee4ee16b781f6,0xbde26717c6d0445a13b9e0488a766935c3f8e23d,0.0
16118244,1670238947.0,0x2017afe23eb6766988e2546fe88ee4ee16b781f6,0xbde26717c6d0445a13b9e0488a766935c3f8e23d,0.0
16118247,1670238983.0,0x2017afe23eb6766988e2546fe88ee4ee16b781f6,0xbde26717c6d0445a13b9e0488a766935c3f8e23d,0.0
16118251,1670239031.0,0x2017afe23eb6766988e2546fe88ee4ee16b781f6,0xbde26717c6d0445a13b9e0488a766935c3f8e23d,0.0
16118258,1670239115.0,0x2017afe23eb6766988e2546fe88ee4ee16b781f6,0xbde26717c6d0445a13b9e0488a766935c3f8e23d,0.0
16118262,1670239163.0,0x2017afe23eb6766988e2546fe88ee4ee16b781f6,0xbde26717c6d0445a13b9e0488a766935c3f8e23d,0.0
16118277,1670239343.0,0x2017afe23eb6766988e2546fe88ee4ee16b781f6,0xbde26717c6d0445a13b9e0488a766935c3f8e23d,0.0
16118279,1670239367.0,0x2017afe23eb6766988e2546fe88ee4ee16b781f6,0xbde26717c6d0445a13b9e0488a766935c3f8e23d,0.0
16118283,1670239415.0,0x2017afe23eb6766988e2546fe88ee4ee16b781f6,0xbde26717c6d0445a13b9e0488a766935c3f8e23d,0.0
16118285,1670239439.0,0x2017afe23eb6766988e2546fe88ee4ee16b781f6,0xbde26717c6d0445a13b9e0488a766935c3f8e23d,0.0
16118291,1670239511.0,0x2017afe23eb6766988e2546fe88ee4ee16b781f6,0xbde26717c6d0445a13b9e0488a766935c3f8e23d,0.0
16118294,1670239547.0,0x2017afe23eb6766988e2546fe88ee4ee16b781f6,0xbde26717c6d0445a13b9e0488a766935c3f8e23d,0.0
16118303,1670239655.0,0x2017afe23eb6766988e2546fe88ee4ee16b781f6,0xbde26717c6d0445a13b9e0488a766935c3f8e23d,0.0
16118305,1670239679.0,0x2017afe23eb6766988e2546fe88ee4ee16b781f6,0xbde26717c6d0445a13b9e0488a766935c3f8e23d,0.0
16118311,1670239751.0,0x2017afe23eb6766988e2546fe88ee4ee16b781f6,0xbde26717c6d0445a13b9e0488a766935c3f8e23d,0.0
16118313,1670239775.0,0x2017afe23eb6766988e2546fe88ee4ee16b781f6,0xbde26717c6d0445a13b9e0488a766935c3f8e23d,0.0
16118327,1670239943.0,0x2017afe23eb6766988e2546fe88ee4ee16b781f6,0xbde26717c6d0445a13b9e0488a766935c3f8e23d,0.0
16118333,1670240015.0,0x2017afe23eb6766988e2546fe88ee4ee16b781f6,0xbde26717c6d0445a13b9e0488a766935c3f8e23d,0.0
16118365,1670240399.0,0x2017afe23eb6766988e2546fe88ee4ee16b781f6,0xbde26717c6d0445a13b9e0488a766935c3f8e23d,0.0
16118368,1670240435.0,0x2017afe23eb6766988e2546fe88ee4ee16b781f6,0xbde26717c6d0445a13b9e0488a766935c3f8e23d,0.0
16118372,1670240483.0,0x2017afe23eb6766988e2546fe88ee4ee16b781f6,0xbde26717c6d0445a13b9e0488a766935c3f8e23d,0.0
16118388,1670240675.0,0x2017afe23eb6766988e2546fe88ee4ee16b781f6,0xbde26717c6d0445a13b9e0488a766935c3f8e23d,0.0
16118389,1670240687.0,0x2017afe23eb6766988e2546fe88ee4ee16b781f6,0xbde26717c6d0445a13b9e0488a766935c3f8e23d,0.0
16118393,1670240735.0,0x2017afe23eb6766988e2546fe88ee4ee16b781f6,0xbde26717c6d0445a13b9e0488a766935c3f8e23d,0.0
16118397,1670240783.0,0x2017afe23eb6766988e2546fe88ee4ee16b781f6,0xbde26717c6d0445a13b9e0488a766935c3f8e23d,0.0
16118400,1670240819.0,0x2017afe23eb6766988e2546fe88ee4ee16b781f6,0xbde26717c6d0445a13b9e0488a766935c3f8e23d,0.0
16118401,1670240831.0,0x2017afe23eb6766988e2546fe88ee4ee16b781f6,0xbde26717c6d0445a13b9e0488a766935c3f8e23d,0.0
16118405,1670240879.0,0x2017afe23eb6766988e2546fe88ee4ee16b781f6,0xbde26717c6d0445a13b9e0488a766935c3f8e23d,0.0
16118406,1670240891.0,0x2017afe23eb6766988e2546fe88ee4ee16b781f6,0xbde26717c6d0445a13b9e0488a766935c3f8e23d,0.0
16118408,1670240915.0,0x2017afe23eb6766988e2546fe88ee4ee16b781f6,0xbde26717c6d0445a13b9e0488a766935c3f8e23d,0.0
16118413,1670240975.0,0x2017afe23eb6766988e2546fe88ee4ee16b781f6,0xbde26717c6d0445a13b9e0488a766935c3f8e23d,0.0
16119348,1670252267.0,0x2017afe23eb6766988e2546fe88ee4ee16b781f6,0xbde26717c6d0445a13b9e0488a766935c3f8e23d,0.0
16119352,1670252315.0,0x2017afe23eb6766988e2546fe88ee4ee16b781f6,0xbde26717c6d0445a13b9e0488a766935c3f8e23d,0.0
16120897,1670271215.0,0x2017afe23eb6766988e2546fe88ee4ee16b781f6,0xbde26717c6d0445a13b9e0488a766935c3f8e23d,0.0
16121057,1670273147.0,0x2017afe23eb6766988e2546fe88ee4ee16b781f6,0xbde26717c6d0445a13b9e0488a766935c3f8e23d,0.0
16121060,1670273183.0,0x2017afe23eb6766988e2546fe88ee4ee16b781f6,0xbde26717c6d0445a13b9e0488a766935c3f8e23d,0.0
16121108,1670273759.0,0x2017afe23eb6766988e2546fe88ee4ee16b781f6,0xbde26717c6d0445a13b9e0488a766935c3f8e23d,0.0
16121117,1670273867.0,0x2017afe23eb6766988e2546fe88ee4ee16b781f6,0xbde26717c6d0445a13b9e0488a766935c3f8e23d,0.0
16121118,1670273879.0,0x2017afe23eb6766988e2546fe88ee4ee16b781f6,0xbde26717c6d0445a13b9e0488a766935c3f8e23d,0.0
16121122,1670273927.0,0x2017afe23eb6766988e2546fe88ee4ee16b781f6,0xbde26717c6d0445a13b9e0488a766935c3f8e23d,0.0
16121123,1670273939.0,0x2017afe23eb6766988e2546fe88ee4ee16b781f6,0xbde26717c6d0445a13b9e0488a766935c3f8e23d,0.0
16121126,1670273975.0,0x2017afe23eb6766988e2546fe88ee4ee16b781f6,0xbde26717c6d0445a13b9e0488a766935c3f8e23d,0.0
16121132,1670274047.0,0x2017afe23eb6766988e2546fe88ee4ee16b781f6,0xbde26717c6d0445a13b9e0488a766935c3f8e23d,0.0
16121133,1670274059.0,0x2017afe23eb6766988e2546fe88ee4ee16b781f6,0xbde26717c6d0445a13b9e0488a766935c3f8e23d,0.0
16121274,1670275751.0,0x2017afe23eb6766988e2546fe88ee4ee16b781f6,0xbde26717c6d0445a13b9e0488a766935c3f8e23d,0.0
16122424,1670289599.0,0x2017afe23eb6766988e2546fe88ee4ee16b781f6,0xbde26717c6d0445a13b9e0488a766935c3f8e23d,0.0
16122426,1670289623.0,0x2017afe23eb6766988e2546fe88ee4ee16b781f6,0xbde26717c6d0445a13b9e0488a766935c3f8e23d,0.0
16122427,1670289635.0,0x2017afe23eb6766988e2546fe88ee4ee16b781f6,0xbde26717c6d0445a13b9e0488a766935c3f8e23d,0.0
16122428,1670289647.0,0x2017afe23eb6766988e2546fe88ee4ee16b781f6,0xbde26717c6d0445a13b9e0488a766935c3f8e23d,0.0
16122432,1670289695.0,0x2017afe23eb6766988e2546fe88ee4ee16b781f6,0xbde26717c6d0445a13b9e0488a766935c3f8e23d,0.0
16122433,1670289707.0,0x2017afe23eb6766988e2546fe88ee4ee16b781f6,0xbde26717c6d0445a13b9e0488a766935c3f8e23d,0.0
16122440,1670289791.0,0x2017afe23eb6766988e2546fe88ee4ee16b781f6,0xbde26717c6d0445a13b9e0488a766935c3f8e23d,0.0
16122442,1670289815.0,0x2017afe23eb6766988e2546fe88ee4ee16b781f6,0xbde26717c6d0445a13b9e0488a766935c3f8e23d,0.0
16122443,1670289827.0,0x2017afe23eb6766988e2546fe88ee4ee16b781f6,0xbde26717c6d0445a13b9e0488a766935c3f8e23d,0.0
16122444,1670289839.0,0x2017afe23eb6766988e2546fe88ee4ee16b781f6,0xbde26717c6d0445a13b9e0488a766935c3f8e23d,0.0
16122448,1670289887.0,0x2017afe23eb6766988e2546fe88ee4ee16b781f6,0xbde26717c6d0445a13b9e0488a766935c3f8e23d,0.0
16122450,1670289911.0,0x2017afe23eb6766988e2546fe88ee4ee16b781f6,0xbde26717c6d0445a13b9e0488a766935c3f8e23d,0.0
16122453,1670289947.0,0x2017afe23eb6766988e2546fe88ee4ee16b781f6,0xbde26717c6d0445a13b9e0488a766935c3f8e23d,0.0
16122454,1670289959.0,0x2017afe23eb6766988e2546fe88ee4ee16b781f6,0xbde26717c6d0445a13b9e0488a766935c3f8e23d,0.0
16122456,1670289983.0,0x2017afe23eb6766988e2546fe88ee4ee16b781f6,0xbde26717c6d0445a13b9e0488a766935c3f8e23d,0.0
16122457,1670289995.0,0x2017afe23eb6766988e2546fe88ee4ee16b781f6,0xbde26717c6d0445a13b9e0488a766935c3f8e23d,0.0
16122458,1670290007.0,0x2017afe23eb6766988e2546fe88ee4ee16b781f6,0xbde26717c6d0445a13b9e0488a766935c3f8e23d,0.0
16122459,1670290019.0,0x2017afe23eb6766988e2546fe88ee4ee16b781f6,0xbde26717c6d0445a13b9e0488a766935c3f8e23d,0.0
16122460,1670290031.0,0x2017afe23eb6766988e2546fe88ee4ee16b781f6,0xbde26717c6d0445a13b9e0488a766935c3f8e23d,0.0
16122462,1670290055.0,0x2017afe23eb6766988e2546fe88ee4ee16b781f6,0xbde26717c6d0445a13b9e0488a766935c3f8e23d,0.0
16122463,1670290067.0,0x2017afe23eb6766988e2546fe88ee4ee16b781f6,0xbde26717c6d0445a13b9e0488a766935c3f8e23d,0.0
16122464,1670290079.0,0x2017afe23eb6766988e2546fe88ee4ee16b781f6,0xbde26717c6d0445a13b9e0488a766935c3f8e23d,0.0
16122465,1670290091.0,0x2017afe23eb6766988e2546fe88ee4ee16b781f6,0xbde26717c6d0445a13b9e0488a766935c3f8e23d,0.0
16122466,1670290103.0,0x2017afe23eb6766988e2546fe88ee4ee16b781f6,0xbde26717c6d0445a13b9e0488a766935c3f8e23d,0.0
16122467,1670290115.0,0x2017afe23eb6766988e2546fe88ee4ee16b781f6,0xbde26717c6d0445a13b9e0488a766935c3f8e23d,0.0
16122468,1670290127.0,0x2017afe23eb6766988e2546fe88ee4ee16b781f6,0xbde26717c6d0445a13b9e0488a766935c3f8e23d,0.0
16122471,1670290163.0,0x2017afe23eb6766988e2546fe88ee4ee16b781f6,0xbde26717c6d0445a13b9e0488a766935c3f8e23d,0.0
16122473,1670290187.0,0x2017afe23eb6766988e2546fe88ee4ee16b781f6,0xbde26717c6d0445a13b9e0488a766935c3f8e23d,0.0
16122474,1670290199.0,0x2017afe23eb6766988e2546fe88ee4ee16b781f6,0xbde26717c6d0445a13b9e0488a766935c3f8e23d,0.0
16122475,1670290211.0,0x2017afe23eb6766988e2546fe88ee4ee16b781f6,0xbde26717c6d0445a13b9e0488a766935c3f8e23d,0.0
16122479,1670290259.0,0x2017afe23eb6766988e2546fe88ee4ee16b781f6,0xbde26717c6d0445a13b9e0488a766935c3f8e23d,0.0
16122480,1670290271.0,0x2017afe23eb6766988e2546fe88ee4ee16b781f6,0xbde26717c6d0445a13b9e0488a766935c3f8e23d,0.0
16122482,1670290295.0,0x2017afe23eb6766988e2546fe88ee4ee16b781f6,0xbde26717c6d0445a13b9e0488a766935c3f8e23d,0.0
16122483,1670290307.0,0x2017afe23eb6766988e2546fe88ee4ee16b781f6,0xbde26717c6d0445a13b9e0488a766935c3f8e23d,0.0
16123353,1670300771.0,0x2017afe23eb6766988e2546fe88ee4ee16b781f6,0xbde26717c6d0445a13b9e0488a766935c3f8e23d,0.0
16123354,1670300783.0,0x2017afe23eb6766988e2546fe88ee4ee16b781f6,0xbde26717c6d0445a13b9e0488a766935c3f8e23d,0.0
16123356,1670300807.0,0x2017afe23eb6766988e2546fe88ee4ee16b781f6,0xbde26717c6d0445a13b9e0488a766935c3f8e23d,0.0
16123363,1670300891.0,0x2017afe23eb6766988e2546fe88ee4ee16b781f6,0xbde26717c6d0445a13b9e0488a766935c3f8e23d,0.0
16123364,1670300903.0,0x2017afe23eb6766988e2546fe88ee4ee16b781f6,0xbde26717c6d0445a13b9e0488a766935c3f8e23d,0.0
16123372,1670301011.0,0x2017afe23eb6766988e2546fe88ee4ee16b781f6,0xbde26717c6d0445a13b9e0488a766935c3f8e23d,0.0
16123383,1670301143.0,0x2017afe23eb6766988e2546fe88ee4ee16b781f6,0xbde26717c6d0445a13b9e0488a766935c3f8e23d,0.0
16123387,1670301191.0,0x2017afe23eb6766988e2546fe88ee4ee16b781f6,0xbde26717c6d0445a13b9e0488a766935c3f8e23d,0.0
16123390,1670301227.0,0x2017afe23eb6766988e2546fe88ee4ee16b781f6,0xbde26717c6d0445a13b9e0488a766935c3f8e23d,0.0
16123392,1670301251.0,0x2017afe23eb6766988e2546fe88ee4ee16b781f6,0xbde26717c6d0445a13b9e0488a766935c3f8e23d,0.0
16123397,1670301311.0,0x2017afe23eb6766988e2546fe88ee4ee16b781f6,0xbde26717c6d0445a13b9e0488a766935c3f8e23d,0.0
16123400,1670301347.0,0x2017afe23eb6766988e2546fe88ee4ee16b781f6,0xbde26717c6d0445a13b9e0488a766935c3f8e23d,0.0
16123409,1670301455.0,0x2017afe23eb6766988e2546fe88ee4ee16b781f6,0xbde26717c6d0445a13b9e0488a766935c3f8e23d,0.0
16123412,1670301491.0,0x2017afe23eb6766988e2546fe88ee4ee16b781f6,0xbde26717c6d0445a13b9e0488a766935c3f8e23d,0.0
16123414,1670301515.0,0x2017afe23eb6766988e2546fe88ee4ee16b781f6,0xbde26717c6d0445a13b9e0488a766935c3f8e23d,0.0
16123416,1670301539.0,0x2017afe23eb6766988e2546fe88ee4ee16b781f6,0xbde26717c6d0445a13b9e0488a766935c3f8e23d,0.0
16123417,1670301551.0,0x2017afe23eb6766988e2546fe88ee4ee16b781f6,0xbde26717c6d0445a13b9e0488a766935c3f8e23d,0.0
16123419,1670301575.0,0x2017afe23eb6766988e2546fe88ee4ee16b781f6,0xbde26717c6d0445a13b9e0488a766935c3f8e23d,0.0
16123420,1670301587.0,0x2017afe23eb6766988e2546fe88ee4ee16b781f6,0xbde26717c6d0445a13b9e0488a766935c3f8e23d,0.0
16123422,1670301611.0,0x2017afe23eb6766988e2546fe88ee4ee16b781f6,0xbde26717c6d0445a13b9e0488a766935c3f8e23d,0.0
16123424,1670301635.0,0x2017afe23eb6766988e2546fe88ee4ee16b781f6,0xbde26717c6d0445a13b9e0488a766935c3f8e23d,0.0
16123427,1670301671.0,0x2017afe23eb6766988e2546fe88ee4ee16b781f6,0xbde26717c6d0445a13b9e0488a766935c3f8e23d,0.0
16123429,1670301695.0,0x2017afe23eb6766988e2546fe88ee4ee16b781f6,0xbde26717c6d0445a13b9e0488a766935c3f8e23d,0.0
16123432,1670301731.0,0x2017afe23eb6766988e2546fe88ee4ee16b781f6,0xbde26717c6d0445a13b9e0488a766935c3f8e23d,0.0
16123434,1670301755.0,0x2017afe23eb6766988e2546fe88ee4ee16b781f6,0xbde26717c6d0445a13b9e0488a766935c3f8e23d,0.0
16123435,1670301767.0,0x2017afe23eb6766988e2546fe88ee4ee16b781f6,0xbde26717c6d0445a13b9e0488a766935c3f8e23d,0.0
16123436,1670301779.0,0x2017afe23eb6766988e2546fe88ee4ee16b781f6,0xbde26717c6d0445a13b9e0488a766935c3f8e23d,0.0
16123439,1670301815.0,0x2017afe23eb6766988e2546fe88ee4ee16b781f6,0xbde26717c6d0445a13b9e0488a766935c3f8e23d,0.0
16123440,1670301827.0,0x2017afe23eb6766988e2546fe88ee4ee16b781f6,0xbde26717c6d0445a13b9e0488a766935c3f8e23d,0.0
16123455,1670302007.0,0x2017afe23eb6766988e2546fe88ee4ee16b781f6,0xbde26717c6d0445a13b9e0488a766935c3f8e23d,0.0
16123575,1670303459.0,0x2017afe23eb6766988e2546fe88ee4ee16b781f6,0xbde26717c6d0445a13b9e0488a766935c3f8e23d,0.0
16123689,1670304827.0,0x2017afe23eb6766988e2546fe88ee4ee16b781f6,0xbde26717c6d0445a13b9e0488a766935c3f8e23d,0.0
16123743,1670305487.0,0x2017afe23eb6766988e2546fe88ee4ee16b781f6,0xbde26717c6d0445a13b9e0488a766935c3f8e23d,0.0
16123755,1670305631.0,0x2017afe23eb6766988e2546fe88ee4ee16b781f6,0xbde26717c6d0445a13b9e0488a766935c3f8e23d,0.0
16123920,1670307611.0,0x2017afe23eb6766988e2546fe88ee4ee16b781f6,0xbde26717c6d0445a13b9e0488a766935c3f8e23d,0.0
16124435,1670313851.0,0x2017afe23eb6766988e2546fe88ee4ee16b781f6,0xbde26717c6d0445a13b9e0488a766935c3f8e23d,0.0
16124480,1670314391.0,0x2017afe23eb6766988e2546fe88ee4ee16b781f6,0xbde26717c6d0445a13b9e0488a766935c3f8e23d,0.0
16124480,1670314391.0,0x2017afe23eb6766988e2546fe88ee4ee16b781f6,0xbde26717c6d0445a13b9e0488a766935c3f8e23d,0.0
16124480,1670314391.0,0x2017afe23eb6766988e2546fe88ee4ee16b781f6,0xbde26717c6d0445a13b9e0488a766935c3f8e23d,0.0
16124480,1670314391.0,0x2017afe23eb6766988e2546fe88ee4ee16b781f6,0xbde26717c6d0445a13b9e0488a766935c3f8e23d,0.0
16124480,1670314391.0,0x2017afe23eb6766988e2546fe88ee4ee16b781f6,0xbde26717c6d0445a13b9e0488a766935c3f8e23d,0.0
16124487,1670314475.0,0x2017afe23eb6766988e2546fe88ee4ee16b781f6,0xbde26717c6d0445a13b9e0488a766935c3f8e23d,0.0
16124493,1670314547.0,0x2017afe23eb6766988e2546fe88ee4ee16b781f6,0xbde26717c6d0445a13b9e0488a766935c3f8e23d,0.0
16124494,1670314559.0,0x2017afe23eb6766988e2546fe88ee4ee16b781f6,0xbde26717c6d0445a13b9e0488a766935c3f8e23d,0.0
16124495,1670314571.0,0x2017afe23eb6766988e2546fe88ee4ee16b781f6,0xbde26717c6d0445a13b9e0488a766935c3f8e23d,0.0
16124497,1670314595.0,0x2017afe23eb6766988e2546fe88ee4ee16b781f6,0xbde26717c6d0445a13b9e0488a766935c3f8e23d,0.0
16124504,1670314679.0,0x2017afe23eb6766988e2546fe88ee4ee16b781f6,0xbde26717c6d0445a13b9e0488a766935c3f8e23d,0.0
16124505,1670314691.0,0x2017afe23eb6766988e2546fe88ee4ee16b781f6,0xbde26717c6d0445a13b9e0488a766935c3f8e23d,0.0
16124512,1670314775.0,0x2017afe23eb6766988e2546fe88ee4ee16b781f6,0xbde26717c6d0445a13b9e0488a766935c3f8e23d,0.0
16124515,1670314811.0,0x2017afe23eb6766988e2546fe88ee4ee16b781f6,0xbde26717c6d0445a13b9e0488a766935c3f8e23d,0.0
16124516,1670314823.0,0x2017afe23eb6766988e2546fe88ee4ee16b781f6,0xbde26717c6d0445a13b9e0488a766935c3f8e23d,0.0
16124524,1670314919.0,0x2017afe23eb6766988e2546fe88ee4ee16b781f6,0xbde26717c6d0445a13b9e0488a766935c3f8e23d,0.0
16124525,1670314931.0,0x2017afe23eb6766988e2546fe88ee4ee16b781f6,0xbde26717c6d0445a13b9e0488a766935c3f8e23d,0.0
16124552,1670315255.0,0x2017afe23eb6766988e2546fe88ee4ee16b781f6,0xbde26717c6d0445a13b9e0488a766935c3f8e23d,0.0
16124595,1670315771.0,0x2017afe23eb6766988e2546fe88ee4ee16b781f6,0xbde26717c6d0445a13b9e0488a766935c3f8e23d,0.0
16124634,1670316239.0,0x2017afe23eb6766988e2546fe88ee4ee16b781f6,0xbde26717c6d0445a13b9e0488a766935c3f8e23d,0.0
16124660,1670316551.0,0x2017afe23eb6766988e2546fe88ee4ee16b781f6,0xbde26717c6d0445a13b9e0488a766935c3f8e23d,0.0
16124698,1670317007.0,0x2017afe23eb6766988e2546fe88ee4ee16b781f6,0xbde26717c6d0445a13b9e0488a766935c3f8e23d,0.0
16124739,1670317499.0,0x2017afe23eb6766988e2546fe88ee4ee16b781f6,0xbde26717c6d0445a13b9e0488a766935c3f8e23d,0.0
16124788,1670318087.0,0x2017afe23eb6766988e2546fe88ee4ee16b781f6,0xbde26717c6d0445a13b9e0488a766935c3f8e23d,0.0
16124852,1670318855.0,0x2017afe23eb6766988e2546fe88ee4ee16b781f6,0xbde26717c6d0445a13b9e0488a766935c3f8e23d,0.0
16125061,1670321375.0,0x2017afe23eb6766988e2546fe88ee4ee16b781f6,0xbde26717c6d0445a13b9e0488a766935c3f8e23d,0.0
16125072,1670321507.0,0x2017afe23eb6766988e2546fe88ee4ee16b781f6,0xbde26717c6d0445a13b9e0488a766935c3f8e23d,0.0
16125079,1670321591.0,0x2017afe23eb6766988e2546fe88ee4ee16b781f6,0xbde26717c6d0445a13b9e0488a766935c3f8e23d,0.0
16125082,1670321627.0,0x2017afe23eb6766988e2546fe88ee4ee16b781f6,0xbde26717c6d0445a13b9e0488a766935c3f8e23d,0.0
16125085,1670321663.0,0x2017afe23eb6766988e2546fe88ee4ee16b781f6,0xbde26717c6d0445a13b9e0488a766935c3f8e23d,0.0
16125087,1670321687.0,0x2017afe23eb6766988e2546fe88ee4ee16b781f6,0xbde26717c6d0445a13b9e0488a766935c3f8e23d,0.0
16125092,1670321747.0,0x2017afe23eb6766988e2546fe88ee4ee16b781f6,0xbde26717c6d0445a13b9e0488a766935c3f8e23d,0.0
16125094,1670321771.0,0x2017afe23eb6766988e2546fe88ee4ee16b781f6,0xbde26717c6d0445a13b9e0488a766935c3f8e23d,0.0
16125104,1670321891.0,0x2017afe23eb6766988e2546fe88ee4ee16b781f6,0xbde26717c6d0445a13b9e0488a766935c3f8e23d,0.0
16125131,1670322215.0,0x2017afe23eb6766988e2546fe88ee4ee16b781f6,0xbde26717c6d0445a13b9e0488a766935c3f8e23d,0.0
16125164,1670322611.0,0x2017afe23eb6766988e2546fe88ee4ee16b781f6,0xbde26717c6d0445a13b9e0488a766935c3f8e23d,0.0
16125180,1670322803.0,0x2017afe23eb6766988e2546fe88ee4ee16b781f6,0xbde26717c6d0445a13b9e0488a766935c3f8e23d,0.0
16125219,1670323271.0,0x2017afe23eb6766988e2546fe88ee4ee16b781f6,0xbde26717c6d0445a13b9e0488a766935c3f8e23d,0.0
16125249,1670323631.0,0x2017afe23eb6766988e2546fe88ee4ee16b781f6,0xbde26717c6d0445a13b9e0488a766935c3f8e23d,0.0
16125282,1670324027.0,0x2017afe23eb6766988e2546fe88ee4ee16b781f6,0xbde26717c6d0445a13b9e0488a766935c3f8e23d,0.0
16125315,1670324423.0,0x2017afe23eb6766988e2546fe88ee4ee16b781f6,0xbde26717c6d0445a13b9e0488a766935c3f8e23d,0.0
16125342,1670324747.0,0x2017afe23eb6766988e2546fe88ee4ee16b781f6,0xbde26717c6d0445a13b9e0488a766935c3f8e23d,0.0
16125386,1670325287.0,0x2017afe23eb6766988e2546fe88ee4ee16b781f6,0xbde26717c6d0445a13b9e0488a766935c3f8e23d,0.0
16125431,1670325839.0,0x2017afe23eb6766988e2546fe88ee4ee16b781f6,0xbde26717c6d0445a13b9e0488a766935c3f8e23d,0.0
16125482,1670326451.0,0x2017afe23eb6766988e2546fe88ee4ee16b781f6,0xbde26717c6d0445a13b9e0488a766935c3f8e23d,0.0
16125502,1670326691.0,0x2017afe23eb6766988e2546fe88ee4ee16b781f6,0xbde26717c6d0445a13b9e0488a766935c3f8e23d,0.0
16125512,1670326811.0,0x2017afe23eb6766988e2546fe88ee4ee16b781f6,0xbde26717c6d0445a13b9e0488a766935c3f8e23d,0.0
16125551,1670327279.0,0x2017afe23eb6766988e2546fe88ee4ee16b781f6,0xbde26717c6d0445a13b9e0488a766935c3f8e23d,0.0
16125570,1670327507.0,0x2017afe23eb6766988e2546fe88ee4ee16b781f6,0xbde26717c6d0445a13b9e0488a766935c3f8e23d,0.0
16125589,1670327735.0,0x2017afe23eb6766988e2546fe88ee4ee16b781f6,0xbde26717c6d0445a13b9e0488a766935c3f8e23d,0.0
16125634,1670328275.0,0x2017afe23eb6766988e2546fe88ee4ee16b781f6,0xbde26717c6d0445a13b9e0488a766935c3f8e23d,0.0
16125674,1670328755.0,0x2017afe23eb6766988e2546fe88ee4ee16b781f6,0xbde26717c6d0445a13b9e0488a766935c3f8e23d,0.0
16125702,1670329091.0,0x2017afe23eb6766988e2546fe88ee4ee16b781f6,0xbde26717c6d0445a13b9e0488a766935c3f8e23d,0.0
16125756,1670329739.0,0x2017afe23eb6766988e2546fe88ee4ee16b781f6,0xbde26717c6d0445a13b9e0488a766935c3f8e23d,0.0
16125769,1670329895.0,0x2017afe23eb6766988e2546fe88ee4ee16b781f6,0xbde26717c6d0445a13b9e0488a766935c3f8e23d,0.0
16125773,1670329943.0,0x2017afe23eb6766988e2546fe88ee4ee16b781f6,0xbde26717c6d0445a13b9e0488a766935c3f8e23d,0.0
16125810,1670330387.0,0x2017afe23eb6766988e2546fe88ee4ee16b781f6,0xbde26717c6d0445a13b9e0488a766935c3f8e23d,0.0
16125845,1670330807.0,0x2017afe23eb6766988e2546fe88ee4ee16b781f6,0xbde26717c6d0445a13b9e0488a766935c3f8e23d,0.0
16125954,1670332115.0,0x2017afe23eb6766988e2546fe88ee4ee16b781f6,0xbde26717c6d0445a13b9e0488a766935c3f8e23d,0.0
16125965,1670332247.0,0x2017afe23eb6766988e2546fe88ee4ee16b781f6,0xbde26717c6d0445a13b9e0488a766935c3f8e23d,0.0
16125976,1670332379.0,0x2017afe23eb6766988e2546fe88ee4ee16b781f6,0xbde26717c6d0445a13b9e0488a766935c3f8e23d,0.0
16126005,1670332727.0,0x2017afe23eb6766988e2546fe88ee4ee16b781f6,0xbde26717c6d0445a13b9e0488a766935c3f8e23d,0.0
16126059,1670333387.0,0x2017afe23eb6766988e2546fe88ee4ee16b781f6,0xbde26717c6d0445a13b9e0488a766935c3f8e23d,0.0
16126068,1670333495.0,0x2017afe23eb6766988e2546fe88ee4ee16b781f6,0xbde26717c6d0445a13b9e0488a766935c3f8e23d,0.0
16126102,1670333903.0,0x2017afe23eb6766988e2546fe88ee4ee16b781f6,0xbde26717c6d0445a13b9e0488a766935c3f8e23d,0.0
16126136,1670334311.0,0x2017afe23eb6766988e2546fe88ee4ee16b781f6,0xbde26717c6d0445a13b9e0488a766935c3f8e23d,0.0
16126946,1670344079.0,0x2017afe23eb6766988e2546fe88ee4ee16b781f6,0xcfabef41fc0076f9736ede647a39468a426667ca,0.5
16127314,1670348531.0,0x2017afe23eb6766988e2546fe88ee4ee16b781f6,0xbde26717c6d0445a13b9e0488a766935c3f8e23d,0.0
16127314,1670348531.0,0x2017afe23eb6766988e2546fe88ee4ee16b781f6,0xbde26717c6d0445a13b9e0488a766935c3f8e23d,0.0
16132437,1670411375.0,0x2017afe23eb6766988e2546fe88ee4ee16b781f6,0xbde26717c6d0445a13b9e0488a766935c3f8e23d,0.0
16132463,1670411699.0,0x2017afe23eb6766988e2546fe88ee4ee16b781f6,0xbde26717c6d0445a13b9e0488a766935c3f8e23d,0.0
16132490,1670412023.0,0x2017afe23eb6766988e2546fe88ee4ee16b781f6,0xbde26717c6d0445a13b9e0488a766935c3f8e23d,0.0
16132544,1670412671.0,0x2017afe23eb6766988e2546fe88ee4ee16b781f6,0xbde26717c6d0445a13b9e0488a766935c3f8e23d,0.0
16132547,1670412707.0,0x2017afe23eb6766988e2546fe88ee4ee16b781f6,0xbde26717c6d0445a13b9e0488a766935c3f8e23d,0.0
16132579,1670413091.0,0x2017afe23eb6766988e2546fe88ee4ee16b781f6,0xbde26717c6d0445a13b9e0488a766935c3f8e23d,0.0
16132596,1670413295.0,0x2017afe23eb6766988e2546fe88ee4ee16b781f6,0xbde26717c6d0445a13b9e0488a766935c3f8e23d,0.0
16132624,1670413631.0,0x2017afe23eb6766988e2546fe88ee4ee16b781f6,0xbde26717c6d0445a13b9e0488a766935c3f8e23d,0.0
16132660,1670414075.0,0x2017afe23eb6766988e2546fe88ee4ee16b781f6,0xbde26717c6d0445a13b9e0488a766935c3f8e23d,0.0
16132673,1670414243.0,0x2017afe23eb6766988e2546fe88ee4ee16b781f6,0xbde26717c6d0445a13b9e0488a766935c3f8e23d,0.0
16132700,1670414579.0,0x2017afe23eb6766988e2546fe88ee4ee16b781f6,0xbde26717c6d0445a13b9e0488a766935c3f8e23d,0.0
16132925,1670417327.0,0x2017afe23eb6766988e2546fe88ee4ee16b781f6,0xbde26717c6d0445a13b9e0488a766935c3f8e23d,0.0
16132954,1670417675.0,0x2017afe23eb6766988e2546fe88ee4ee16b781f6,0xbde26717c6d0445a13b9e0488a766935c3f8e23d,0.0
16133063,1670418983.0,0x2017afe23eb6766988e2546fe88ee4ee16b781f6,0xbde26717c6d0445a13b9e0488a766935c3f8e23d,0.0
16133106,1670419499.0,0x2017afe23eb6766988e2546fe88ee4ee16b781f6,0xbde26717c6d0445a13b9e0488a766935c3f8e23d,0.0
16133123,1670419703.0,0x2017afe23eb6766988e2546fe88ee4ee16b781f6,0xbde26717c6d0445a13b9e0488a766935c3f8e23d,0.0
16133181,1670420399.0,0x2017afe23eb6766988e2546fe88ee4ee16b781f6,0xbde26717c6d0445a13b9e0488a766935c3f8e23d,0.0
16133252,1670421263.0,0x2017afe23eb6766988e2546fe88ee4ee16b781f6,0xbde26717c6d0445a13b9e0488a766935c3f8e23d,0.0
16133336,1670422271.0,0x2017afe23eb6766988e2546fe88ee4ee16b781f6,0xbde26717c6d0445a13b9e0488a766935c3f8e23d,0.0
16133399,1670423027.0,0x2017afe23eb6766988e2546fe88ee4ee16b781f6,0xbde26717c6d0445a13b9e0488a766935c3f8e23d,0.0
16133456,1670423711.0,0x2017afe23eb6766988e2546fe88ee4ee16b781f6,0xbde26717c6d0445a13b9e0488a766935c3f8e23d,0.0
16133643,1670425955.0,0x2017afe23eb6766988e2546fe88ee4ee16b781f6,0xbde26717c6d0445a13b9e0488a766935c3f8e23d,0.0
16153573,1670666519.0,0x2017afe23eb6766988e2546fe88ee4ee16b781f6,0xbde26717c6d0445a13b9e0488a766935c3f8e23d,0.0
16153615,1670667023.0,0x2017afe23eb6766988e2546fe88ee4ee16b781f6,0xbde26717c6d0445a13b9e0488a766935c3f8e23d,0.0
16153639,1670667311.0,0x2017afe23eb6766988e2546fe88ee4ee16b781f6,0xbde26717c6d0445a13b9e0488a766935c3f8e23d,0.0
16153667,1670667647.0,0x2017afe23eb6766988e2546fe88ee4ee16b781f6,0xbde26717c6d0445a13b9e0488a766935c3f8e23d,0.0
16153700,1670668043.0,0x2017afe23eb6766988e2546fe88ee4ee16b781f6,0xbde26717c6d0445a13b9e0488a766935c3f8e23d,0.0
16153730,1670668403.0,0x2017afe23eb6766988e2546fe88ee4ee16b781f6,0xbde26717c6d0445a13b9e0488a766935c3f8e23d,0.0
16153762,1670668787.0,0x2017afe23eb6766988e2546fe88ee4ee16b781f6,0xbde26717c6d0445a13b9e0488a766935c3f8e23d,0.0
16153797,1670669207.0,0x2017afe23eb6766988e2546fe88ee4ee16b781f6,0xbde26717c6d0445a13b9e0488a766935c3f8e23d,0.0
16153822,1670669507.0,0x2017afe23eb6766988e2546fe88ee4ee16b781f6,0xbde26717c6d0445a13b9e0488a766935c3f8e23d,0.0
16153853,1670669879.0,0x2017afe23eb6766988e2546fe88ee4ee16b781f6,0xbde26717c6d0445a13b9e0488a766935c3f8e23d,0.0
16153878,1670670179.0,0x2017afe23eb6766988e2546fe88ee4ee16b781f6,0xbde26717c6d0445a13b9e0488a766935c3f8e23d,0.0
16153903,1670670479.0,0x2017afe23eb6766988e2546fe88ee4ee16b781f6,0xbde26717c6d0445a13b9e0488a766935c3f8e23d,0.0
16153947,1670671007.0,0x2017afe23eb6766988e2546fe88ee4ee16b781f6,0xbde26717c6d0445a13b9e0488a766935c3f8e23d,0.0
16153970,1670671283.0,0x2017afe23eb6766988e2546fe88ee4ee16b781f6,0xbde26717c6d0445a13b9e0488a766935c3f8e23d,0.0
16154006,1670671715.0,0x2017afe23eb6766988e2546fe88ee4ee16b781f6,0xbde26717c6d0445a13b9e0488a766935c3f8e23d,0.0
16154034,1670672051.0,0x2017afe23eb6766988e2546fe88ee4ee16b781f6,0xbde26717c6d0445a13b9e0488a766935c3f8e23d,0.0
16154067,1670672447.0,0x2017afe23eb6766988e2546fe88ee4ee16b781f6,0xbde26717c6d0445a13b9e0488a766935c3f8e23d,0.0
16154107,1670672927.0,0x2017afe23eb6766988e2546fe88ee4ee16b781f6,0xbde26717c6d0445a13b9e0488a766935c3f8e23d,0.0
16154142,1670673347.0,0x2017afe23eb6766988e2546fe88ee4ee16b781f6,0xbde26717c6d0445a13b9e0488a766935c3f8e23d,0.0
16154167,1670673647.0,0x2017afe23eb6766988e2546fe88ee4ee16b781f6,0xbde26717c6d0445a13b9e0488a766935c3f8e23d,0.0
16154204,1670674091.0,0x2017afe23eb6766988e2546fe88ee4ee16b781f6,0xbde26717c6d0445a13b9e0488a766935c3f8e23d,0.0
16154243,1670674559.0,0x2017afe23eb6766988e2546fe88ee4ee16b781f6,0xbde26717c6d0445a13b9e0488a766935c3f8e23d,0.0
16154272,1670674907.0,0x2017afe23eb6766988e2546fe88ee4ee16b781f6,0xbde26717c6d0445a13b9e0488a766935c3f8e23d,0.0
16154310,1670675363.0,0x2017afe23eb6766988e2546fe88ee4ee16b781f6,0xbde26717c6d0445a13b9e0488a766935c3f8e23d,0.0
16154347,1670675807.0,0x2017afe23eb6766988e2546fe88ee4ee16b781f6,0xbde26717c6d0445a13b9e0488a766935c3f8e23d,0.0
16154400,1670676443.0,0x2017afe23eb6766988e2546fe88ee4ee16b781f6,0xbde26717c6d0445a13b9e0488a766935c3f8e23d,0.0
16154420,1670676683.0,0x2017afe23eb6766988e2546fe88ee4ee16b781f6,0xbde26717c6d0445a13b9e0488a766935c3f8e23d,0.0
16154449,1670677031.0,0x2017afe23eb6766988e2546fe88ee4ee16b781f6,0xbde26717c6d0445a13b9e0488a766935c3f8e23d,0.0
16154474,1670677331.0,0x2017afe23eb6766988e2546fe88ee4ee16b781f6,0xbde26717c6d0445a13b9e0488a766935c3f8e23d,0.0
16154518,1670677859.0,0x2017afe23eb6766988e2546fe88ee4ee16b781f6,0xbde26717c6d0445a13b9e0488a766935c3f8e23d,0.0
16154553,1670678291.0,0x2017afe23eb6766988e2546fe88ee4ee16b781f6,0xbde26717c6d0445a13b9e0488a766935c3f8e23d,0.0
16154612,1670678999.0,0x2017afe23eb6766988e2546fe88ee4ee16b781f6,0xbde26717c6d0445a13b9e0488a766935c3f8e23d,0.0
16154640,1670679347.0,0x2017afe23eb6766988e2546fe88ee4ee16b781f6,0xbde26717c6d0445a13b9e0488a766935c3f8e23d,0.0
16154667,1670679671.0,0x2017afe23eb6766988e2546fe88ee4ee16b781f6,0xbde26717c6d0445a13b9e0488a766935c3f8e23d,0.0
16154712,1670680211.0,0x2017afe23eb6766988e2546fe88ee4ee16b781f6,0xbde26717c6d0445a13b9e0488a766935c3f8e23d,0.0
16155109,1670684999.0,0x2017afe23eb6766988e2546fe88ee4ee16b781f6,0xbde26717c6d0445a13b9e0488a766935c3f8e23d,0.0
16155140,1670685371.0,0x2017afe23eb6766988e2546fe88ee4ee16b781f6,0xbde26717c6d0445a13b9e0488a766935c3f8e23d,0.0
16155148,1670685467.0,0x2017afe23eb6766988e2546fe88ee4ee16b781f6,0xbde26717c6d0445a13b9e0488a766935c3f8e23d,0.0
16155175,1670685803.0,0x2017afe23eb6766988e2546fe88ee4ee16b781f6,0xbde26717c6d0445a13b9e0488a766935c3f8e23d,0.0
16155430,1670688875.0,0x2017afe23eb6766988e2546fe88ee4ee16b781f6,0xbde26717c6d0445a13b9e0488a766935c3f8e23d,0.0
16155456,1670689187.0,0x2017afe23eb6766988e2546fe88ee4ee16b781f6,0xbde26717c6d0445a13b9e0488a766935c3f8e23d,0.0
16155456,1670689187.0,0x2017afe23eb6766988e2546fe88ee4ee16b781f6,0xbde26717c6d0445a13b9e0488a766935c3f8e23d,0.0
16155456,1670689187.0,0x2017afe23eb6766988e2546fe88ee4ee16b781f6,0xbde26717c6d0445a13b9e0488a766935c3f8e23d,0.0
16155458,1670689211.0,0x2017afe23eb6766988e2546fe88ee4ee16b781f6,0xbde26717c6d0445a13b9e0488a766935c3f8e23d,0.0
16155461,1670689247.0,0x2017afe23eb6766988e2546fe88ee4ee16b781f6,0xbde26717c6d0445a13b9e0488a766935c3f8e23d,0.0
16155471,1670689367.0,0x2017afe23eb6766988e2546fe88ee4ee16b781f6,0xbde26717c6d0445a13b9e0488a766935c3f8e23d,0.0
16155473,1670689391.0,0x2017afe23eb6766988e2546fe88ee4ee16b781f6,0xbde26717c6d0445a13b9e0488a766935c3f8e23d,0.0
16155476,1670689427.0,0x2017afe23eb6766988e2546fe88ee4ee16b781f6,0xbde26717c6d0445a13b9e0488a766935c3f8e23d,0.0
16155478,1670689451.0,0x2017afe23eb6766988e2546fe88ee4ee16b781f6,0xbde26717c6d0445a13b9e0488a766935c3f8e23d,0.0
16155481,1670689487.0,0x2017afe23eb6766988e2546fe88ee4ee16b781f6,0xbde26717c6d0445a13b9e0488a766935c3f8e23d,0.0
16155483,1670689511.0,0x2017afe23eb6766988e2546fe88ee4ee16b781f6,0xbde26717c6d0445a13b9e0488a766935c3f8e23d,0.0
16155486,1670689547.0,0x2017afe23eb6766988e2546fe88ee4ee16b781f6,0xbde26717c6d0445a13b9e0488a766935c3f8e23d,0.0
16155618,1670691131.0,0x2017afe23eb6766988e2546fe88ee4ee16b781f6,0xbde26717c6d0445a13b9e0488a766935c3f8e23d,0.0
16155621,1670691167.0,0x2017afe23eb6766988e2546fe88ee4ee16b781f6,0xbde26717c6d0445a13b9e0488a766935c3f8e23d,0.0
16155623,1670691191.0,0x2017afe23eb6766988e2546fe88ee4ee16b781f6,0xbde26717c6d0445a13b9e0488a766935c3f8e23d,0.0
16155628,1670691251.0,0x2017afe23eb6766988e2546fe88ee4ee16b781f6,0xbde26717c6d0445a13b9e0488a766935c3f8e23d,0.0
16155681,1670691887.0,0x2017afe23eb6766988e2546fe88ee4ee16b781f6,0xbde26717c6d0445a13b9e0488a766935c3f8e23d,0.0
16155713,1670692271.0,0x2017afe23eb6766988e2546fe88ee4ee16b781f6,0xbde26717c6d0445a13b9e0488a766935c3f8e23d,0.0
16155768,1670692931.0,0x2017afe23eb6766988e2546fe88ee4ee16b781f6,0xbde26717c6d0445a13b9e0488a766935c3f8e23d,0.0
16155803,1670693351.0,0x2017afe23eb6766988e2546fe88ee4ee16b781f6,0xbde26717c6d0445a13b9e0488a766935c3f8e23d,0.0
16155846,1670693879.0,0x2017afe23eb6766988e2546fe88ee4ee16b781f6,0xbde26717c6d0445a13b9e0488a766935c3f8e23d,0.0
16155913,1670694695.0,0x2017afe23eb6766988e2546fe88ee4ee16b781f6,0xbde26717c6d0445a13b9e0488a766935c3f8e23d,0.0
16155936,1670694971.0,0x2017afe23eb6766988e2546fe88ee4ee16b781f6,0xbde26717c6d0445a13b9e0488a766935c3f8e23d,0.0
16155959,1670695247.0,0x2017afe23eb6766988e2546fe88ee4ee16b781f6,0xbde26717c6d0445a13b9e0488a766935c3f8e23d,0.0
16155996,1670695691.0,0x2017afe23eb6766988e2546fe88ee4ee16b781f6,0xbde26717c6d0445a13b9e0488a766935c3f8e23d,0.0
16156029,1670696087.0,0x2017afe23eb6766988e2546fe88ee4ee16b781f6,0xbde26717c6d0445a13b9e0488a766935c3f8e23d,0.0
16156068,1670696567.0,0x2017afe23eb6766988e2546fe88ee4ee16b781f6,0xbde26717c6d0445a13b9e0488a766935c3f8e23d,0.0
16156116,1670697143.0,0x2017afe23eb6766988e2546fe88ee4ee16b781f6,0xbde26717c6d0445a13b9e0488a766935c3f8e23d,0.0
16156156,1670697635.0,0x2017afe23eb6766988e2546fe88ee4ee16b781f6,0xbde26717c6d0445a13b9e0488a766935c3f8e23d,0.0
16156195,1670698103.0,0x2017afe23eb6766988e2546fe88ee4ee16b781f6,0xbde26717c6d0445a13b9e0488a766935c3f8e23d,0.0
16156247,1670698727.0,0x2017afe23eb6766988e2546fe88ee4ee16b781f6,0xbde26717c6d0445a13b9e0488a766935c3f8e23d,0.0
16156293,1670699279.0,0x2017afe23eb6766988e2546fe88ee4ee16b781f6,0xbde26717c6d0445a13b9e0488a766935c3f8e23d,0.0
16156361,1670700095.0,0x2017afe23eb6766988e2546fe88ee4ee16b781f6,0xbde26717c6d0445a13b9e0488a766935c3f8e23d,0.0
16156384,1670700371.0,0x2017afe23eb6766988e2546fe88ee4ee16b781f6,0xbde26717c6d0445a13b9e0488a766935c3f8e23d,0.0
16156439,1670701031.0,0x2017afe23eb6766988e2546fe88ee4ee16b781f6,0xbde26717c6d0445a13b9e0488a766935c3f8e23d,0.0
16156494,1670701703.0,0x2017afe23eb6766988e2546fe88ee4ee16b781f6,0xbde26717c6d0445a13b9e0488a766935c3f8e23d,0.0
16156556,1670702447.0,0x2017afe23eb6766988e2546fe88ee4ee16b781f6,0xbde26717c6d0445a13b9e0488a766935c3f8e23d,0.0
16156615,1670703155.0,0x2017afe23eb6766988e2546fe88ee4ee16b781f6,0xbde26717c6d0445a13b9e0488a766935c3f8e23d,0.0
16156761,1670704907.0,0x2017afe23eb6766988e2546fe88ee4ee16b781f6,0xbde26717c6d0445a13b9e0488a766935c3f8e23d,0.0
16156763,1670704931.0,0x2017afe23eb6766988e2546fe88ee4ee16b781f6,0xbde26717c6d0445a13b9e0488a766935c3f8e23d,0.0
16156813,1670705543.0,0x2017afe23eb6766988e2546fe88ee4ee16b781f6,0xbde26717c6d0445a13b9e0488a766935c3f8e23d,0.0
16156870,1670706227.0,0x2017afe23eb6766988e2546fe88ee4ee16b781f6,0xbde26717c6d0445a13b9e0488a766935c3f8e23d,0.0
16156922,1670706851.0,0x2017afe23eb6766988e2546fe88ee4ee16b781f6,0xbde26717c6d0445a13b9e0488a766935c3f8e23d,0.0
16156997,1670707751.0,0x2017afe23eb6766988e2546fe88ee4ee16b781f6,0xbde26717c6d0445a13b9e0488a766935c3f8e23d,0.0
16157084,1670708795.0,0x2017afe23eb6766988e2546fe88ee4ee16b781f6,0xbde26717c6d0445a13b9e0488a766935c3f8e23d,0.0
16157193,1670710115.0,0x2017afe23eb6766988e2546fe88ee4ee16b781f6,0xbde26717c6d0445a13b9e0488a766935c3f8e23d,0.0
16157238,1670710667.0,0x2017afe23eb6766988e2546fe88ee4ee16b781f6,0xbde26717c6d0445a13b9e0488a766935c3f8e23d,0.0
16157324,1670711711.0,0x2017afe23eb6766988e2546fe88ee4ee16b781f6,0xbde26717c6d0445a13b9e0488a766935c3f8e23d,0.0
16157420,1670712863.0,0x2017afe23eb6766988e2546fe88ee4ee16b781f6,0xbde26717c6d0445a13b9e0488a766935c3f8e23d,0.0
16157484,1670713631.0,0x2017afe23eb6766988e2546fe88ee4ee16b781f6,0xbde26717c6d0445a13b9e0488a766935c3f8e23d,0.0
16157567,1670714627.0,0x2017afe23eb6766988e2546fe88ee4ee16b781f6,0xbde26717c6d0445a13b9e0488a766935c3f8e23d,0.0
16157664,1670715791.0,0x2017afe23eb6766988e2546fe88ee4ee16b781f6,0xbde26717c6d0445a13b9e0488a766935c3f8e23d,0.0
16157738,1670716691.0,0x2017afe23eb6766988e2546fe88ee4ee16b781f6,0xbde26717c6d0445a13b9e0488a766935c3f8e23d,0.0
16157848,1670718011.0,0x2017afe23eb6766988e2546fe88ee4ee16b781f6,0xbde26717c6d0445a13b9e0488a766935c3f8e23d,0.0
16157933,1670719031.0,0x2017afe23eb6766988e2546fe88ee4ee16b781f6,0xbde26717c6d0445a13b9e0488a766935c3f8e23d,0.0
16158033,1670720231.0,0x2017afe23eb6766988e2546fe88ee4ee16b781f6,0xbde26717c6d0445a13b9e0488a766935c3f8e23d,0.0
16158160,1670721767.0,0x2017afe23eb6766988e2546fe88ee4ee16b781f6,0xbde26717c6d0445a13b9e0488a766935c3f8e23d,0.0
16158252,1670722883.0,0x2017afe23eb6766988e2546fe88ee4ee16b781f6,0xbde26717c6d0445a13b9e0488a766935c3f8e23d,0.0
16158341,1670723963.0,0x2017afe23eb6766988e2546fe88ee4ee16b781f6,0xbde26717c6d0445a13b9e0488a766935c3f8e23d,0.0
16158398,1670724647.0,0x2017afe23eb6766988e2546fe88ee4ee16b781f6,0xbde26717c6d0445a13b9e0488a766935c3f8e23d,0.0
16158464,1670725439.0,0x2017afe23eb6766988e2546fe88ee4ee16b781f6,0xbde26717c6d0445a13b9e0488a766935c3f8e23d,0.0
16158499,1670725871.0,0x2017afe23eb6766988e2546fe88ee4ee16b781f6,0xbde26717c6d0445a13b9e0488a766935c3f8e23d,0.0
16158572,1670726759.0,0x2017afe23eb6766988e2546fe88ee4ee16b781f6,0xbde26717c6d0445a13b9e0488a766935c3f8e23d,0.0
16158626,1670727407.0,0x2017afe23eb6766988e2546fe88ee4ee16b781f6,0xbde26717c6d0445a13b9e0488a766935c3f8e23d,0.0
16158688,1670728151.0,0x2017afe23eb6766988e2546fe88ee4ee16b781f6,0xbde26717c6d0445a13b9e0488a766935c3f8e23d,0.0
16158746,1670728859.0,0x2017afe23eb6766988e2546fe88ee4ee16b781f6,0xbde26717c6d0445a13b9e0488a766935c3f8e23d,0.0
16158807,1670729615.0,0x2017afe23eb6766988e2546fe88ee4ee16b781f6,0xbde26717c6d0445a13b9e0488a766935c3f8e23d,0.0
16158866,1670730335.0,0x2017afe23eb6766988e2546fe88ee4ee16b781f6,0xbde26717c6d0445a13b9e0488a766935c3f8e23d,0.0
16158923,1670731031.0,0x2017afe23eb6766988e2546fe88ee4ee16b781f6,0xbde26717c6d0445a13b9e0488a766935c3f8e23d,0.0
16159000,1670731967.0,0x2017afe23eb6766988e2546fe88ee4ee16b781f6,0xbde26717c6d0445a13b9e0488a766935c3f8e23d,0.0
16159060,1670732687.0,0x2017afe23eb6766988e2546fe88ee4ee16b781f6,0xbde26717c6d0445a13b9e0488a766935c3f8e23d,0.0
16159120,1670733419.0,0x2017afe23eb6766988e2546fe88ee4ee16b781f6,0xbde26717c6d0445a13b9e0488a766935c3f8e23d,0.0
16159188,1670734235.0,0x2017afe23eb6766988e2546fe88ee4ee16b781f6,0xbde26717c6d0445a13b9e0488a766935c3f8e23d,0.0
16159245,1670734919.0,0x2017afe23eb6766988e2546fe88ee4ee16b781f6,0xbde26717c6d0445a13b9e0488a766935c3f8e23d,0.0
16159332,1670735963.0,0x2017afe23eb6766988e2546fe88ee4ee16b781f6,0xbde26717c6d0445a13b9e0488a766935c3f8e23d,0.0
16159394,1670736707.0,0x2017afe23eb6766988e2546fe88ee4ee16b781f6,0xbde26717c6d0445a13b9e0488a766935c3f8e23d,0.0
16159473,1670737667.0,0x2017afe23eb6766988e2546fe88ee4ee16b781f6,0xbde26717c6d0445a13b9e0488a766935c3f8e23d,0.0
16159565,1670738795.0,0x2017afe23eb6766988e2546fe88ee4ee16b781f6,0xbde26717c6d0445a13b9e0488a766935c3f8e23d,0.0
16159571,1670738867.0,0x2017afe23eb6766988e2546fe88ee4ee16b781f6,0xbde26717c6d0445a13b9e0488a766935c3f8e23d,0.0
16159626,1670739527.0,0x2017afe23eb6766988e2546fe88ee4ee16b781f6,0xbde26717c6d0445a13b9e0488a766935c3f8e23d,0.0
16160370,1670748479.0,0x2017afe23eb6766988e2546fe88ee4ee16b781f6,0xbde26717c6d0445a13b9e0488a766935c3f8e23d,0.0
16160393,1670748755.0,0x2017afe23eb6766988e2546fe88ee4ee16b781f6,0xbde26717c6d0445a13b9e0488a766935c3f8e23d,0.0
16160439,1670749307.0,0x2017afe23eb6766988e2546fe88ee4ee16b781f6,0xbde26717c6d0445a13b9e0488a766935c3f8e23d,0.0
16160472,1670749703.0,0x2017afe23eb6766988e2546fe88ee4ee16b781f6,0xbde26717c6d0445a13b9e0488a766935c3f8e23d,0.0
16160651,1670751875.0,0x2017afe23eb6766988e2546fe88ee4ee16b781f6,0xbde26717c6d0445a13b9e0488a766935c3f8e23d,0.0
16160685,1670752295.0,0x2017afe23eb6766988e2546fe88ee4ee16b781f6,0xbde26717c6d0445a13b9e0488a766935c3f8e23d,0.0
16160716,1670752667.0,0x2017afe23eb6766988e2546fe88ee4ee16b781f6,0xbde26717c6d0445a13b9e0488a766935c3f8e23d,0.0
16160759,1670753183.0,0x2017afe23eb6766988e2546fe88ee4ee16b781f6,0xbde26717c6d0445a13b9e0488a766935c3f8e23d,0.0
16160803,1670753723.0,0x2017afe23eb6766988e2546fe88ee4ee16b781f6,0xbde26717c6d0445a13b9e0488a766935c3f8e23d,0.0
16160848,1670754263.0,0x2017afe23eb6766988e2546fe88ee4ee16b781f6,0xbde26717c6d0445a13b9e0488a766935c3f8e23d,0.0
16160891,1670754779.0,0x2017afe23eb6766988e2546fe88ee4ee16b781f6,0xbde26717c6d0445a13b9e0488a766935c3f8e23d,0.0
16160933,1670755283.0,0x2017afe23eb6766988e2546fe88ee4ee16b781f6,0xbde26717c6d0445a13b9e0488a766935c3f8e23d,0.0
16161031,1670756459.0,0x2017afe23eb6766988e2546fe88ee4ee16b781f6,0xbde26717c6d0445a13b9e0488a766935c3f8e23d,0.0
16161038,1670756543.0,0x2017afe23eb6766988e2546fe88ee4ee16b781f6,0xbde26717c6d0445a13b9e0488a766935c3f8e23d,0.0
16161088,1670757143.0,0x2017afe23eb6766988e2546fe88ee4ee16b781f6,0xbde26717c6d0445a13b9e0488a766935c3f8e23d,0.0
16161148,1670757863.0,0x2017afe23eb6766988e2546fe88ee4ee16b781f6,0xbde26717c6d0445a13b9e0488a766935c3f8e23d,0.0
16161247,1670759051.0,0x2017afe23eb6766988e2546fe88ee4ee16b781f6,0xbde26717c6d0445a13b9e0488a766935c3f8e23d,0.0
16161254,1670759135.0,0x2017afe23eb6766988e2546fe88ee4ee16b781f6,0xbde26717c6d0445a13b9e0488a766935c3f8e23d,0.0
16163333,1670784203.0,0x2017afe23eb6766988e2546fe88ee4ee16b781f6,0xbde26717c6d0445a13b9e0488a766935c3f8e23d,0.0
16163333,1670784203.0,0x2017afe23eb6766988e2546fe88ee4ee16b781f6,0xbde26717c6d0445a13b9e0488a766935c3f8e23d,0.0
16163333,1670784203.0,0x2017afe23eb6766988e2546fe88ee4ee16b781f6,0xbde26717c6d0445a13b9e0488a766935c3f8e23d,0.0
16163333,1670784203.0,0x2017afe23eb6766988e2546fe88ee4ee16b781f6,0xbde26717c6d0445a13b9e0488a766935c3f8e23d,0.0
16168842,1670850695.0,0x2017afe23eb6766988e2546fe88ee4ee16b781f6,0xbde26717c6d0445a13b9e0488a766935c3f8e23d,0.0
16168849,1670850779.0,0x2017afe23eb6766988e2546fe88ee4ee16b781f6,0xbde26717c6d0445a13b9e0488a766935c3f8e23d,0.0
16168853,1670850827.0,0x2017afe23eb6766988e2546fe88ee4ee16b781f6,0xbde26717c6d0445a13b9e0488a766935c3f8e23d,0.0
16168858,1670850887.0,0x2017afe23eb6766988e2546fe88ee4ee16b781f6,0xbde26717c6d0445a13b9e0488a766935c3f8e23d,0.0
16168868,1670851007.0,0x2017afe23eb6766988e2546fe88ee4ee16b781f6,0xbde26717c6d0445a13b9e0488a766935c3f8e23d,0.0
16168877,1670851115.0,0x2017afe23eb6766988e2546fe88ee4ee16b781f6,0xbde26717c6d0445a13b9e0488a766935c3f8e23d,0.0
16168968,1670852231.0,0x2017afe23eb6766988e2546fe88ee4ee16b781f6,0xbde26717c6d0445a13b9e0488a766935c3f8e23d,0.0
16168978,1670852351.0,0x2017afe23eb6766988e2546fe88ee4ee16b781f6,0xbde26717c6d0445a13b9e0488a766935c3f8e23d,0.0
16168981,1670852387.0,0x2017afe23eb6766988e2546fe88ee4ee16b781f6,0xbde26717c6d0445a13b9e0488a766935c3f8e23d,0.0
16168986,1670852447.0,0x2017afe23eb6766988e2546fe88ee4ee16b781f6,0xbde26717c6d0445a13b9e0488a766935c3f8e23d,0.0
16168994,1670852543.0,0x2017afe23eb6766988e2546fe88ee4ee16b781f6,0xbde26717c6d0445a13b9e0488a766935c3f8e23d,0.0
16169021,1670852867.0,0x2017afe23eb6766988e2546fe88ee4ee16b781f6,0xbde26717c6d0445a13b9e0488a766935c3f8e23d,0.0
16169046,1670853167.0,0x2017afe23eb6766988e2546fe88ee4ee16b781f6,0xbde26717c6d0445a13b9e0488a766935c3f8e23d,0.0
16169665,1670860667.0,0x2017afe23eb6766988e2546fe88ee4ee16b781f6,0xbde26717c6d0445a13b9e0488a766935c3f8e23d,0.0
16170540,1670871251.0,0x2017afe23eb6766988e2546fe88ee4ee16b781f6,0xbde26717c6d0445a13b9e0488a766935c3f8e23d,0.0
16171049,1670877395.0,0x2017afe23eb6766988e2546fe88ee4ee16b781f6,0xbde26717c6d0445a13b9e0488a766935c3f8e23d,0.0
16171049,1670877395.0,0x2017afe23eb6766988e2546fe88ee4ee16b781f6,0xbde26717c6d0445a13b9e0488a766935c3f8e23d,0.0
16171059,1670877515.0,0x2017afe23eb6766988e2546fe88ee4ee16b781f6,0xbde26717c6d0445a13b9e0488a766935c3f8e23d,0.0
16171286,1670880239.0,0x2017afe23eb6766988e2546fe88ee4ee16b781f6,0xbde26717c6d0445a13b9e0488a766935c3f8e23d,0.0
16171286,1670880239.0,0x2017afe23eb6766988e2546fe88ee4ee16b781f6,0xbde26717c6d0445a13b9e0488a766935c3f8e23d,0.0
16171315,1670880587.0,0x2017afe23eb6766988e2546fe88ee4ee16b781f6,0xbde26717c6d0445a13b9e0488a766935c3f8e23d,0.0
16171321,1670880659.0,0x2017afe23eb6766988e2546fe88ee4ee16b781f6,0xbde26717c6d0445a13b9e0488a766935c3f8e23d,0.0
16171325,1670880707.0,0x2017afe23eb6766988e2546fe88ee4ee16b781f6,0xbde26717c6d0445a13b9e0488a766935c3f8e23d,0.0
16171339,1670880875.0,0x2017afe23eb6766988e2546fe88ee4ee16b781f6,0xbde26717c6d0445a13b9e0488a766935c3f8e23d,0.0
16171345,1670880947.0,0x2017afe23eb6766988e2546fe88ee4ee16b781f6,0xbde26717c6d0445a13b9e0488a766935c3f8e23d,0.0
16171354,1670881055.0,0x2017afe23eb6766988e2546fe88ee4ee16b781f6,0xbde26717c6d0445a13b9e0488a766935c3f8e23d,0.0
16171361,1670881151.0,0x2017afe23eb6766988e2546fe88ee4ee16b781f6,0xbde26717c6d0445a13b9e0488a766935c3f8e23d,0.0
16171364,1670881187.0,0x2017afe23eb6766988e2546fe88ee4ee16b781f6,0xbde26717c6d0445a13b9e0488a766935c3f8e23d,0.0
16171369,1670881247.0,0x2017afe23eb6766988e2546fe88ee4ee16b781f6,0xbde26717c6d0445a13b9e0488a766935c3f8e23d,0.0
16171384,1670881427.0,0x2017afe23eb6766988e2546fe88ee4ee16b781f6,0xbde26717c6d0445a13b9e0488a766935c3f8e23d,0.0
16171434,1670882027.0,0x2017afe23eb6766988e2546fe88ee4ee16b781f6,0xbde26717c6d0445a13b9e0488a766935c3f8e23d,0.0
16171439,1670882087.0,0x2017afe23eb6766988e2546fe88ee4ee16b781f6,0xbde26717c6d0445a13b9e0488a766935c3f8e23d,0.0
16171445,1670882159.0,0x2017afe23eb6766988e2546fe88ee4ee16b781f6,0xbde26717c6d0445a13b9e0488a766935c3f8e23d,0.0
16171449,1670882207.0,0x2017afe23eb6766988e2546fe88ee4ee16b781f6,0xbde26717c6d0445a13b9e0488a766935c3f8e23d,0.0
16171455,1670882279.0,0x2017afe23eb6766988e2546fe88ee4ee16b781f6,0xbde26717c6d0445a13b9e0488a766935c3f8e23d,0.0
16171459,1670882327.0,0x2017afe23eb6766988e2546fe88ee4ee16b781f6,0xbde26717c6d0445a13b9e0488a766935c3f8e23d,0.0
16171464,1670882387.0,0x2017afe23eb6766988e2546fe88ee4ee16b781f6,0xbde26717c6d0445a13b9e0488a766935c3f8e23d,0.0
16171470,1670882459.0,0x2017afe23eb6766988e2546fe88ee4ee16b781f6,0xbde26717c6d0445a13b9e0488a766935c3f8e23d,0.0
16171476,1670882531.0,0x2017afe23eb6766988e2546fe88ee4ee16b781f6,0xbde26717c6d0445a13b9e0488a766935c3f8e23d,0.0
16171479,1670882567.0,0x2017afe23eb6766988e2546fe88ee4ee16b781f6,0xbde26717c6d0445a13b9e0488a766935c3f8e23d,0.0
16171489,1670882699.0,0x2017afe23eb6766988e2546fe88ee4ee16b781f6,0xbde26717c6d0445a13b9e0488a766935c3f8e23d,0.0
16171503,1670882867.0,0x2017afe23eb6766988e2546fe88ee4ee16b781f6,0xbde26717c6d0445a13b9e0488a766935c3f8e23d,0.0
16171508,1670882927.0,0x2017afe23eb6766988e2546fe88ee4ee16b781f6,0xbde26717c6d0445a13b9e0488a766935c3f8e23d,0.0
16171610,1670884151.0,0x2017afe23eb6766988e2546fe88ee4ee16b781f6,0xbde26717c6d0445a13b9e0488a766935c3f8e23d,0.0
16171615,1670884211.0,0x2017afe23eb6766988e2546fe88ee4ee16b781f6,0xbde26717c6d0445a13b9e0488a766935c3f8e23d,0.0
16171618,1670884247.0,0x2017afe23eb6766988e2546fe88ee4ee16b781f6,0xbde26717c6d0445a13b9e0488a766935c3f8e23d,0.0
16171641,1670884523.0,0x2017afe23eb6766988e2546fe88ee4ee16b781f6,0xbde26717c6d0445a13b9e0488a766935c3f8e23d,0.0
16171656,1670884703.0,0x2017afe23eb6766988e2546fe88ee4ee16b781f6,0xbde26717c6d0445a13b9e0488a766935c3f8e23d,0.0
16171656,1670884703.0,0x2017afe23eb6766988e2546fe88ee4ee16b781f6,0xbde26717c6d0445a13b9e0488a766935c3f8e23d,0.0
16171668,1670884847.0,0x2017afe23eb6766988e2546fe88ee4ee16b781f6,0xbde26717c6d0445a13b9e0488a766935c3f8e23d,0.0
16171673,1670884907.0,0x2017afe23eb6766988e2546fe88ee4ee16b781f6,0xbde26717c6d0445a13b9e0488a766935c3f8e23d,0.0
16171688,1670885087.0,0x2017afe23eb6766988e2546fe88ee4ee16b781f6,0xbde26717c6d0445a13b9e0488a766935c3f8e23d,0.0
16171698,1670885207.0,0x2017afe23eb6766988e2546fe88ee4ee16b781f6,0xbde26717c6d0445a13b9e0488a766935c3f8e23d,0.0
16171703,1670885267.0,0x2017afe23eb6766988e2546fe88ee4ee16b781f6,0xbde26717c6d0445a13b9e0488a766935c3f8e23d,0.0
16171708,1670885327.0,0x2017afe23eb6766988e2546fe88ee4ee16b781f6,0xbde26717c6d0445a13b9e0488a766935c3f8e23d,0.0
16171713,1670885387.0,0x2017afe23eb6766988e2546fe88ee4ee16b781f6,0xbde26717c6d0445a13b9e0488a766935c3f8e23d,0.0
16171719,1670885459.0,0x2017afe23eb6766988e2546fe88ee4ee16b781f6,0xbde26717c6d0445a13b9e0488a766935c3f8e23d,0.0
16171723,1670885507.0,0x2017afe23eb6766988e2546fe88ee4ee16b781f6,0xbde26717c6d0445a13b9e0488a766935c3f8e23d,0.0
16171728,1670885567.0,0x2017afe23eb6766988e2546fe88ee4ee16b781f6,0xbde26717c6d0445a13b9e0488a766935c3f8e23d,0.0
16171733,1670885627.0,0x2017afe23eb6766988e2546fe88ee4ee16b781f6,0xbde26717c6d0445a13b9e0488a766935c3f8e23d,0.0
16171738,1670885687.0,0x2017afe23eb6766988e2546fe88ee4ee16b781f6,0xbde26717c6d0445a13b9e0488a766935c3f8e23d,0.0
16171743,1670885747.0,0x2017afe23eb6766988e2546fe88ee4ee16b781f6,0xbde26717c6d0445a13b9e0488a766935c3f8e23d,0.0
16171748,1670885807.0,0x2017afe23eb6766988e2546fe88ee4ee16b781f6,0xbde26717c6d0445a13b9e0488a766935c3f8e23d,0.0
16171753,1670885867.0,0x2017afe23eb6766988e2546fe88ee4ee16b781f6,0xbde26717c6d0445a13b9e0488a766935c3f8e23d,0.0
16171758,1670885927.0,0x2017afe23eb6766988e2546fe88ee4ee16b781f6,0xbde26717c6d0445a13b9e0488a766935c3f8e23d,0.0
16171764,1670885999.0,0x2017afe23eb6766988e2546fe88ee4ee16b781f6,0xbde26717c6d0445a13b9e0488a766935c3f8e23d,0.0
16171820,1670886671.0,0x2017afe23eb6766988e2546fe88ee4ee16b781f6,0xbde26717c6d0445a13b9e0488a766935c3f8e23d,0.0
16171828,1670886767.0,0x2017afe23eb6766988e2546fe88ee4ee16b781f6,0xbde26717c6d0445a13b9e0488a766935c3f8e23d,0.0
16171833,1670886827.0,0x2017afe23eb6766988e2546fe88ee4ee16b781f6,0xbde26717c6d0445a13b9e0488a766935c3f8e23d,0.0
16171838,1670886887.0,0x2017afe23eb6766988e2546fe88ee4ee16b781f6,0xbde26717c6d0445a13b9e0488a766935c3f8e23d,0.0
17454228,1686454331.0,0x2017afe23eb6766988e2546fe88ee4ee16b781f6,0xf8a62df69234da9eef1749440f8fbffeb3e7cde0,0.0064161547516045
