BlockHeight,TimeStamp,From,To,Value
14575820,1649834665.0,0xb2b36b19457ba94f32b05c35eaf2ff15b76f273e,,0.0
14575836,1649834869.0,0xaa766f1c396ff58e9c70e7fc3f27f640fe025ad0,0x20c536c31fd38a1fd66a8e6f8c4ede373d1c106d,0.0
14576098,1649838638.0,0xb2b36b19457ba94f32b05c35eaf2ff15b76f273e,0x20c536c31fd38a1fd66a8e6f8c4ede373d1c106d,0.0
14576229,1649840471.0,0xb2b36b19457ba94f32b05c35eaf2ff15b76f273e,0x20c536c31fd38a1fd66a8e6f8c4ede373d1c106d,0.0
14576348,1649842213.0,0xb2b36b19457ba94f32b05c35eaf2ff15b76f273e,0x20c536c31fd38a1fd66a8e6f8c4ede373d1c106d,0.0
14576474,1649844009.0,0xb2b36b19457ba94f32b05c35eaf2ff15b76f273e,0x20c536c31fd38a1fd66a8e6f8c4ede373d1c106d,0.0
14576606,1649845792.0,0xb2b36b19457ba94f32b05c35eaf2ff15b76f273e,0x20c536c31fd38a1fd66a8e6f8c4ede373d1c106d,0.0
14576742,1649847624.0,0xb2b36b19457ba94f32b05c35eaf2ff15b76f273e,0x20c536c31fd38a1fd66a8e6f8c4ede373d1c106d,0.0
14576793,1649848326.0,0xb2b36b19457ba94f32b05c35eaf2ff15b76f273e,0x20c536c31fd38a1fd66a8e6f8c4ede373d1c106d,0.0
14576814,1649848606.0,0xaa766f1c396ff58e9c70e7fc3f27f640fe025ad0,0x20c536c31fd38a1fd66a8e6f8c4ede373d1c106d,0.0
14576844,1649849140.0,0xb2b36b19457ba94f32b05c35eaf2ff15b76f273e,0x20c536c31fd38a1fd66a8e6f8c4ede373d1c106d,0.0
14576923,1649850321.0,0xb2b36b19457ba94f32b05c35eaf2ff15b76f273e,0x20c536c31fd38a1fd66a8e6f8c4ede373d1c106d,0.0
14576996,1649851502.0,0xb2b36b19457ba94f32b05c35eaf2ff15b76f273e,0x20c536c31fd38a1fd66a8e6f8c4ede373d1c106d,0.0
14577089,1649852709.0,0xb2b36b19457ba94f32b05c35eaf2ff15b76f273e,0x20c536c31fd38a1fd66a8e6f8c4ede373d1c106d,0.0
14577183,1649853925.0,0xb2b36b19457ba94f32b05c35eaf2ff15b76f273e,0x20c536c31fd38a1fd66a8e6f8c4ede373d1c106d,0.0
14577291,1649855389.0,0xb2b36b19457ba94f32b05c35eaf2ff15b76f273e,0x20c536c31fd38a1fd66a8e6f8c4ede373d1c106d,0.0
14577424,1649857215.0,0xb2b36b19457ba94f32b05c35eaf2ff15b76f273e,0x20c536c31fd38a1fd66a8e6f8c4ede373d1c106d,0.0
14577857,1649863077.0,0xb2b36b19457ba94f32b05c35eaf2ff15b76f273e,0x20c536c31fd38a1fd66a8e6f8c4ede373d1c106d,0.0
14577886,1649863410.0,0xb2b36b19457ba94f32b05c35eaf2ff15b76f273e,0x20c536c31fd38a1fd66a8e6f8c4ede373d1c106d,0.0
14577989,1649864814.0,0xb2b36b19457ba94f32b05c35eaf2ff15b76f273e,0x20c536c31fd38a1fd66a8e6f8c4ede373d1c106d,0.0
14578002,1649864917.0,0xb2b36b19457ba94f32b05c35eaf2ff15b76f273e,0x20c536c31fd38a1fd66a8e6f8c4ede373d1c106d,0.0
14578005,1649864966.0,0xb2b36b19457ba94f32b05c35eaf2ff15b76f273e,0x20c536c31fd38a1fd66a8e6f8c4ede373d1c106d,0.0
14578011,1649865055.0,0xb2b36b19457ba94f32b05c35eaf2ff15b76f273e,0x20c536c31fd38a1fd66a8e6f8c4ede373d1c106d,0.0
14578393,1649869995.0,0xb2b36b19457ba94f32b05c35eaf2ff15b76f273e,0x20c536c31fd38a1fd66a8e6f8c4ede373d1c106d,0.0
14578395,1649870017.0,0xb2b36b19457ba94f32b05c35eaf2ff15b76f273e,0x20c536c31fd38a1fd66a8e6f8c4ede373d1c106d,0.0
14578398,1649870056.0,0xb2b36b19457ba94f32b05c35eaf2ff15b76f273e,0x20c536c31fd38a1fd66a8e6f8c4ede373d1c106d,0.0
14578515,1649871377.0,0xb2b36b19457ba94f32b05c35eaf2ff15b76f273e,0x20c536c31fd38a1fd66a8e6f8c4ede373d1c106d,0.0
14578518,1649871427.0,0xb2b36b19457ba94f32b05c35eaf2ff15b76f273e,0x20c536c31fd38a1fd66a8e6f8c4ede373d1c106d,0.0
14578519,1649871430.0,0xb2b36b19457ba94f32b05c35eaf2ff15b76f273e,0x20c536c31fd38a1fd66a8e6f8c4ede373d1c106d,0.0
14578768,1649874806.0,0xb2b36b19457ba94f32b05c35eaf2ff15b76f273e,0x20c536c31fd38a1fd66a8e6f8c4ede373d1c106d,0.0
14578784,1649874992.0,0xb2b36b19457ba94f32b05c35eaf2ff15b76f273e,0x20c536c31fd38a1fd66a8e6f8c4ede373d1c106d,0.0
14578961,1649877541.0,0xb2b36b19457ba94f32b05c35eaf2ff15b76f273e,0x20c536c31fd38a1fd66a8e6f8c4ede373d1c106d,0.0
14578965,1649877577.0,0xb2b36b19457ba94f32b05c35eaf2ff15b76f273e,0x20c536c31fd38a1fd66a8e6f8c4ede373d1c106d,0.0
14579503,1649884631.0,0xb2b36b19457ba94f32b05c35eaf2ff15b76f273e,0x20c536c31fd38a1fd66a8e6f8c4ede373d1c106d,0.0
14579621,1649886067.0,0xb2b36b19457ba94f32b05c35eaf2ff15b76f273e,0x20c536c31fd38a1fd66a8e6f8c4ede373d1c106d,0.0
14579850,1649889088.0,0xb2b36b19457ba94f32b05c35eaf2ff15b76f273e,0x20c536c31fd38a1fd66a8e6f8c4ede373d1c106d,0.0
14579918,1649889972.0,0xb2b36b19457ba94f32b05c35eaf2ff15b76f273e,0x20c536c31fd38a1fd66a8e6f8c4ede373d1c106d,0.0
14580067,1649892218.0,0xb2b36b19457ba94f32b05c35eaf2ff15b76f273e,0x20c536c31fd38a1fd66a8e6f8c4ede373d1c106d,0.0
14580074,1649892304.0,0xb2b36b19457ba94f32b05c35eaf2ff15b76f273e,0x20c536c31fd38a1fd66a8e6f8c4ede373d1c106d,0.0
14580275,1649895004.0,0xb2b36b19457ba94f32b05c35eaf2ff15b76f273e,0x20c536c31fd38a1fd66a8e6f8c4ede373d1c106d,0.0
14580454,1649897408.0,0xb2b36b19457ba94f32b05c35eaf2ff15b76f273e,0x20c536c31fd38a1fd66a8e6f8c4ede373d1c106d,0.0
14580631,1649899920.0,0xb2b36b19457ba94f32b05c35eaf2ff15b76f273e,0x20c536c31fd38a1fd66a8e6f8c4ede373d1c106d,0.0
14580784,1649902226.0,0xb2b36b19457ba94f32b05c35eaf2ff15b76f273e,0x20c536c31fd38a1fd66a8e6f8c4ede373d1c106d,0.0
