BlockHeight,TimeStamp,From,To,Value
15044800,1656502019.0,0xe5f25494bad97ec2494f9b17682aa0188798df76,,0.0
15050157,1656588873.0,0xe5f25494bad97ec2494f9b17682aa0188798df76,0x2039ea0a779dce52a956fc5d126ff9c455e9ecbc,0.0
15050166,1656588967.0,0xe5f25494bad97ec2494f9b17682aa0188798df76,0x2039ea0a779dce52a956fc5d126ff9c455e9ecbc,0.0
15050169,1656589049.0,0xe5f25494bad97ec2494f9b17682aa0188798df76,0x2039ea0a779dce52a956fc5d126ff9c455e9ecbc,0.0
15050174,1656589166.0,0xe5f25494bad97ec2494f9b17682aa0188798df76,0x2039ea0a779dce52a956fc5d126ff9c455e9ecbc,0.0
15050183,1656589390.0,0xe5f25494bad97ec2494f9b17682aa0188798df76,0x2039ea0a779dce52a956fc5d126ff9c455e9ecbc,0.0
15050185,1656589440.0,0xe5f25494bad97ec2494f9b17682aa0188798df76,0x2039ea0a779dce52a956fc5d126ff9c455e9ecbc,0.0
15050190,1656589561.0,0xe5f25494bad97ec2494f9b17682aa0188798df76,0x2039ea0a779dce52a956fc5d126ff9c455e9ecbc,0.0
15050191,1656589564.0,0xe5f25494bad97ec2494f9b17682aa0188798df76,0x2039ea0a779dce52a956fc5d126ff9c455e9ecbc,0.0
15056923,1656682877.0,0x681978c6ab46e022ebf748f8bc065c54922b3d5a,0x2039ea0a779dce52a956fc5d126ff9c455e9ecbc,0.0
15056940,1656683182.0,0x681978c6ab46e022ebf748f8bc065c54922b3d5a,0x2039ea0a779dce52a956fc5d126ff9c455e9ecbc,0.0
15056950,1656683344.0,0x681978c6ab46e022ebf748f8bc065c54922b3d5a,0x2039ea0a779dce52a956fc5d126ff9c455e9ecbc,0.0
15128973,1657643883.0,0x38e6f80e29d2f0ebf68e5ea8e177723cbf77dc87,0x2039ea0a779dce52a956fc5d126ff9c455e9ecbc,0.0
15130476,1657663765.0,0x38e6f80e29d2f0ebf68e5ea8e177723cbf77dc87,0x2039ea0a779dce52a956fc5d126ff9c455e9ecbc,0.0
15130477,1657663784.0,0x38e6f80e29d2f0ebf68e5ea8e177723cbf77dc87,0x2039ea0a779dce52a956fc5d126ff9c455e9ecbc,0.0
15194914,1658525541.0,0xf3d4c65b5134b5ef852b56a074d5d84a2bdd7800,0x2039ea0a779dce52a956fc5d126ff9c455e9ecbc,0.0
