BlockHeight,TimeStamp,From,To,Value
15080856,1657002128.0,0xfcc5c854e2ac4bc93a13e1c527fdc0472903045d,,0.0
15080869,1657002295.0,0xfcc5c854e2ac4bc93a13e1c527fdc0472903045d,0x213019b9e4c0eed9f4fa3ea0da15f328657d7b5b,0.0
15080971,1657003691.0,0x4906bbfc9ac95b4dc02081bfe4967b55f4ededd7,0x213019b9e4c0eed9f4fa3ea0da15f328657d7b5b,0.0
15085508,1657064044.0,0x6029415c9c8cfc75860e2b27fac688192dcababe,0x213019b9e4c0eed9f4fa3ea0da15f328657d7b5b,0.022
15088670,1657107063.0,0x6029415c9c8cfc75860e2b27fac688192dcababe,0x213019b9e4c0eed9f4fa3ea0da15f328657d7b5b,0.022
15089434,1657117116.0,0x4906bbfc9ac95b4dc02081bfe4967b55f4ededd7,0x213019b9e4c0eed9f4fa3ea0da15f328657d7b5b,0.0
15089455,1657117405.0,0x4906bbfc9ac95b4dc02081bfe4967b55f4ededd7,0x213019b9e4c0eed9f4fa3ea0da15f328657d7b5b,0.022
15089465,1657117594.0,0x4906bbfc9ac95b4dc02081bfe4967b55f4ededd7,0x213019b9e4c0eed9f4fa3ea0da15f328657d7b5b,0.0
15089680,1657120282.0,0x4906bbfc9ac95b4dc02081bfe4967b55f4ededd7,0x213019b9e4c0eed9f4fa3ea0da15f328657d7b5b,0.0
15089709,1657120581.0,0x6449095d0bf16abc518ea9d9182a614825d017c2,0x213019b9e4c0eed9f4fa3ea0da15f328657d7b5b,0.0
15089841,1657122575.0,0x4906bbfc9ac95b4dc02081bfe4967b55f4ededd7,0x213019b9e4c0eed9f4fa3ea0da15f328657d7b5b,0.0
15089861,1657122894.0,0x4906bbfc9ac95b4dc02081bfe4967b55f4ededd7,0x213019b9e4c0eed9f4fa3ea0da15f328657d7b5b,0.0
15089865,1657122933.0,0x6029415c9c8cfc75860e2b27fac688192dcababe,0x213019b9e4c0eed9f4fa3ea0da15f328657d7b5b,0.022
15089878,1657123126.0,0x8bd46e15e14a04c859de2b8774d4b996b5848a7e,0x213019b9e4c0eed9f4fa3ea0da15f328657d7b5b,0.132
15089882,1657123173.0,0x80024ff3264744d3f941e3e8c7dde45e4403a2b4,0x213019b9e4c0eed9f4fa3ea0da15f328657d7b5b,0.022
15089884,1657123181.0,0x8953605fd5cb76f1191ae683d3903b9745582af8,0x213019b9e4c0eed9f4fa3ea0da15f328657d7b5b,0.022
15089885,1657123186.0,0x6ee3c65c61a7d73359d6c4541da77a1414a687e7,0x213019b9e4c0eed9f4fa3ea0da15f328657d7b5b,0.044
15089886,1657123191.0,0xf977a728f3aa00885b2de0a106f8ae69d17adb08,0x213019b9e4c0eed9f4fa3ea0da15f328657d7b5b,0.044
15089887,1657123194.0,0x8383efe65c7c750f7a7e901c98608bd650177c45,0x213019b9e4c0eed9f4fa3ea0da15f328657d7b5b,0.022
15089887,1657123194.0,0x8bd46e15e14a04c859de2b8774d4b996b5848a7e,0x213019b9e4c0eed9f4fa3ea0da15f328657d7b5b,0.022
15089888,1657123223.0,0xb48ee7949de7d351ed92c8335e8f06bd51be1252,0x213019b9e4c0eed9f4fa3ea0da15f328657d7b5b,0.198
15089888,1657123223.0,0x021859ddd381057171ee9f47d6ffe0d231983df4,0x213019b9e4c0eed9f4fa3ea0da15f328657d7b5b,0.022
15089888,1657123223.0,0x460826fe2e8b4e7463ad9f9ed7eaf313d8e9dc51,0x213019b9e4c0eed9f4fa3ea0da15f328657d7b5b,0.022
15089888,1657123223.0,0x78ec08886d894c719f8a7a3fbc44b0f1c1d5bd93,0x213019b9e4c0eed9f4fa3ea0da15f328657d7b5b,0.044
15089888,1657123223.0,0xde992a01cb88ae017797a9644b17b336ec489174,0x213019b9e4c0eed9f4fa3ea0da15f328657d7b5b,0.022
15089888,1657123223.0,0xe34c6417358359ee64a8c41c8a36853d1f46b5f3,0x213019b9e4c0eed9f4fa3ea0da15f328657d7b5b,0.022
15089888,1657123223.0,0x1d75e2ec2ebccc1748eb8c3dd47ba5fa093964c8,0x213019b9e4c0eed9f4fa3ea0da15f328657d7b5b,0.066
15089888,1657123223.0,0x996fdf652ab7e9b768dd16a7c7b8456d6b7be63c,0x213019b9e4c0eed9f4fa3ea0da15f328657d7b5b,0.022
15089888,1657123223.0,0x0321b9780d5491e282ae39815722e60401b97df3,0x213019b9e4c0eed9f4fa3ea0da15f328657d7b5b,0.154
15089888,1657123223.0,0xafaae70176565c5ba9d6920d42ade113e5c10c8b,0x213019b9e4c0eed9f4fa3ea0da15f328657d7b5b,0.044
15089888,1657123223.0,0x7e484604c3e807f452b961475a39deb5a65aacac,0x213019b9e4c0eed9f4fa3ea0da15f328657d7b5b,0.066
15089888,1657123223.0,0xf00f1adc558ebe212d80f98e056145ca583950f0,0x213019b9e4c0eed9f4fa3ea0da15f328657d7b5b,0.022
15089888,1657123223.0,0xbc9bb6b2fcd8c3cd7a3475b8c8dca7d0196f5db8,0x213019b9e4c0eed9f4fa3ea0da15f328657d7b5b,0.044
15089888,1657123223.0,0x043b6d938920565c5cfe54a4d391a9c5fe38f3b8,0x213019b9e4c0eed9f4fa3ea0da15f328657d7b5b,0.022
15089888,1657123223.0,0x6bac94310d71fdcf7f1218a984b554d7d4fe1413,0x213019b9e4c0eed9f4fa3ea0da15f328657d7b5b,0.044
15089889,1657123240.0,0x7e0bed47bf81ae705a1b6e787bcd87a9ffd14435,0x213019b9e4c0eed9f4fa3ea0da15f328657d7b5b,0.11
15089889,1657123240.0,0x72719109f537f8044ff6745c4754fa47f6c01109,0x213019b9e4c0eed9f4fa3ea0da15f328657d7b5b,0.066
15089889,1657123240.0,0x344f1e77f6d71ac752e5e8840617b8337df19f39,0x213019b9e4c0eed9f4fa3ea0da15f328657d7b5b,0.022
15089889,1657123240.0,0xaab37a35edeb05c7f9dbe6d04c43a8a62ad8fd96,0x213019b9e4c0eed9f4fa3ea0da15f328657d7b5b,0.044
15089889,1657123240.0,0x6de34673a6d7f28b3e4cd54973e5a874a43c8d29,0x213019b9e4c0eed9f4fa3ea0da15f328657d7b5b,0.022
15089889,1657123240.0,0x89d881b7684ee7302bd2d3a556d763daba169f8c,0x213019b9e4c0eed9f4fa3ea0da15f328657d7b5b,0.022
15089889,1657123240.0,0x284e3f35ba042279c18bbb0a4d42b6796d056cd1,0x213019b9e4c0eed9f4fa3ea0da15f328657d7b5b,0.022
15089889,1657123240.0,0x2d8993b92c866c96c8bc07c7c7c4309613af4667,0x213019b9e4c0eed9f4fa3ea0da15f328657d7b5b,0.022
15089889,1657123240.0,0x76ff872798fc4636398b75b1b139473227d7f0fd,0x213019b9e4c0eed9f4fa3ea0da15f328657d7b5b,0.044
15089890,1657123255.0,0xed7735490c70d67fe17135d2c824e39c9128a1fb,0x213019b9e4c0eed9f4fa3ea0da15f328657d7b5b,0.022
15089890,1657123255.0,0x87c375a6637aceb10647e7ca547c1c464d7108fc,0x213019b9e4c0eed9f4fa3ea0da15f328657d7b5b,0.044
15089890,1657123255.0,0x3c5dbea52e4be196832d66a8c0ca4b4c28120fde,0x213019b9e4c0eed9f4fa3ea0da15f328657d7b5b,0.022
15089890,1657123255.0,0x1d75e2ec2ebccc1748eb8c3dd47ba5fa093964c8,0x213019b9e4c0eed9f4fa3ea0da15f328657d7b5b,0.132
15089891,1657123268.0,0xad04ceed9f37a7ec2c677a39ae71246c35d46a48,0x213019b9e4c0eed9f4fa3ea0da15f328657d7b5b,0.022
15089892,1657123277.0,0xc9f044ef0290559853173547c92637045e48b658,0x213019b9e4c0eed9f4fa3ea0da15f328657d7b5b,0.022
15089892,1657123277.0,0xbf0e8949b153df206088a4c4534715e5219787c2,0x213019b9e4c0eed9f4fa3ea0da15f328657d7b5b,0.022
15089892,1657123277.0,0x4ef5dfce691d4e4d9ae6efc60741b2fb2c8085a1,0x213019b9e4c0eed9f4fa3ea0da15f328657d7b5b,0.044
15089892,1657123277.0,0xc36edc1871004cadc8429010749e4b1b1880f23e,0x213019b9e4c0eed9f4fa3ea0da15f328657d7b5b,0.044
15089892,1657123277.0,0xfb4207e5691d37aaad1b2ed4d5817cd4b8233880,0x213019b9e4c0eed9f4fa3ea0da15f328657d7b5b,0.022
15089892,1657123277.0,0x624c629752d3b1465e7194a2cecd9d38effd2207,0x213019b9e4c0eed9f4fa3ea0da15f328657d7b5b,0.066
15089892,1657123277.0,0xe849cc84aeae282f9de9e0c6ce588d8fbb73ce6a,0x213019b9e4c0eed9f4fa3ea0da15f328657d7b5b,0.066
15089893,1657123290.0,0xf4a9bbc98a408a44c6fe7623e41219293956517a,0x213019b9e4c0eed9f4fa3ea0da15f328657d7b5b,0.022
15089893,1657123290.0,0x2001293d91d13fecbeb9a4252e392270c600fc98,0x213019b9e4c0eed9f4fa3ea0da15f328657d7b5b,0.022
15089893,1657123290.0,0xa9436a0e4bfd13d8eabf288435fc850d74d22026,0x213019b9e4c0eed9f4fa3ea0da15f328657d7b5b,0.022
15089893,1657123290.0,0xa9436a0e4bfd13d8eabf288435fc850d74d22026,0x213019b9e4c0eed9f4fa3ea0da15f328657d7b5b,0.022
15089893,1657123290.0,0xbef89431d1680a79a60c61a00323e35d10ce5227,0x213019b9e4c0eed9f4fa3ea0da15f328657d7b5b,0.044
15089893,1657123290.0,0xa9436a0e4bfd13d8eabf288435fc850d74d22026,0x213019b9e4c0eed9f4fa3ea0da15f328657d7b5b,0.022
15089893,1657123290.0,0xb21e4e88feef75d1eb15aa2316e95dd0dc53b4df,0x213019b9e4c0eed9f4fa3ea0da15f328657d7b5b,0.044
15089893,1657123290.0,0xaab37a35edeb05c7f9dbe6d04c43a8a62ad8fd96,0x213019b9e4c0eed9f4fa3ea0da15f328657d7b5b,0.044
15089893,1657123290.0,0xe34c6417358359ee64a8c41c8a36853d1f46b5f3,0x213019b9e4c0eed9f4fa3ea0da15f328657d7b5b,0.0
15089893,1657123290.0,0x96d84ec1f317f5d970442f68b4e1f2f3827face9,0x213019b9e4c0eed9f4fa3ea0da15f328657d7b5b,0.022
15089893,1657123290.0,0x6c647659949b8939b0ee819b8fe1005746aff45c,0x213019b9e4c0eed9f4fa3ea0da15f328657d7b5b,0.022
15089893,1657123290.0,0x98e8e7709f929932f3938297140cf74dd61e3b97,0x213019b9e4c0eed9f4fa3ea0da15f328657d7b5b,0.022
15089894,1657123340.0,0xc6d7425c44ed9ce936578f8c150b6e589f9b0b92,0x213019b9e4c0eed9f4fa3ea0da15f328657d7b5b,0.044
15089895,1657123347.0,0x89d881b7684ee7302bd2d3a556d763daba169f8c,0x213019b9e4c0eed9f4fa3ea0da15f328657d7b5b,0.022
15089895,1657123347.0,0x9adf68fd80652cdadac111ed7a0f59b28ce04acd,0x213019b9e4c0eed9f4fa3ea0da15f328657d7b5b,0.022
15089898,1657123377.0,0xce57e83128ac99726c44d30cb3252892ff471456,0x213019b9e4c0eed9f4fa3ea0da15f328657d7b5b,0.022
15089900,1657123382.0,0x2d8993b92c866c96c8bc07c7c7c4309613af4667,0x213019b9e4c0eed9f4fa3ea0da15f328657d7b5b,0.0
15089901,1657123397.0,0xb944c04850ed840eb598883d1a011457cffa2aea,0x213019b9e4c0eed9f4fa3ea0da15f328657d7b5b,0.022
15089906,1657123416.0,0x330a9dbddd38c9ed481dd0f5f45a4f8c1f587e69,0x213019b9e4c0eed9f4fa3ea0da15f328657d7b5b,0.022
15089906,1657123416.0,0x97b3c63649c56f47b4b6c18703d088dd41e2ea4e,0x213019b9e4c0eed9f4fa3ea0da15f328657d7b5b,0.022
15089906,1657123416.0,0x89d881b7684ee7302bd2d3a556d763daba169f8c,0x213019b9e4c0eed9f4fa3ea0da15f328657d7b5b,0.022
15089907,1657123455.0,0xaab37a35edeb05c7f9dbe6d04c43a8a62ad8fd96,0x213019b9e4c0eed9f4fa3ea0da15f328657d7b5b,0.0
15089907,1657123455.0,0x7ea35fd4702be10db77268f8e31fddbfd259f33e,0x213019b9e4c0eed9f4fa3ea0da15f328657d7b5b,0.022
15089908,1657123476.0,0x89d881b7684ee7302bd2d3a556d763daba169f8c,0x213019b9e4c0eed9f4fa3ea0da15f328657d7b5b,0.022
15089909,1657123483.0,0x14566d2937a1cbcedff22059ab7151f2c2d3cf16,0x213019b9e4c0eed9f4fa3ea0da15f328657d7b5b,0.066
15089910,1657123491.0,0xfb4207e5691d37aaad1b2ed4d5817cd4b8233880,0x213019b9e4c0eed9f4fa3ea0da15f328657d7b5b,0.022
15089911,1657123502.0,0xb944c04850ed840eb598883d1a011457cffa2aea,0x213019b9e4c0eed9f4fa3ea0da15f328657d7b5b,0.022
15089911,1657123502.0,0x3c5dbea52e4be196832d66a8c0ca4b4c28120fde,0x213019b9e4c0eed9f4fa3ea0da15f328657d7b5b,0.022
15089913,1657123529.0,0xaab37a35edeb05c7f9dbe6d04c43a8a62ad8fd96,0x213019b9e4c0eed9f4fa3ea0da15f328657d7b5b,0.022
15089913,1657123529.0,0x1e5d68b41b36eef49be75e28b4e92836adaee825,0x213019b9e4c0eed9f4fa3ea0da15f328657d7b5b,0.022
15089913,1657123529.0,0xc36edc1871004cadc8429010749e4b1b1880f23e,0x213019b9e4c0eed9f4fa3ea0da15f328657d7b5b,0.044
15089915,1657123552.0,0xce57e83128ac99726c44d30cb3252892ff471456,0x213019b9e4c0eed9f4fa3ea0da15f328657d7b5b,0.0
15089918,1657123575.0,0x8bd46e15e14a04c859de2b8774d4b996b5848a7e,0x213019b9e4c0eed9f4fa3ea0da15f328657d7b5b,0.066
15089918,1657123575.0,0x89d881b7684ee7302bd2d3a556d763daba169f8c,0x213019b9e4c0eed9f4fa3ea0da15f328657d7b5b,0.022
15089918,1657123575.0,0xc87114b32171983c99b2323daa575928a52fa854,0x213019b9e4c0eed9f4fa3ea0da15f328657d7b5b,0.022
15089918,1657123575.0,0x78ec08886d894c719f8a7a3fbc44b0f1c1d5bd93,0x213019b9e4c0eed9f4fa3ea0da15f328657d7b5b,0.0
15089918,1657123575.0,0x72719109f537f8044ff6745c4754fa47f6c01109,0x213019b9e4c0eed9f4fa3ea0da15f328657d7b5b,0.0
15089920,1657123632.0,0x80024ff3264744d3f941e3e8c7dde45e4403a2b4,0x213019b9e4c0eed9f4fa3ea0da15f328657d7b5b,0.0
15089920,1657123632.0,0x98e8e7709f929932f3938297140cf74dd61e3b97,0x213019b9e4c0eed9f4fa3ea0da15f328657d7b5b,0.022
15089921,1657123645.0,0x8bd46e15e14a04c859de2b8774d4b996b5848a7e,0x213019b9e4c0eed9f4fa3ea0da15f328657d7b5b,0.022
15089923,1657123681.0,0x7e0bed47bf81ae705a1b6e787bcd87a9ffd14435,0x213019b9e4c0eed9f4fa3ea0da15f328657d7b5b,0.0
15089923,1657123681.0,0xafd46336f5d4a94fe0c978eb3dcaa17c16181fc9,0x213019b9e4c0eed9f4fa3ea0da15f328657d7b5b,0.022
15089923,1657123681.0,0xc87114b32171983c99b2323daa575928a52fa854,0x213019b9e4c0eed9f4fa3ea0da15f328657d7b5b,0.022
15089924,1657123706.0,0xf00f1adc558ebe212d80f98e056145ca583950f0,0x213019b9e4c0eed9f4fa3ea0da15f328657d7b5b,0.0
15089926,1657123749.0,0x89d881b7684ee7302bd2d3a556d763daba169f8c,0x213019b9e4c0eed9f4fa3ea0da15f328657d7b5b,0.022
15089927,1657123758.0,0xc6d7425c44ed9ce936578f8c150b6e589f9b0b92,0x213019b9e4c0eed9f4fa3ea0da15f328657d7b5b,0.0
15089927,1657123758.0,0x7d0c1766507594e81f7ee323df5a2a73fcfe770c,0x213019b9e4c0eed9f4fa3ea0da15f328657d7b5b,0.044
15089928,1657123777.0,0x4df8ffebde1a4b1db667897e0e1ed4cddb840adf,0x213019b9e4c0eed9f4fa3ea0da15f328657d7b5b,0.022
15089936,1657123889.0,0xbf0e8949b153df206088a4c4534715e5219787c2,0x213019b9e4c0eed9f4fa3ea0da15f328657d7b5b,0.0
15089937,1657123891.0,0x89d881b7684ee7302bd2d3a556d763daba169f8c,0x213019b9e4c0eed9f4fa3ea0da15f328657d7b5b,0.0
15089937,1657123891.0,0xf9fe0c26eee443ce5f4e6da7e948166fa94194b7,0x213019b9e4c0eed9f4fa3ea0da15f328657d7b5b,0.022
15089938,1657123895.0,0xc26f2dbf0e1946f7c4f3f444e44959a55f8516af,0x213019b9e4c0eed9f4fa3ea0da15f328657d7b5b,0.044
15089941,1657123919.0,0xc7ef34b8af70641922c346216271ff208ce174ff,0x213019b9e4c0eed9f4fa3ea0da15f328657d7b5b,0.022
15089942,1657123935.0,0x593252a24371a73c1d355616b1f75f5c9514f371,0x213019b9e4c0eed9f4fa3ea0da15f328657d7b5b,0.022
15089945,1657123962.0,0xc87114b32171983c99b2323daa575928a52fa854,0x213019b9e4c0eed9f4fa3ea0da15f328657d7b5b,0.0
15089946,1657123974.0,0xafd46336f5d4a94fe0c978eb3dcaa17c16181fc9,0x213019b9e4c0eed9f4fa3ea0da15f328657d7b5b,0.0
15089947,1657123998.0,0x98e8e7709f929932f3938297140cf74dd61e3b97,0x213019b9e4c0eed9f4fa3ea0da15f328657d7b5b,0.0
15089948,1657124003.0,0xa89f43acb20708b63e79a4a72ebe6a5f09c9989b,0x213019b9e4c0eed9f4fa3ea0da15f328657d7b5b,0.066
15089949,1657124035.0,0xc26f2dbf0e1946f7c4f3f444e44959a55f8516af,0x213019b9e4c0eed9f4fa3ea0da15f328657d7b5b,0.066
15089950,1657124055.0,0x3c5dbea52e4be196832d66a8c0ca4b4c28120fde,0x213019b9e4c0eed9f4fa3ea0da15f328657d7b5b,0.0
15089950,1657124055.0,0xc36edc1871004cadc8429010749e4b1b1880f23e,0x213019b9e4c0eed9f4fa3ea0da15f328657d7b5b,0.0
15089952,1657124086.0,0xc8dc03d60b553bb9f8c9b3ec7cb90cf2f404e395,0x213019b9e4c0eed9f4fa3ea0da15f328657d7b5b,0.022
15089953,1657124098.0,0x6de34673a6d7f28b3e4cd54973e5a874a43c8d29,0x213019b9e4c0eed9f4fa3ea0da15f328657d7b5b,0.022
15089957,1657124105.0,0xa89f43acb20708b63e79a4a72ebe6a5f09c9989b,0x213019b9e4c0eed9f4fa3ea0da15f328657d7b5b,0.044
15089957,1657124105.0,0xf9fe0c26eee443ce5f4e6da7e948166fa94194b7,0x213019b9e4c0eed9f4fa3ea0da15f328657d7b5b,0.0
15089960,1657124156.0,0x14566d2937a1cbcedff22059ab7151f2c2d3cf16,0x213019b9e4c0eed9f4fa3ea0da15f328657d7b5b,0.022
15089967,1657124227.0,0x0321b9780d5491e282ae39815722e60401b97df3,0x213019b9e4c0eed9f4fa3ea0da15f328657d7b5b,0.0
15089967,1657124227.0,0x3db419fba73a03ce5e3b7761086b25a9727e3104,0x213019b9e4c0eed9f4fa3ea0da15f328657d7b5b,0.044
15089968,1657124266.0,0xb944c04850ed840eb598883d1a011457cffa2aea,0x213019b9e4c0eed9f4fa3ea0da15f328657d7b5b,0.022
15089973,1657124328.0,0xc26f2dbf0e1946f7c4f3f444e44959a55f8516af,0x213019b9e4c0eed9f4fa3ea0da15f328657d7b5b,0.0
15089974,1657124345.0,0x4df8ffebde1a4b1db667897e0e1ed4cddb840adf,0x213019b9e4c0eed9f4fa3ea0da15f328657d7b5b,0.022
15089975,1657124364.0,0x0a3794ea249045faf431c59da954a97f4f771ce7,0x213019b9e4c0eed9f4fa3ea0da15f328657d7b5b,0.022
15089975,1657124364.0,0x5403e9dc6e2debe26a5e9a0c10031edc17535fce,0x213019b9e4c0eed9f4fa3ea0da15f328657d7b5b,0.044
15089976,1657124399.0,0x14566d2937a1cbcedff22059ab7151f2c2d3cf16,0x213019b9e4c0eed9f4fa3ea0da15f328657d7b5b,0.0
15089976,1657124399.0,0x30eedd4ea7e1959fc9d6879cd26f1d8baabbc5f6,0x213019b9e4c0eed9f4fa3ea0da15f328657d7b5b,0.022
15089982,1657124484.0,0x94d1f285d2bb3d4db2de39338dedb9292dfa00f6,0x213019b9e4c0eed9f4fa3ea0da15f328657d7b5b,0.044
15089982,1657124484.0,0x146b458244ef3803ec44b724482b9c0516cf0d36,0x213019b9e4c0eed9f4fa3ea0da15f328657d7b5b,0.022
15089985,1657124523.0,0x52d2d0eefc62d34c393eab21cde8b1c94792f534,0x213019b9e4c0eed9f4fa3ea0da15f328657d7b5b,0.066
15089987,1657124557.0,0x593252a24371a73c1d355616b1f75f5c9514f371,0x213019b9e4c0eed9f4fa3ea0da15f328657d7b5b,0.0
15089989,1657124582.0,0x1dbb0cdf7646f3a42de58febb0607989ddae1795,0x213019b9e4c0eed9f4fa3ea0da15f328657d7b5b,0.022
15089990,1657124604.0,0xc638b870a56abee93b33e5087d83baf8c2061239,0x213019b9e4c0eed9f4fa3ea0da15f328657d7b5b,0.044
15089998,1657124658.0,0x71b1155680565bcc9efc6d952ce82ec2420caf8b,0x213019b9e4c0eed9f4fa3ea0da15f328657d7b5b,0.022
15090000,1657124708.0,0x1e5d68b41b36eef49be75e28b4e92836adaee825,0x213019b9e4c0eed9f4fa3ea0da15f328657d7b5b,0.0
15090001,1657124736.0,0xc8dc03d60b553bb9f8c9b3ec7cb90cf2f404e395,0x213019b9e4c0eed9f4fa3ea0da15f328657d7b5b,0.0
15090004,1657124780.0,0x89d881b7684ee7302bd2d3a556d763daba169f8c,0x213019b9e4c0eed9f4fa3ea0da15f328657d7b5b,0.022
15090012,1657124895.0,0xb417e3ee8f94bd084467564ed82725640eec4e14,0x213019b9e4c0eed9f4fa3ea0da15f328657d7b5b,0.11
15090012,1657124895.0,0x179b7c5293f9aa544dc0f5b67d6b14f5ae38ba02,0x213019b9e4c0eed9f4fa3ea0da15f328657d7b5b,0.022
15090025,1657125050.0,0xa9436a0e4bfd13d8eabf288435fc850d74d22026,0x213019b9e4c0eed9f4fa3ea0da15f328657d7b5b,0.0
15090034,1657125152.0,0xf4a9bbc98a408a44c6fe7623e41219293956517a,0x213019b9e4c0eed9f4fa3ea0da15f328657d7b5b,0.0
15090043,1657125292.0,0x957848001cc7b5e20a73dcc856497dd76ba6cf9e,0x213019b9e4c0eed9f4fa3ea0da15f328657d7b5b,0.022
15090058,1657125531.0,0x7de7dd7347ef922ad799852d218358f34cdf7a2c,0x213019b9e4c0eed9f4fa3ea0da15f328657d7b5b,0.022
15090062,1657125590.0,0x593252a24371a73c1d355616b1f75f5c9514f371,0x213019b9e4c0eed9f4fa3ea0da15f328657d7b5b,0.022
15090082,1657125840.0,0x8280b08f90363ec123f8cb7ff0b5b265d05cf287,0x213019b9e4c0eed9f4fa3ea0da15f328657d7b5b,0.022
15090087,1657125909.0,0x40158e1d5eaa2dc589552464010fe81b1b3a23f5,0x213019b9e4c0eed9f4fa3ea0da15f328657d7b5b,0.022
15090092,1657125969.0,0x593252a24371a73c1d355616b1f75f5c9514f371,0x213019b9e4c0eed9f4fa3ea0da15f328657d7b5b,0.0
15090094,1657125975.0,0x609730ba0f1fdf89076e98028e6be5d80e059393,0x213019b9e4c0eed9f4fa3ea0da15f328657d7b5b,0.022
15090102,1657126017.0,0x8280b08f90363ec123f8cb7ff0b5b265d05cf287,0x213019b9e4c0eed9f4fa3ea0da15f328657d7b5b,0.022
15090105,1657126055.0,0xdc89794b1ae39798e4dc9c14f80aa9d7b6df3741,0x213019b9e4c0eed9f4fa3ea0da15f328657d7b5b,0.022
15090107,1657126061.0,0x14d4847380bf5d1101f823dd838f75d961637f5c,0x213019b9e4c0eed9f4fa3ea0da15f328657d7b5b,0.066
15090107,1657126061.0,0x410538faa3a7324ba33c9882bf607d4c064a158b,0x213019b9e4c0eed9f4fa3ea0da15f328657d7b5b,0.044
15090116,1657126184.0,0xf42d9964077058f1ab13ac4ce71679f160a36b33,0x213019b9e4c0eed9f4fa3ea0da15f328657d7b5b,0.022
15090121,1657126231.0,0x138c6618427b52a64502e09484abb66f44e62a2a,0x213019b9e4c0eed9f4fa3ea0da15f328657d7b5b,0.022
15090121,1657126231.0,0xd2ce06839f750fd49d7509d4550b243dae21dddb,0x213019b9e4c0eed9f4fa3ea0da15f328657d7b5b,0.022
15090121,1657126231.0,0x71b1155680565bcc9efc6d952ce82ec2420caf8b,0x213019b9e4c0eed9f4fa3ea0da15f328657d7b5b,0.022
15090125,1657126303.0,0xd60371c7901ea5e47b5b6414798a19ccc62dcc03,0x213019b9e4c0eed9f4fa3ea0da15f328657d7b5b,0.044
15090125,1657126303.0,0x138c6618427b52a64502e09484abb66f44e62a2a,0x213019b9e4c0eed9f4fa3ea0da15f328657d7b5b,0.022
15090128,1657126401.0,0x63b9f2d1ae256a5cb61fb2c9f388a91f3534d8e8,0x213019b9e4c0eed9f4fa3ea0da15f328657d7b5b,0.022
15090129,1657126443.0,0x7738e662c4385c995882b72ac2149014dfa3c986,0x213019b9e4c0eed9f4fa3ea0da15f328657d7b5b,0.022
15090130,1657126455.0,0xf51385117bc59ae2465727e9b0a11fd08b778e22,0x213019b9e4c0eed9f4fa3ea0da15f328657d7b5b,0.022
15090136,1657126563.0,0x5403e9dc6e2debe26a5e9a0c10031edc17535fce,0x213019b9e4c0eed9f4fa3ea0da15f328657d7b5b,0.0
15090172,1657127048.0,0xd7d73a22357edcd2853e6dca95fbac332c2640b3,0x213019b9e4c0eed9f4fa3ea0da15f328657d7b5b,0.022
15090186,1657127257.0,0xd60371c7901ea5e47b5b6414798a19ccc62dcc03,0x213019b9e4c0eed9f4fa3ea0da15f328657d7b5b,0.044
15090203,1657127447.0,0xb21e4e88feef75d1eb15aa2316e95dd0dc53b4df,0x213019b9e4c0eed9f4fa3ea0da15f328657d7b5b,0.0
15090211,1657127551.0,0x76ff872798fc4636398b75b1b139473227d7f0fd,0x213019b9e4c0eed9f4fa3ea0da15f328657d7b5b,0.0
15090219,1657127648.0,0xd60371c7901ea5e47b5b6414798a19ccc62dcc03,0x213019b9e4c0eed9f4fa3ea0da15f328657d7b5b,0.0
15090224,1657127705.0,0x324ca541c9e5aca5a563a112532831d424740f44,0x213019b9e4c0eed9f4fa3ea0da15f328657d7b5b,0.044
15090224,1657127705.0,0x284e3f35ba042279c18bbb0a4d42b6796d056cd1,0x213019b9e4c0eed9f4fa3ea0da15f328657d7b5b,0.0
15090225,1657127731.0,0x410538faa3a7324ba33c9882bf607d4c064a158b,0x213019b9e4c0eed9f4fa3ea0da15f328657d7b5b,0.0
15090240,1657127867.0,0x30eedd4ea7e1959fc9d6879cd26f1d8baabbc5f6,0x213019b9e4c0eed9f4fa3ea0da15f328657d7b5b,0.0
15090250,1657128050.0,0x76d0c82d6ebc00f994e16ed8edda8ae6e206e68e,0x213019b9e4c0eed9f4fa3ea0da15f328657d7b5b,0.022
15090252,1657128092.0,0x8383efe65c7c750f7a7e901c98608bd650177c45,0x213019b9e4c0eed9f4fa3ea0da15f328657d7b5b,0.0
15090253,1657128115.0,0x76d0c82d6ebc00f994e16ed8edda8ae6e206e68e,0x213019b9e4c0eed9f4fa3ea0da15f328657d7b5b,0.022
15090265,1657128233.0,0x996fdf652ab7e9b768dd16a7c7b8456d6b7be63c,0x213019b9e4c0eed9f4fa3ea0da15f328657d7b5b,0.0
15090274,1657128311.0,0x957848001cc7b5e20a73dcc856497dd76ba6cf9e,0x213019b9e4c0eed9f4fa3ea0da15f328657d7b5b,0.0
15090274,1657128311.0,0xb88ddbf836934a12c5071df99cd7a9997487f35d,0x213019b9e4c0eed9f4fa3ea0da15f328657d7b5b,0.022
15090284,1657128504.0,0x53667436fc6a257d0c64624b9a660370420ec46c,0x213019b9e4c0eed9f4fa3ea0da15f328657d7b5b,0.022
15090297,1657128667.0,0xdaf780714ce4931f98129060445fc6eb4ab73bb1,0x213019b9e4c0eed9f4fa3ea0da15f328657d7b5b,0.044
15090300,1657128755.0,0xd7d73a22357edcd2853e6dca95fbac332c2640b3,0x213019b9e4c0eed9f4fa3ea0da15f328657d7b5b,0.0
15090320,1657128965.0,0xc638b870a56abee93b33e5087d83baf8c2061239,0x213019b9e4c0eed9f4fa3ea0da15f328657d7b5b,0.0
15090350,1657129330.0,0x7ea35fd4702be10db77268f8e31fddbfd259f33e,0x213019b9e4c0eed9f4fa3ea0da15f328657d7b5b,0.0
15090351,1657129363.0,0x8837aedc77cfadd23a06126fdb2a13a2232c7d3f,0x213019b9e4c0eed9f4fa3ea0da15f328657d7b5b,0.044
15090355,1657129418.0,0x7e484604c3e807f452b961475a39deb5a65aacac,0x213019b9e4c0eed9f4fa3ea0da15f328657d7b5b,0.0
15090409,1657130075.0,0x35c6a7604a4fcf057554b6d319b717749f35d09e,0x213019b9e4c0eed9f4fa3ea0da15f328657d7b5b,0.022
15090409,1657130075.0,0xb417e3ee8f94bd084467564ed82725640eec4e14,0x213019b9e4c0eed9f4fa3ea0da15f328657d7b5b,0.0
15090430,1657130308.0,0x6a1ee20ed1646fdedfcd94a57ac8f8a94fda3821,0x213019b9e4c0eed9f4fa3ea0da15f328657d7b5b,0.022
15090431,1657130338.0,0x1e500b779cbf0051a98c73918d20f06e02c35850,0x213019b9e4c0eed9f4fa3ea0da15f328657d7b5b,0.022
15090435,1657130407.0,0x53667436fc6a257d0c64624b9a660370420ec46c,0x213019b9e4c0eed9f4fa3ea0da15f328657d7b5b,0.0
15090437,1657130446.0,0xd20d9248977f955b9e0405987713e4257763c3df,0x213019b9e4c0eed9f4fa3ea0da15f328657d7b5b,0.088
15090443,1657130517.0,0x609730ba0f1fdf89076e98028e6be5d80e059393,0x213019b9e4c0eed9f4fa3ea0da15f328657d7b5b,0.0
15090449,1657130598.0,0x969bc1275ab0f2ba81ced09b3683fa3b914199c9,0x213019b9e4c0eed9f4fa3ea0da15f328657d7b5b,0.088
15090451,1657130659.0,0x5a39e88c982c2a8a97ae9800b1584d4c8864d914,0x213019b9e4c0eed9f4fa3ea0da15f328657d7b5b,0.022
15090455,1657130690.0,0x9491ff3000409d9f6160bda41cc94ae67aa0db83,0x213019b9e4c0eed9f4fa3ea0da15f328657d7b5b,0.022
15090506,1657131357.0,0x969bc1275ab0f2ba81ced09b3683fa3b914199c9,0x213019b9e4c0eed9f4fa3ea0da15f328657d7b5b,0.088
15090531,1657131607.0,0x969bc1275ab0f2ba81ced09b3683fa3b914199c9,0x213019b9e4c0eed9f4fa3ea0da15f328657d7b5b,0.0
15090532,1657131628.0,0x8bd46e15e14a04c859de2b8774d4b996b5848a7e,0x213019b9e4c0eed9f4fa3ea0da15f328657d7b5b,0.066
15090583,1657132527.0,0x882da2697fa179ce2db27c53c3d74386d3930ead,0x213019b9e4c0eed9f4fa3ea0da15f328657d7b5b,0.022
15090600,1657132675.0,0x95d1ff184c71c41be9cfabed9d0832cfed622642,0x213019b9e4c0eed9f4fa3ea0da15f328657d7b5b,0.022
15090686,1657133925.0,0x52d2d0eefc62d34c393eab21cde8b1c94792f534,0x213019b9e4c0eed9f4fa3ea0da15f328657d7b5b,0.0
15090705,1657134115.0,0x57b18c6717a2b1dcf94351d7c6167691425737dc,0x213019b9e4c0eed9f4fa3ea0da15f328657d7b5b,0.022
15090723,1657134289.0,0x9f2864493444ef11ec1759969e23fc94193fe16b,0x213019b9e4c0eed9f4fa3ea0da15f328657d7b5b,0.066
15090757,1657134764.0,0x4e01dc4f05e35935e4f9efc9e4c6e0aa7a8d6eaf,0x213019b9e4c0eed9f4fa3ea0da15f328657d7b5b,0.11
15090816,1657135589.0,0x4ea58393ffed8af72e3c0188de8fda3f8774fff6,0x213019b9e4c0eed9f4fa3ea0da15f328657d7b5b,0.022
15090822,1657135679.0,0x95d1ff184c71c41be9cfabed9d0832cfed622642,0x213019b9e4c0eed9f4fa3ea0da15f328657d7b5b,0.0
15090826,1657135738.0,0x89d881b7684ee7302bd2d3a556d763daba169f8c,0x213019b9e4c0eed9f4fa3ea0da15f328657d7b5b,0.044
15090841,1657135897.0,0x89d881b7684ee7302bd2d3a556d763daba169f8c,0x213019b9e4c0eed9f4fa3ea0da15f328657d7b5b,0.022
15090892,1657136636.0,0x5a39e88c982c2a8a97ae9800b1584d4c8864d914,0x213019b9e4c0eed9f4fa3ea0da15f328657d7b5b,0.022
15090896,1657136673.0,0xbb83c5ba427100d3d7f40574e0e422c660518804,0x213019b9e4c0eed9f4fa3ea0da15f328657d7b5b,0.022
15090904,1657136747.0,0xbb83c5ba427100d3d7f40574e0e422c660518804,0x213019b9e4c0eed9f4fa3ea0da15f328657d7b5b,0.022
15090905,1657136780.0,0x63de2709a42dceae27b834379f79b6710415741f,0x213019b9e4c0eed9f4fa3ea0da15f328657d7b5b,0.022
15090916,1657137017.0,0xbb83c5ba427100d3d7f40574e0e422c660518804,0x213019b9e4c0eed9f4fa3ea0da15f328657d7b5b,0.0
15090920,1657137065.0,0xbb83c5ba427100d3d7f40574e0e422c660518804,0x213019b9e4c0eed9f4fa3ea0da15f328657d7b5b,0.044
15090955,1657137344.0,0xbb83c5ba427100d3d7f40574e0e422c660518804,0x213019b9e4c0eed9f4fa3ea0da15f328657d7b5b,0.022
15090991,1657137714.0,0x330a9dbddd38c9ed481dd0f5f45a4f8c1f587e69,0x213019b9e4c0eed9f4fa3ea0da15f328657d7b5b,0.0
15090998,1657137764.0,0xbbaacea3c750ba5309f77d4a3b1a5da41c6dba72,0x213019b9e4c0eed9f4fa3ea0da15f328657d7b5b,0.066
15091008,1657137835.0,0x723fc3c018a3c0cce68d4332547dca4ff0486d28,0x213019b9e4c0eed9f4fa3ea0da15f328657d7b5b,0.044
15091160,1657139785.0,0x0eefaa2e1a7248cb00f6e2c88b40039c640a30e9,0x213019b9e4c0eed9f4fa3ea0da15f328657d7b5b,0.022
15091215,1657140424.0,0x4e1999de4a7d11f39859ced6a3bbc2cc12047064,0x213019b9e4c0eed9f4fa3ea0da15f328657d7b5b,0.0
15091223,1657140556.0,0x179b7c5293f9aa544dc0f5b67d6b14f5ae38ba02,0x213019b9e4c0eed9f4fa3ea0da15f328657d7b5b,0.0
15091251,1657140936.0,0x97d2190a0d257d57153b15607d38e6489d029676,0x213019b9e4c0eed9f4fa3ea0da15f328657d7b5b,0.022
15091275,1657141239.0,0x403d7778da35a0c6ea65d6379799803d10f5057e,0x213019b9e4c0eed9f4fa3ea0da15f328657d7b5b,0.022
15091293,1657141461.0,0xf5a58b61067b68c8e559ec98db9fdf3d5844482e,0x213019b9e4c0eed9f4fa3ea0da15f328657d7b5b,0.066
15091306,1657141606.0,0x80f3a66081d876fa03be57bd07767bb89a960a6e,0x213019b9e4c0eed9f4fa3ea0da15f328657d7b5b,0.022
15091307,1657141612.0,0xf5a58b61067b68c8e559ec98db9fdf3d5844482e,0x213019b9e4c0eed9f4fa3ea0da15f328657d7b5b,0.066
15091310,1657141649.0,0xf5a58b61067b68c8e559ec98db9fdf3d5844482e,0x213019b9e4c0eed9f4fa3ea0da15f328657d7b5b,0.088
15091313,1657141672.0,0x80f3a66081d876fa03be57bd07767bb89a960a6e,0x213019b9e4c0eed9f4fa3ea0da15f328657d7b5b,0.0
15091327,1657141928.0,0xd467cc94a7e8d22d23a65c3fb9f6115944cfded7,0x213019b9e4c0eed9f4fa3ea0da15f328657d7b5b,0.022
15091385,1657142645.0,0x586a69e48afd09d17722c654eeb428b4edee26b6,0x213019b9e4c0eed9f4fa3ea0da15f328657d7b5b,0.022
15091390,1657142678.0,0x712718858e48af0e62caebaeb4cc54fa2ea18e09,0x213019b9e4c0eed9f4fa3ea0da15f328657d7b5b,0.022
15091392,1657142707.0,0x712718858e48af0e62caebaeb4cc54fa2ea18e09,0x213019b9e4c0eed9f4fa3ea0da15f328657d7b5b,0.022
15091450,1657143456.0,0x69afa267a8de8c7b4afd84a522cf65a8247ffb83,0x213019b9e4c0eed9f4fa3ea0da15f328657d7b5b,0.022
15091536,1657144480.0,0x811835e9190d8813d05db0080503ab075ffca0a1,0x213019b9e4c0eed9f4fa3ea0da15f328657d7b5b,0.022
15091789,1657147909.0,0x712718858e48af0e62caebaeb4cc54fa2ea18e09,0x213019b9e4c0eed9f4fa3ea0da15f328657d7b5b,0.0
15091804,1657148126.0,0x18ffee4948f99b3387a465301ec5098e5189efdc,0x213019b9e4c0eed9f4fa3ea0da15f328657d7b5b,0.022
15091804,1657148126.0,0xb1b6872f71339b7399c1c77d18818c53f7128a72,0x213019b9e4c0eed9f4fa3ea0da15f328657d7b5b,0.0
15091854,1657148843.0,0x18ffee4948f99b3387a465301ec5098e5189efdc,0x213019b9e4c0eed9f4fa3ea0da15f328657d7b5b,0.0
15091927,1657149780.0,0xfb184bf5a1d142caa2e4972cecc312af403226c0,0x213019b9e4c0eed9f4fa3ea0da15f328657d7b5b,0.022
15091946,1657150085.0,0xfb184bf5a1d142caa2e4972cecc312af403226c0,0x213019b9e4c0eed9f4fa3ea0da15f328657d7b5b,0.0
15092047,1657151335.0,0xb88ddbf836934a12c5071df99cd7a9997487f35d,0x213019b9e4c0eed9f4fa3ea0da15f328657d7b5b,0.0
15092048,1657151364.0,0xf42d9964077058f1ab13ac4ce71679f160a36b33,0x213019b9e4c0eed9f4fa3ea0da15f328657d7b5b,0.0
15092242,1657154046.0,0xf14acdff74ef323cfbe8f298c61ad73036a6c492,0x213019b9e4c0eed9f4fa3ea0da15f328657d7b5b,0.022
15092315,1657155014.0,0x5cd3ebab174b1c52ef2fb7ae793c7696fbfeda6d,0x213019b9e4c0eed9f4fa3ea0da15f328657d7b5b,0.11
15092320,1657155070.0,0x6de34673a6d7f28b3e4cd54973e5a874a43c8d29,0x213019b9e4c0eed9f4fa3ea0da15f328657d7b5b,0.0
15092366,1657155592.0,0x1771756973043bf145468fa75d86887b3bb07783,0x213019b9e4c0eed9f4fa3ea0da15f328657d7b5b,0.0
15092577,1657158652.0,0x5cd3ebab174b1c52ef2fb7ae793c7696fbfeda6d,0x213019b9e4c0eed9f4fa3ea0da15f328657d7b5b,0.0
15092684,1657159976.0,0x0de6316189f69b51f38c05531e61d4d28d9c3c2f,0x213019b9e4c0eed9f4fa3ea0da15f328657d7b5b,0.044
15092688,1657159991.0,0x0de6316189f69b51f38c05531e61d4d28d9c3c2f,0x213019b9e4c0eed9f4fa3ea0da15f328657d7b5b,0.044
15092844,1657162370.0,0x5cd3ebab174b1c52ef2fb7ae793c7696fbfeda6d,0x213019b9e4c0eed9f4fa3ea0da15f328657d7b5b,0.11
15092894,1657163055.0,0x4fc779ff37ed48b00567345b263ddd0fefbefd32,0x213019b9e4c0eed9f4fa3ea0da15f328657d7b5b,0.022
15092903,1657163143.0,0x7953a97507a4e755790160bbb81375f869521594,0x213019b9e4c0eed9f4fa3ea0da15f328657d7b5b,0.044
15092920,1657163410.0,0x16ecdc7e32c2cbe17d5a490b6f044bcfc8e7ea11,0x213019b9e4c0eed9f4fa3ea0da15f328657d7b5b,0.022
15092925,1657163474.0,0x420304a0eb1039e04b2589698579eb8298e46d41,0x213019b9e4c0eed9f4fa3ea0da15f328657d7b5b,0.022
15092928,1657163567.0,0x28bc2edeb19e10e969460c67836b6850885a3292,0x213019b9e4c0eed9f4fa3ea0da15f328657d7b5b,0.066
15092931,1657163612.0,0x6bac94310d71fdcf7f1218a984b554d7d4fe1413,0x213019b9e4c0eed9f4fa3ea0da15f328657d7b5b,0.0
15092945,1657163955.0,0x0883841bae76bf8ac1ecd5c8502ca9a7253d8edb,0x213019b9e4c0eed9f4fa3ea0da15f328657d7b5b,0.022
15093058,1657165651.0,0x459d377981233e565aa4f06fe6dc823ea46631ca,0x213019b9e4c0eed9f4fa3ea0da15f328657d7b5b,0.022
15093126,1657166424.0,0x37da1f423fef5a19fc8197f03af716c7d4d98842,0x213019b9e4c0eed9f4fa3ea0da15f328657d7b5b,0.088
15093152,1657166819.0,0x38319e74cefe77b62fec8e7a2ab81318727f46c7,0x213019b9e4c0eed9f4fa3ea0da15f328657d7b5b,0.044
15093163,1657166960.0,0xb9f57eb37eb84fb699d2ff9a845a2cd019db9b1c,0x213019b9e4c0eed9f4fa3ea0da15f328657d7b5b,0.044
15093357,1657169344.0,0x63de2709a42dceae27b834379f79b6710415741f,0x213019b9e4c0eed9f4fa3ea0da15f328657d7b5b,0.0
15093565,1657172211.0,0x21c04c6548ae9fdc621c8b85373af36e0cccf82e,0x213019b9e4c0eed9f4fa3ea0da15f328657d7b5b,0.022
15093603,1657172637.0,0x0883841bae76bf8ac1ecd5c8502ca9a7253d8edb,0x213019b9e4c0eed9f4fa3ea0da15f328657d7b5b,0.0
15093730,1657174533.0,0xcc256488e8e4b8beae6e99b86972fcc1e2aa29b4,0x213019b9e4c0eed9f4fa3ea0da15f328657d7b5b,0.022
15093756,1657174767.0,0x799b25f5c475485fa343a91d40fa1ec5a80efb7d,0x213019b9e4c0eed9f4fa3ea0da15f328657d7b5b,0.022
15093772,1657174918.0,0x4df8ffebde1a4b1db667897e0e1ed4cddb840adf,0x213019b9e4c0eed9f4fa3ea0da15f328657d7b5b,0.0
15093779,1657175009.0,0x52791f7cfd7c922a4d19feedc1635ccd345b03a8,0x213019b9e4c0eed9f4fa3ea0da15f328657d7b5b,0.022
15093813,1657175393.0,0xbbaacea3c750ba5309f77d4a3b1a5da41c6dba72,0x213019b9e4c0eed9f4fa3ea0da15f328657d7b5b,0.0
15093814,1657175408.0,0x52791f7cfd7c922a4d19feedc1635ccd345b03a8,0x213019b9e4c0eed9f4fa3ea0da15f328657d7b5b,0.0
15093818,1657175479.0,0xfbfd1f933748e01d32e7ab23de50cebdd16b5a8f,0x213019b9e4c0eed9f4fa3ea0da15f328657d7b5b,0.22
15093821,1657175552.0,0xfbfd1f933748e01d32e7ab23de50cebdd16b5a8f,0x213019b9e4c0eed9f4fa3ea0da15f328657d7b5b,0.22
15093823,1657175585.0,0xfbfd1f933748e01d32e7ab23de50cebdd16b5a8f,0x213019b9e4c0eed9f4fa3ea0da15f328657d7b5b,0.22
15093830,1657175642.0,0xfbfd1f933748e01d32e7ab23de50cebdd16b5a8f,0x213019b9e4c0eed9f4fa3ea0da15f328657d7b5b,0.22
15093836,1657175694.0,0xfbfd1f933748e01d32e7ab23de50cebdd16b5a8f,0x213019b9e4c0eed9f4fa3ea0da15f328657d7b5b,0.22
15093838,1657175730.0,0xfbfd1f933748e01d32e7ab23de50cebdd16b5a8f,0x213019b9e4c0eed9f4fa3ea0da15f328657d7b5b,0.22
15093841,1657175765.0,0xfbfd1f933748e01d32e7ab23de50cebdd16b5a8f,0x213019b9e4c0eed9f4fa3ea0da15f328657d7b5b,0.22
15093844,1657175800.0,0xfbfd1f933748e01d32e7ab23de50cebdd16b5a8f,0x213019b9e4c0eed9f4fa3ea0da15f328657d7b5b,0.22
15093846,1657175859.0,0xfbfd1f933748e01d32e7ab23de50cebdd16b5a8f,0x213019b9e4c0eed9f4fa3ea0da15f328657d7b5b,0.22
15093850,1657175884.0,0xfbfd1f933748e01d32e7ab23de50cebdd16b5a8f,0x213019b9e4c0eed9f4fa3ea0da15f328657d7b5b,0.22
15093895,1657176548.0,0xfbfd1f933748e01d32e7ab23de50cebdd16b5a8f,0x213019b9e4c0eed9f4fa3ea0da15f328657d7b5b,0.22
15093897,1657176585.0,0xfbfd1f933748e01d32e7ab23de50cebdd16b5a8f,0x213019b9e4c0eed9f4fa3ea0da15f328657d7b5b,0.22
15093900,1657176608.0,0xfbfd1f933748e01d32e7ab23de50cebdd16b5a8f,0x213019b9e4c0eed9f4fa3ea0da15f328657d7b5b,0.22
15093906,1657176683.0,0xfbfd1f933748e01d32e7ab23de50cebdd16b5a8f,0x213019b9e4c0eed9f4fa3ea0da15f328657d7b5b,0.22
15093910,1657176741.0,0xfbfd1f933748e01d32e7ab23de50cebdd16b5a8f,0x213019b9e4c0eed9f4fa3ea0da15f328657d7b5b,0.22
15093913,1657176768.0,0xfbfd1f933748e01d32e7ab23de50cebdd16b5a8f,0x213019b9e4c0eed9f4fa3ea0da15f328657d7b5b,0.22
15093916,1657176802.0,0xfbfd1f933748e01d32e7ab23de50cebdd16b5a8f,0x213019b9e4c0eed9f4fa3ea0da15f328657d7b5b,0.22
15093917,1657176822.0,0xfbfd1f933748e01d32e7ab23de50cebdd16b5a8f,0x213019b9e4c0eed9f4fa3ea0da15f328657d7b5b,0.22
15093919,1657176864.0,0xfbfd1f933748e01d32e7ab23de50cebdd16b5a8f,0x213019b9e4c0eed9f4fa3ea0da15f328657d7b5b,0.22
15093927,1657176950.0,0xfbfd1f933748e01d32e7ab23de50cebdd16b5a8f,0x213019b9e4c0eed9f4fa3ea0da15f328657d7b5b,0.22
15093982,1657177653.0,0x9745570971e258dd771a60b097040dac6a08d454,0x213019b9e4c0eed9f4fa3ea0da15f328657d7b5b,0.0
15094017,1657178217.0,0xf166275cd1d735dd449120d8a3b1a3c29b957005,0x213019b9e4c0eed9f4fa3ea0da15f328657d7b5b,0.066
15094033,1657178429.0,0xf166275cd1d735dd449120d8a3b1a3c29b957005,0x213019b9e4c0eed9f4fa3ea0da15f328657d7b5b,0.022
15094136,1657179689.0,0xed972d945e3aec807b1c8f10ac11ec2d68b71883,0x213019b9e4c0eed9f4fa3ea0da15f328657d7b5b,0.022
15094180,1657180279.0,0x403d7778da35a0c6ea65d6379799803d10f5057e,0x213019b9e4c0eed9f4fa3ea0da15f328657d7b5b,0.022
15094286,1657181602.0,0x32d9e641035df1129a37f6fa1d6962c62af2e20d,0x213019b9e4c0eed9f4fa3ea0da15f328657d7b5b,0.066
15094318,1657182028.0,0x32d9e641035df1129a37f6fa1d6962c62af2e20d,0x213019b9e4c0eed9f4fa3ea0da15f328657d7b5b,0.022
15094490,1657183922.0,0x8eb31c9c1fbee49784cd323e07d67f1ab86417ba,0x213019b9e4c0eed9f4fa3ea0da15f328657d7b5b,0.022
15094561,1657184844.0,0x548eeb2277010b01e8f2f0db5715f4396943a529,0x213019b9e4c0eed9f4fa3ea0da15f328657d7b5b,0.11
15094606,1657185415.0,0x4906bbfc9ac95b4dc02081bfe4967b55f4ededd7,0x213019b9e4c0eed9f4fa3ea0da15f328657d7b5b,0.0
15095774,1657201249.0,0xf00f1adc558ebe212d80f98e056145ca583950f0,0x213019b9e4c0eed9f4fa3ea0da15f328657d7b5b,0.0
15095854,1657202340.0,0x213019b9e4c0eed9f4fa3ea0da15f328657d7b5b,0x4906bbfc9ac95b4dc02081bfe4967b55f4ededd7,11.88
15095854,1657202340.0,0x4906bbfc9ac95b4dc02081bfe4967b55f4ededd7,0x213019b9e4c0eed9f4fa3ea0da15f328657d7b5b,0.0
15096472,1657211027.0,0xcc256488e8e4b8beae6e99b86972fcc1e2aa29b4,0x213019b9e4c0eed9f4fa3ea0da15f328657d7b5b,0.0
15097913,1657230342.0,0xbb83c5ba427100d3d7f40574e0e422c660518804,0x213019b9e4c0eed9f4fa3ea0da15f328657d7b5b,0.0
15098575,1657238971.0,0xae0e5db000b03cd7c75810907f015eaea9ae61be,0x213019b9e4c0eed9f4fa3ea0da15f328657d7b5b,0.022
15100175,1657259820.0,0x14d4847380bf5d1101f823dd838f75d961637f5c,0x213019b9e4c0eed9f4fa3ea0da15f328657d7b5b,0.0
15100265,1657261107.0,0x16ecdc7e32c2cbe17d5a490b6f044bcfc8e7ea11,0x213019b9e4c0eed9f4fa3ea0da15f328657d7b5b,0.022
15102927,1657296952.0,0x9f2864493444ef11ec1759969e23fc94193fe16b,0x213019b9e4c0eed9f4fa3ea0da15f328657d7b5b,0.0
15103214,1657300583.0,0xad04ceed9f37a7ec2c677a39ae71246c35d46a48,0x213019b9e4c0eed9f4fa3ea0da15f328657d7b5b,0.0
15103235,1657300791.0,0x4906bbfc9ac95b4dc02081bfe4967b55f4ededd7,0x213019b9e4c0eed9f4fa3ea0da15f328657d7b5b,0.0
15103370,1657302565.0,0x4906bbfc9ac95b4dc02081bfe4967b55f4ededd7,0x213019b9e4c0eed9f4fa3ea0da15f328657d7b5b,0.022
15103372,1657302584.0,0x4906bbfc9ac95b4dc02081bfe4967b55f4ededd7,0x213019b9e4c0eed9f4fa3ea0da15f328657d7b5b,0.22
15103408,1657303130.0,0xafaae70176565c5ba9d6920d42ade113e5c10c8b,0x213019b9e4c0eed9f4fa3ea0da15f328657d7b5b,0.0
15103497,1657304378.0,0x80dd0148250687c864cd3971065600932ce02e16,0x213019b9e4c0eed9f4fa3ea0da15f328657d7b5b,0.066
15103510,1657304509.0,0x80dd0148250687c864cd3971065600932ce02e16,0x213019b9e4c0eed9f4fa3ea0da15f328657d7b5b,0.0
15103627,1657305871.0,0x4906bbfc9ac95b4dc02081bfe4967b55f4ededd7,0x213019b9e4c0eed9f4fa3ea0da15f328657d7b5b,0.22
15103630,1657305885.0,0x4906bbfc9ac95b4dc02081bfe4967b55f4ededd7,0x213019b9e4c0eed9f4fa3ea0da15f328657d7b5b,0.22
15103632,1657305925.0,0x14d4847380bf5d1101f823dd838f75d961637f5c,0x213019b9e4c0eed9f4fa3ea0da15f328657d7b5b,0.022
15103633,1657305962.0,0x4906bbfc9ac95b4dc02081bfe4967b55f4ededd7,0x213019b9e4c0eed9f4fa3ea0da15f328657d7b5b,0.22
15103636,1657305995.0,0x4906bbfc9ac95b4dc02081bfe4967b55f4ededd7,0x213019b9e4c0eed9f4fa3ea0da15f328657d7b5b,0.22
15103644,1657306057.0,0x4906bbfc9ac95b4dc02081bfe4967b55f4ededd7,0x213019b9e4c0eed9f4fa3ea0da15f328657d7b5b,0.22
15103645,1657306082.0,0x4906bbfc9ac95b4dc02081bfe4967b55f4ededd7,0x213019b9e4c0eed9f4fa3ea0da15f328657d7b5b,0.22
15103658,1657306216.0,0x4906bbfc9ac95b4dc02081bfe4967b55f4ededd7,0x213019b9e4c0eed9f4fa3ea0da15f328657d7b5b,0.22
15103682,1657306542.0,0x4906bbfc9ac95b4dc02081bfe4967b55f4ededd7,0x213019b9e4c0eed9f4fa3ea0da15f328657d7b5b,0.22
15103689,1657306666.0,0x0b01f1310e7224dafed24c3b62d53cec37d9faf8,0x213019b9e4c0eed9f4fa3ea0da15f328657d7b5b,0.22
15103697,1657306787.0,0x4906bbfc9ac95b4dc02081bfe4967b55f4ededd7,0x213019b9e4c0eed9f4fa3ea0da15f328657d7b5b,0.22
15103702,1657306842.0,0x14d4847380bf5d1101f823dd838f75d961637f5c,0x213019b9e4c0eed9f4fa3ea0da15f328657d7b5b,0.0
15103710,1657306967.0,0x4906bbfc9ac95b4dc02081bfe4967b55f4ededd7,0x213019b9e4c0eed9f4fa3ea0da15f328657d7b5b,0.0
15103710,1657306967.0,0x213019b9e4c0eed9f4fa3ea0da15f328657d7b5b,0x4906bbfc9ac95b4dc02081bfe4967b55f4ededd7,2.53
15103797,1657307942.0,0x1c284b1d939128f781d9d56515bdeefa5e47ee46,0x213019b9e4c0eed9f4fa3ea0da15f328657d7b5b,0.044
15103848,1657308627.0,0x0b01f1310e7224dafed24c3b62d53cec37d9faf8,0x213019b9e4c0eed9f4fa3ea0da15f328657d7b5b,0.0
15103902,1657309318.0,0x2598de836f6bb18b35ba8f75c8c558e419b9cd0f,0x213019b9e4c0eed9f4fa3ea0da15f328657d7b5b,0.044
15103962,1657309976.0,0xaddcd86d882c5a95e5a99d3e6bb1cd679a0f7473,0x213019b9e4c0eed9f4fa3ea0da15f328657d7b5b,0.022
15103969,1657310172.0,0xaddcd86d882c5a95e5a99d3e6bb1cd679a0f7473,0x213019b9e4c0eed9f4fa3ea0da15f328657d7b5b,0.0
15104096,1657311853.0,0x0eefaa2e1a7248cb00f6e2c88b40039c640a30e9,0x213019b9e4c0eed9f4fa3ea0da15f328657d7b5b,0.022
15104197,1657312994.0,0x53667436fc6a257d0c64624b9a660370420ec46c,0x213019b9e4c0eed9f4fa3ea0da15f328657d7b5b,0.0
15104254,1657313832.0,0xf14acdff74ef323cfbe8f298c61ad73036a6c492,0x213019b9e4c0eed9f4fa3ea0da15f328657d7b5b,0.0
15104254,1657313832.0,0xf14acdff74ef323cfbe8f298c61ad73036a6c492,0x213019b9e4c0eed9f4fa3ea0da15f328657d7b5b,0.0
15105130,1657325571.0,0x419ea63d3674f3d0960133c011a53156b3b5fb07,0x213019b9e4c0eed9f4fa3ea0da15f328657d7b5b,0.022
15105681,1657333326.0,0x4ea58393ffed8af72e3c0188de8fda3f8774fff6,0x213019b9e4c0eed9f4fa3ea0da15f328657d7b5b,0.022
15105735,1657334032.0,0xa89f43acb20708b63e79a4a72ebe6a5f09c9989b,0x213019b9e4c0eed9f4fa3ea0da15f328657d7b5b,0.11
15106438,1657344235.0,0x5f80d5812324302a839498729ad7b385c705a978,0x213019b9e4c0eed9f4fa3ea0da15f328657d7b5b,0.022
15106446,1657344364.0,0x5f80d5812324302a839498729ad7b385c705a978,0x213019b9e4c0eed9f4fa3ea0da15f328657d7b5b,0.022
15106452,1657344398.0,0x5f80d5812324302a839498729ad7b385c705a978,0x213019b9e4c0eed9f4fa3ea0da15f328657d7b5b,0.022
15106666,1657347043.0,0x849a1703f8ef4e7a65ba4266e0add3755b9631af,0x213019b9e4c0eed9f4fa3ea0da15f328657d7b5b,0.044
15106710,1657347581.0,0xacacc3db3a707a4de6af3a528c187f8358e2ab5d,0x213019b9e4c0eed9f4fa3ea0da15f328657d7b5b,0.022
15106875,1657349716.0,0xacacc3db3a707a4de6af3a528c187f8358e2ab5d,0x213019b9e4c0eed9f4fa3ea0da15f328657d7b5b,0.022
15107446,1657357143.0,0x48e5e24dad7b7245262a71fad8a6fcde43e40b15,0x213019b9e4c0eed9f4fa3ea0da15f328657d7b5b,0.022
15107553,1657358887.0,0x4906bbfc9ac95b4dc02081bfe4967b55f4ededd7,0x213019b9e4c0eed9f4fa3ea0da15f328657d7b5b,0.0
15107701,1657360985.0,0xb21e4e88feef75d1eb15aa2316e95dd0dc53b4df,0x213019b9e4c0eed9f4fa3ea0da15f328657d7b5b,0.0
15108140,1657367044.0,0xb21e4e88feef75d1eb15aa2316e95dd0dc53b4df,0x213019b9e4c0eed9f4fa3ea0da15f328657d7b5b,0.0
15109892,1657389805.0,0x4df8ffebde1a4b1db667897e0e1ed4cddb840adf,0x213019b9e4c0eed9f4fa3ea0da15f328657d7b5b,0.0
15110822,1657402076.0,0x48e5e24dad7b7245262a71fad8a6fcde43e40b15,0x213019b9e4c0eed9f4fa3ea0da15f328657d7b5b,0.0
15111335,1657409036.0,0x32d9e641035df1129a37f6fa1d6962c62af2e20d,0x213019b9e4c0eed9f4fa3ea0da15f328657d7b5b,0.0
15112256,1657420982.0,0xf14acdff74ef323cfbe8f298c61ad73036a6c492,0x213019b9e4c0eed9f4fa3ea0da15f328657d7b5b,0.0
15121550,1657545583.0,0xa9436a0e4bfd13d8eabf288435fc850d74d22026,0x213019b9e4c0eed9f4fa3ea0da15f328657d7b5b,0.0
15128680,1657640110.0,0xfb4207e5691d37aaad1b2ed4d5817cd4b8233880,0x213019b9e4c0eed9f4fa3ea0da15f328657d7b5b,0.0
15129643,1657652612.0,0x0d69831e57f999e6165339da24d291b4aabb75c7,0x213019b9e4c0eed9f4fa3ea0da15f328657d7b5b,0.0
15131438,1657676559.0,0x5cd3ebab174b1c52ef2fb7ae793c7696fbfeda6d,0x213019b9e4c0eed9f4fa3ea0da15f328657d7b5b,0.0
15145331,1657862027.0,0x4df8ffebde1a4b1db667897e0e1ed4cddb840adf,0x213019b9e4c0eed9f4fa3ea0da15f328657d7b5b,0.0
15145350,1657862291.0,0x4df8ffebde1a4b1db667897e0e1ed4cddb840adf,0x213019b9e4c0eed9f4fa3ea0da15f328657d7b5b,0.0
15154806,1657988963.0,0x213019b9e4c0eed9f4fa3ea0da15f328657d7b5b,0x4906bbfc9ac95b4dc02081bfe4967b55f4ededd7,0.462
15154806,1657988963.0,0x4906bbfc9ac95b4dc02081bfe4967b55f4ededd7,0x213019b9e4c0eed9f4fa3ea0da15f328657d7b5b,0.0
15160640,1658067312.0,0x7de7dd7347ef922ad799852d218358f34cdf7a2c,0x213019b9e4c0eed9f4fa3ea0da15f328657d7b5b,0.0
15165042,1658126199.0,0x6a1ee20ed1646fdedfcd94a57ac8f8a94fda3821,0x213019b9e4c0eed9f4fa3ea0da15f328657d7b5b,0.0
15166598,1658147096.0,0x97d2190a0d257d57153b15607d38e6489d029676,0x213019b9e4c0eed9f4fa3ea0da15f328657d7b5b,0.0
15171870,1658217988.0,0x7d0c1766507594e81f7ee323df5a2a73fcfe770c,0x213019b9e4c0eed9f4fa3ea0da15f328657d7b5b,0.0
15171879,1658218090.0,0x7d0c1766507594e81f7ee323df5a2a73fcfe770c,0x213019b9e4c0eed9f4fa3ea0da15f328657d7b5b,0.0
15175270,1658262746.0,0x89d881b7684ee7302bd2d3a556d763daba169f8c,0x213019b9e4c0eed9f4fa3ea0da15f328657d7b5b,0.0
15175283,1658262895.0,0x89d881b7684ee7302bd2d3a556d763daba169f8c,0x213019b9e4c0eed9f4fa3ea0da15f328657d7b5b,0.0
15176040,1658273194.0,0x52d2d0eefc62d34c393eab21cde8b1c94792f534,0x213019b9e4c0eed9f4fa3ea0da15f328657d7b5b,0.0
15178503,1658306887.0,0xb48ee7949de7d351ed92c8335e8f06bd51be1252,0x213019b9e4c0eed9f4fa3ea0da15f328657d7b5b,0.0
15238852,1659117432.0,0xfb4207e5691d37aaad1b2ed4d5817cd4b8233880,0x213019b9e4c0eed9f4fa3ea0da15f328657d7b5b,0.0
15276319,1659622106.0,0xc6d7425c44ed9ce936578f8c150b6e589f9b0b92,0x213019b9e4c0eed9f4fa3ea0da15f328657d7b5b,0.0
15296526,1659892843.0,0xfb4207e5691d37aaad1b2ed4d5817cd4b8233880,0x213019b9e4c0eed9f4fa3ea0da15f328657d7b5b,0.0
15298906,1659925017.0,0x35c6a7604a4fcf057554b6d319b717749f35d09e,0x213019b9e4c0eed9f4fa3ea0da15f328657d7b5b,0.0
15305264,1660011085.0,0x6c647659949b8939b0ee819b8fe1005746aff45c,0x213019b9e4c0eed9f4fa3ea0da15f328657d7b5b,0.0
15351020,1660634911.0,0xbc9bb6b2fcd8c3cd7a3475b8c8dca7d0196f5db8,0x213019b9e4c0eed9f4fa3ea0da15f328657d7b5b,0.0
15364762,1660822375.0,0x043b6d938920565c5cfe54a4d391a9c5fe38f3b8,0x213019b9e4c0eed9f4fa3ea0da15f328657d7b5b,0.0
15378392,1661009210.0,0x882da2697fa179ce2db27c53c3d74386d3930ead,0x213019b9e4c0eed9f4fa3ea0da15f328657d7b5b,0.0
15418080,1661554131.0,0x882da2697fa179ce2db27c53c3d74386d3930ead,0x213019b9e4c0eed9f4fa3ea0da15f328657d7b5b,0.0
15803637,1666441559.0,0x8953605fd5cb76f1191ae683d3903b9745582af8,0x213019b9e4c0eed9f4fa3ea0da15f328657d7b5b,0.0
15804099,1666447163.0,0xfbfd1f933748e01d32e7ab23de50cebdd16b5a8f,0x213019b9e4c0eed9f4fa3ea0da15f328657d7b5b,0.0
15808680,1666502423.0,0x9f2864493444ef11ec1759969e23fc94193fe16b,0x213019b9e4c0eed9f4fa3ea0da15f328657d7b5b,0.0
15809478,1666512011.0,0x0321b9780d5491e282ae39815722e60401b97df3,0x213019b9e4c0eed9f4fa3ea0da15f328657d7b5b,0.0
15817032,1666603235.0,0x849a1703f8ef4e7a65ba4266e0add3755b9631af,0x213019b9e4c0eed9f4fa3ea0da15f328657d7b5b,0.0
15818490,1666620911.0,0x4906bbfc9ac95b4dc02081bfe4967b55f4ededd7,0x213019b9e4c0eed9f4fa3ea0da15f328657d7b5b,0.0
15827176,1666726103.0,0xb48ee7949de7d351ed92c8335e8f06bd51be1252,0x213019b9e4c0eed9f4fa3ea0da15f328657d7b5b,0.0
16091204,1669912775.0,0xf00f1adc558ebe212d80f98e056145ca583950f0,0x213019b9e4c0eed9f4fa3ea0da15f328657d7b5b,0.0
16340330,1672918547.0,0x40158e1d5eaa2dc589552464010fe81b1b3a23f5,0x213019b9e4c0eed9f4fa3ea0da15f328657d7b5b,0.0
16913198,1679853071.0,0xfb4207e5691d37aaad1b2ed4d5817cd4b8233880,0x213019b9e4c0eed9f4fa3ea0da15f328657d7b5b,0.0
18528564,1699462535.0,0x8953605fd5cb76f1191ae683d3903b9745582af8,0x213019b9e4c0eed9f4fa3ea0da15f328657d7b5b,0.0
19136563,1706826539.0,0x1dbb0cdf7646f3a42de58febb0607989ddae1795,0x213019b9e4c0eed9f4fa3ea0da15f328657d7b5b,0.0
