BlockHeight,TimeStamp,From,To,Value
15232077,1659025900.0,0xfab7e9be7b9d92f4a85ae14bf15d6c2b21bffa53,,0.0
15232118,1659026550.0,0xfab7e9be7b9d92f4a85ae14bf15d6c2b21bffa53,0x22f081af5354875bbc4528ddfdb1d21aefea5b01,0.0
15232154,1659026940.0,0xfab7e9be7b9d92f4a85ae14bf15d6c2b21bffa53,0x22f081af5354875bbc4528ddfdb1d21aefea5b01,0.0
15233773,1659049049.0,0xfab7e9be7b9d92f4a85ae14bf15d6c2b21bffa53,0x22f081af5354875bbc4528ddfdb1d21aefea5b01,0.0
15233821,1659049605.0,0xfab7e9be7b9d92f4a85ae14bf15d6c2b21bffa53,0x22f081af5354875bbc4528ddfdb1d21aefea5b01,0.0
15238782,1659116349.0,0xfab7e9be7b9d92f4a85ae14bf15d6c2b21bffa53,0x22f081af5354875bbc4528ddfdb1d21aefea5b01,0.0
17444460,1686335495.0,0x387523868429da02a46cb26e242b051260b1bf44,0x22f081af5354875bbc4528ddfdb1d21aefea5b01,0.0
