BlockHeight,TimeStamp,From,To,Value
13939189,1641302252.0,0x6a20fd051f69e2c756e2ccb20a0afbda80f0696c,0x232e2fd91c88f8e2a06acdaa0ed199516ba31efa,0.3292075932362543
13939260,1641303030.0,0x0000071526c792ac858d4e2e92c200cec3e8d5e7,0x232e2fd91c88f8e2a06acdaa0ed199516ba31efa,1.036796799832133
13955476,1641520244.0,0x2bac74fbf7121abf9da17f33dc9720d11269c929,0x232e2fd91c88f8e2a06acdaa0ed199516ba31efa,0.0010834900169893
13975656,1641789480.0,0xbcbf5549d77c4954c372acf6ad0516b7e71c72c3,0x232e2fd91c88f8e2a06acdaa0ed199516ba31efa,0.130712444493471
13976017,1641794192.0,0xbbf0b74abb8b7b5c5a960582a7c235da71fce0bf,0x232e2fd91c88f8e2a06acdaa0ed199516ba31efa,0.029586450488426
13980802,1641858573.0,0xb7e96d82173acc52e4b9a91c8856b78cfff75282,0x232e2fd91c88f8e2a06acdaa0ed199516ba31efa,0.040584919383231
13980825,1641858782.0,0x700417d9c95424ce3eb7b9afa48bc3ef87cc7964,0x232e2fd91c88f8e2a06acdaa0ed199516ba31efa,0.0458322809396095
13993734,1642030596.0,0x232e2fd91c88f8e2a06acdaa0ed199516ba31efa,0x1df946e79d9e929d483a46825f3152ef43628aca,0.02
13993741,1642030698.0,0x1df946e79d9e929d483a46825f3152ef43628aca,0x232e2fd91c88f8e2a06acdaa0ed199516ba31efa,0.0072690639631042
13993745,1642030801.0,0x232e2fd91c88f8e2a06acdaa0ed199516ba31efa,0xf5832512cfda8083e5b2dd0aa7c1b9265c03ba1f,0.0
13993777,1642031242.0,0x232e2fd91c88f8e2a06acdaa0ed199516ba31efa,0xf5832512cfda8083e5b2dd0aa7c1b9265c03ba1f,0.0
13993890,1642032809.0,0x96b83ed22c6bb9f38326541f81b23a6445558a78,0x232e2fd91c88f8e2a06acdaa0ed199516ba31efa,0.1781579654971842
14000311,1642118977.0,0x232e2fd91c88f8e2a06acdaa0ed199516ba31efa,0x6a20fd051f69e2c756e2ccb20a0afbda80f0696c,0.02
14000328,1642119186.0,0x232e2fd91c88f8e2a06acdaa0ed199516ba31efa,0x6a20fd051f69e2c756e2ccb20a0afbda80f0696c,0.1
14000337,1642119360.0,0x232e2fd91c88f8e2a06acdaa0ed199516ba31efa,0x6a20fd051f69e2c756e2ccb20a0afbda80f0696c,0.1
14001096,1642129643.0,0x6a20fd051f69e2c756e2ccb20a0afbda80f0696c,0x232e2fd91c88f8e2a06acdaa0ed199516ba31efa,0.0467586626991433
14002804,1642151782.0,0x44448ce4f4ac6c8a468de411ce01e6e050f3eb77,0x232e2fd91c88f8e2a06acdaa0ed199516ba31efa,0.285933837174798
14013098,1642289941.0,0x232e2fd91c88f8e2a06acdaa0ed199516ba31efa,0x86d0fbc362197b08b49902719ace1728aff2d052,0.03
14013112,1642290072.0,0x86d0fbc362197b08b49902719ace1728aff2d052,0x232e2fd91c88f8e2a06acdaa0ed199516ba31efa,0.0202459232070905
14017204,1642344734.0,0xed99e9eb82d78be22bbff855c48c2e535b2fc1fa,0x232e2fd91c88f8e2a06acdaa0ed199516ba31efa,0.097224533961445
14017257,1642345510.0,0xd8f1698ca909a78c539dad9d72bd2246e8992ddf,0x232e2fd91c88f8e2a06acdaa0ed199516ba31efa,0.0037462255889501
14019320,1642373199.0,0xaf046fab3a705d1d9b050230c0ef709fc199394f,0x232e2fd91c88f8e2a06acdaa0ed199516ba31efa,0.246404147677882
14019358,1642373605.0,0x232e2fd91c88f8e2a06acdaa0ed199516ba31efa,0xed545fffe72542e40fef8eab933d155940794af2,0.03
14019367,1642373703.0,0xed545fffe72542e40fef8eab933d155940794af2,0x232e2fd91c88f8e2a06acdaa0ed199516ba31efa,0.0170512262567976
14019386,1642373968.0,0x232e2fd91c88f8e2a06acdaa0ed199516ba31efa,0x5c76db1c7bae47edb2536e70d02fc6e77da8c43d,0.012
14019390,1642374023.0,0x5c76db1c7bae47edb2536e70d02fc6e77da8c43d,0x232e2fd91c88f8e2a06acdaa0ed199516ba31efa,0.0025319074581272
14019478,1642374958.0,0x232e2fd91c88f8e2a06acdaa0ed199516ba31efa,0xb555bd61508f985049547bb654659f2b82aef9b1,0.04
14019513,1642375415.0,0xb555bd61508f985049547bb654659f2b82aef9b1,0x232e2fd91c88f8e2a06acdaa0ed199516ba31efa,0.0152348021229046
14020226,1642384971.0,0x232e2fd91c88f8e2a06acdaa0ed199516ba31efa,0xab167e816e4d76089119900e941befdfa37d6b32,0.0
14020373,1642386859.0,0x232e2fd91c88f8e2a06acdaa0ed199516ba31efa,0x95ad61b0a150d79219dcf64e1e6cc01f0b64c4ce,0.0
14020443,1642387915.0,0x232e2fd91c88f8e2a06acdaa0ed199516ba31efa,0x8b3192f5eebd8579568a2ed41e6feb402f93f73f,0.0
14020446,1642387952.0,0x232e2fd91c88f8e2a06acdaa0ed199516ba31efa,0xd9e1ce17f2641f24ae83637ab66a2cca9c378b9f,0.0
14020446,1642387952.0,0xd9e1ce17f2641f24ae83637ab66a2cca9c378b9f,0x232e2fd91c88f8e2a06acdaa0ed199516ba31efa,1.0724361546726826
14020462,1642388159.0,0x68b3465833fb72a70ecdf485e0e4c7bd8665fc45,0x232e2fd91c88f8e2a06acdaa0ed199516ba31efa,0.0994284915874439
14020462,1642388159.0,0x232e2fd91c88f8e2a06acdaa0ed199516ba31efa,0x68b3465833fb72a70ecdf485e0e4c7bd8665fc45,0.0
14020481,1642388492.0,0x232e2fd91c88f8e2a06acdaa0ed199516ba31efa,0xa0b73e1ff0b80914ab6fe0444e65848c4c34450b,0.0
14020489,1642388597.0,0x232e2fd91c88f8e2a06acdaa0ed199516ba31efa,0x68b3465833fb72a70ecdf485e0e4c7bd8665fc45,0.0
14020489,1642388597.0,0x68b3465833fb72a70ecdf485e0e4c7bd8665fc45,0x232e2fd91c88f8e2a06acdaa0ed199516ba31efa,0.0716780664888616
14020494,1642388647.0,0x232e2fd91c88f8e2a06acdaa0ed199516ba31efa,0x1b9baf2a3edea91ee431f02d449a1044d5726669,0.0
14020506,1642388876.0,0x232e2fd91c88f8e2a06acdaa0ed199516ba31efa,0x0b569fa433faa7f01f3ea880193de38044b41de0,0.0
14020603,1642390219.0,0x232e2fd91c88f8e2a06acdaa0ed199516ba31efa,0x51fe2e572e97bfeb1d719809d743ec2675924edc,0.0
14020657,1642390962.0,0x232e2fd91c88f8e2a06acdaa0ed199516ba31efa,0x68b3465833fb72a70ecdf485e0e4c7bd8665fc45,0.0
14020657,1642390962.0,0x68b3465833fb72a70ecdf485e0e4c7bd8665fc45,0x232e2fd91c88f8e2a06acdaa0ed199516ba31efa,0.1249926821601309
14020675,1642391219.0,0x232e2fd91c88f8e2a06acdaa0ed199516ba31efa,0xb12494c8824fc069757f47d177e666c571cd49ae,0.0
14021002,1642395785.0,0x12a58309e210f050231f04abbf3264fdf46f0e5b,0x232e2fd91c88f8e2a06acdaa0ed199516ba31efa,0.086955409586158
14021933,1642408231.0,0x3cba28d441bb33bc2630693f01c78523144e1108,0x232e2fd91c88f8e2a06acdaa0ed199516ba31efa,0.0607079695564655
14022120,1642410374.0,0x017357d545c38daa6bed7f4d1b8540e49a736e1c,0x232e2fd91c88f8e2a06acdaa0ed199516ba31efa,0.0988797719601629
14022944,1642421429.0,0x232e2fd91c88f8e2a06acdaa0ed199516ba31efa,0x232e2fd91c88f8e2a06acdaa0ed199516ba31efa,0.0
14022964,1642421675.0,0x232e2fd91c88f8e2a06acdaa0ed199516ba31efa,0x68b3465833fb72a70ecdf485e0e4c7bd8665fc45,0.0
14022964,1642421675.0,0x232e2fd91c88f8e2a06acdaa0ed199516ba31efa,0x68b3465833fb72a70ecdf485e0e4c7bd8665fc45,0.0
14022991,1642422070.0,0x232e2fd91c88f8e2a06acdaa0ed199516ba31efa,0x232e2fd91c88f8e2a06acdaa0ed199516ba31efa,0.0
14022991,1642422070.0,0x232e2fd91c88f8e2a06acdaa0ed199516ba31efa,0x3845badade8e6dff049820680d1f14bd3903a5d0,0.0
14022991,1642422070.0,0x232e2fd91c88f8e2a06acdaa0ed199516ba31efa,0xdac17f958d2ee523a2206206994597c13d831ec7,0.0
14023023,1642422410.0,0x703230c77f65665da88b0d6109c31f62f57d2aff,0x232e2fd91c88f8e2a06acdaa0ed199516ba31efa,0.0240725583682819
14023262,1642425480.0,0x232e2fd91c88f8e2a06acdaa0ed199516ba31efa,0xeb953eda0dc65e3246f43dc8fa13f35623bdd5ed,0.0
14023266,1642425532.0,0x68b3465833fb72a70ecdf485e0e4c7bd8665fc45,0x232e2fd91c88f8e2a06acdaa0ed199516ba31efa,0.5751396130839934
14023266,1642425532.0,0x232e2fd91c88f8e2a06acdaa0ed199516ba31efa,0x68b3465833fb72a70ecdf485e0e4c7bd8665fc45,0.0
14023271,1642425590.0,0x232e2fd91c88f8e2a06acdaa0ed199516ba31efa,0xcdeee767bed58c5325f68500115d4b722b3724ee,0.0
14023275,1642425638.0,0x232e2fd91c88f8e2a06acdaa0ed199516ba31efa,0x15d4c048f83bd7e37d49ea4c83a07267ec4203da,0.0
14023275,1642425638.0,0x232e2fd91c88f8e2a06acdaa0ed199516ba31efa,0x68b3465833fb72a70ecdf485e0e4c7bd8665fc45,0.0
14023275,1642425638.0,0x68b3465833fb72a70ecdf485e0e4c7bd8665fc45,0x232e2fd91c88f8e2a06acdaa0ed199516ba31efa,0.172941760198262
14023278,1642425667.0,0x232e2fd91c88f8e2a06acdaa0ed199516ba31efa,0x68b3465833fb72a70ecdf485e0e4c7bd8665fc45,0.0
14023278,1642425667.0,0x68b3465833fb72a70ecdf485e0e4c7bd8665fc45,0x232e2fd91c88f8e2a06acdaa0ed199516ba31efa,0.1148963649495732
14023280,1642425717.0,0x232e2fd91c88f8e2a06acdaa0ed199516ba31efa,0x68b3465833fb72a70ecdf485e0e4c7bd8665fc45,0.0
14023280,1642425717.0,0x68b3465833fb72a70ecdf485e0e4c7bd8665fc45,0x232e2fd91c88f8e2a06acdaa0ed199516ba31efa,0.0515917936120711
14023285,1642425744.0,0x232e2fd91c88f8e2a06acdaa0ed199516ba31efa,0x04969cd041c0cafb6ac462bd65b536a5bdb3a670,0.0
14023290,1642425836.0,0x68b3465833fb72a70ecdf485e0e4c7bd8665fc45,0x232e2fd91c88f8e2a06acdaa0ed199516ba31efa,0.0558121276511187
14023290,1642425836.0,0x232e2fd91c88f8e2a06acdaa0ed199516ba31efa,0x68b3465833fb72a70ecdf485e0e4c7bd8665fc45,0.0
14023291,1642425837.0,0xc02aaa39b223fe8d0a0e5c4f27ead9083c756cc2,0x232e2fd91c88f8e2a06acdaa0ed199516ba31efa,0.049
14023291,1642425837.0,0x232e2fd91c88f8e2a06acdaa0ed199516ba31efa,0xc02aaa39b223fe8d0a0e5c4f27ead9083c756cc2,0.0
14023296,1642425867.0,0x232e2fd91c88f8e2a06acdaa0ed199516ba31efa,0xdd16ec0f66e54d453e6756713e533355989040e4,0.0
14023300,1642425942.0,0x68b3465833fb72a70ecdf485e0e4c7bd8665fc45,0x232e2fd91c88f8e2a06acdaa0ed199516ba31efa,0.0340398940243921
14023300,1642425942.0,0x232e2fd91c88f8e2a06acdaa0ed199516ba31efa,0x68b3465833fb72a70ecdf485e0e4c7bd8665fc45,0.0
14023328,1642426246.0,0x232e2fd91c88f8e2a06acdaa0ed199516ba31efa,0x68b3465833fb72a70ecdf485e0e4c7bd8665fc45,0.0
14023328,1642426246.0,0x68b3465833fb72a70ecdf485e0e4c7bd8665fc45,0x232e2fd91c88f8e2a06acdaa0ed199516ba31efa,0.0534074076363261
14023329,1642426254.0,0x68b3465833fb72a70ecdf485e0e4c7bd8665fc45,0x232e2fd91c88f8e2a06acdaa0ed199516ba31efa,0.0526351306941173
14023329,1642426254.0,0x232e2fd91c88f8e2a06acdaa0ed199516ba31efa,0x68b3465833fb72a70ecdf485e0e4c7bd8665fc45,0.0
14023331,1642426272.0,0x68b3465833fb72a70ecdf485e0e4c7bd8665fc45,0x232e2fd91c88f8e2a06acdaa0ed199516ba31efa,0.7574524538478018
14023331,1642426272.0,0x232e2fd91c88f8e2a06acdaa0ed199516ba31efa,0x68b3465833fb72a70ecdf485e0e4c7bd8665fc45,0.0
14023334,1642426335.0,0x232e2fd91c88f8e2a06acdaa0ed199516ba31efa,0x8b3192f5eebd8579568a2ed41e6feb402f93f73f,0.0
14023338,1642426364.0,0x232e2fd91c88f8e2a06acdaa0ed199516ba31efa,0xae697f994fc5ebc000f8e22ebffee04612f98a0d,0.0
14023339,1642426387.0,0x232e2fd91c88f8e2a06acdaa0ed199516ba31efa,0x5f0bc16d50f72d10b719dbf6845de2e599eb5624,0.0
14023368,1642426751.0,0x232e2fd91c88f8e2a06acdaa0ed199516ba31efa,0x090185f2135308bad17527004364ebcc2d37e5f6,0.0
14023371,1642426777.0,0x68b3465833fb72a70ecdf485e0e4c7bd8665fc45,0x232e2fd91c88f8e2a06acdaa0ed199516ba31efa,0.0243534060466726
14023371,1642426777.0,0x232e2fd91c88f8e2a06acdaa0ed199516ba31efa,0x68b3465833fb72a70ecdf485e0e4c7bd8665fc45,0.0
14025250,1642451953.0,0x232e2fd91c88f8e2a06acdaa0ed199516ba31efa,0x008e3609714984f915580bcce41434a2b89f9915,0.01243568
14025307,1642452681.0,0x232e2fd91c88f8e2a06acdaa0ed199516ba31efa,0x99d430360fdf877d6d607bd39b10c29fa13af727,0.0109
14026167,1642463997.0,0x232e2fd91c88f8e2a06acdaa0ed199516ba31efa,0x3845badade8e6dff049820680d1f14bd3903a5d0,0.0
14026190,1642464276.0,0x232e2fd91c88f8e2a06acdaa0ed199516ba31efa,0xdac17f958d2ee523a2206206994597c13d831ec7,0.0
14026429,1642467160.0,0x232e2fd91c88f8e2a06acdaa0ed199516ba31efa,0x23801a629cf80e3490de7de1dd70f9cf02bed247,0.5
14047661,1642751034.0,0xc8ac78e140e1ebeae5fb80bf3e7e9ecac10769b7,0x232e2fd91c88f8e2a06acdaa0ed199516ba31efa,0.0075033618470392
14077729,1643152960.0,0xcb378becb537974b630b3b2fb6ee85c93a123056,0x232e2fd91c88f8e2a06acdaa0ed199516ba31efa,0.160970049263102
14106129,1643532191.0,0x34d4b79f80a4825862c8c9a514eae950804945bd,0x232e2fd91c88f8e2a06acdaa0ed199516ba31efa,0.1205251812554581
14185626,1644594177.0,0x504d10113383c5886e00c6c994460573748e9b00,0x232e2fd91c88f8e2a06acdaa0ed199516ba31efa,0.010856696354822
14207468,1644884947.0,0x5ce2e649dd0b39930881487903e9ddcd6df8af01,0x232e2fd91c88f8e2a06acdaa0ed199516ba31efa,0.1753203862895419
14216244,1645002562.0,0x1b8cfc44ad387efc769c00d61cef8128d07fa8bb,0x232e2fd91c88f8e2a06acdaa0ed199516ba31efa,0.22991821322699
14255812,1645532105.0,0x232e2fd91c88f8e2a06acdaa0ed199516ba31efa,0x990f341946a3fdb507ae7e52d17851b87168017c,0.0
14255814,1645532154.0,0x232e2fd91c88f8e2a06acdaa0ed199516ba31efa,0x68b3465833fb72a70ecdf485e0e4c7bd8665fc45,0.0
14255814,1645532154.0,0x68b3465833fb72a70ecdf485e0e4c7bd8665fc45,0x232e2fd91c88f8e2a06acdaa0ed199516ba31efa,0.0300636510192884
14255820,1645532185.0,0x68b3465833fb72a70ecdf485e0e4c7bd8665fc45,0x232e2fd91c88f8e2a06acdaa0ed199516ba31efa,0.0361977652950066
14255820,1645532185.0,0x232e2fd91c88f8e2a06acdaa0ed199516ba31efa,0x68b3465833fb72a70ecdf485e0e4c7bd8665fc45,0.0
14409539,1647594567.0,0xc5bd4970486fc5c73aad066c5625c56153a6d31e,0x232e2fd91c88f8e2a06acdaa0ed199516ba31efa,0.0815475482065476
14414758,1647665000.0,0x50988b9186ba531387347cedbd5db4659ad81310,0x232e2fd91c88f8e2a06acdaa0ed199516ba31efa,0.0342701463646527
14414785,1647665258.0,0x700417d9c95424ce3eb7b9afa48bc3ef87cc7964,0x232e2fd91c88f8e2a06acdaa0ed199516ba31efa,0.111616702690637
14414958,1647667564.0,0x479e693e53d929d17f5059386795703d64eccb9e,0x232e2fd91c88f8e2a06acdaa0ed199516ba31efa,0.0134136023980853
14415038,1647668703.0,0x98c4705b67c1ed113474df0035d8afe97f2ec505,0x232e2fd91c88f8e2a06acdaa0ed199516ba31efa,0.0189580300981967
14479022,1648528888.0,0x3ea921932803d7caa44b0ae404beb92f96d2aee5,0x232e2fd91c88f8e2a06acdaa0ed199516ba31efa,0.05358672292047
14479919,1648540683.0,0xa0847a3f1ca77d931995476143262b1cf58cdc10,0x232e2fd91c88f8e2a06acdaa0ed199516ba31efa,5.057471188743255
14528436,1649195290.0,0xf96bd9fcead4dbbbbb0bfc9a162dedddd5648974,0x232e2fd91c88f8e2a06acdaa0ed199516ba31efa,0.011228326386061
14536306,1649301751.0,0x7529a27ff373a16cf59d83b752059b8f082f0c10,0x232e2fd91c88f8e2a06acdaa0ed199516ba31efa,0.0059816613882766
14536416,1649303093.0,0x232e2fd91c88f8e2a06acdaa0ed199516ba31efa,0xe6c51317530f61737fb8fdbe9ba7af18e1f88f42,0.01
14536444,1649303423.0,0x232e2fd91c88f8e2a06acdaa0ed199516ba31efa,0xe6c51317530f61737fb8fdbe9ba7af18e1f88f42,0.02
14536458,1649303646.0,0xe6c51317530f61737fb8fdbe9ba7af18e1f88f42,0x232e2fd91c88f8e2a06acdaa0ed199516ba31efa,0.1498600442594972
14550827,1649498115.0,0x3f615ba21bc6cc5d4a6d798c5950cc5c42937fbd,0x232e2fd91c88f8e2a06acdaa0ed199516ba31efa,0.1078371250568301
14551047,1649501031.0,0x3f615ba21bc6cc5d4a6d798c5950cc5c42937fbd,0x232e2fd91c88f8e2a06acdaa0ed199516ba31efa,0.9893998922957848
14551138,1649502348.0,0x3f615ba21bc6cc5d4a6d798c5950cc5c42937fbd,0x232e2fd91c88f8e2a06acdaa0ed199516ba31efa,0.7579442089736725
14552122,1649515541.0,0x3f615ba21bc6cc5d4a6d798c5950cc5c42937fbd,0x232e2fd91c88f8e2a06acdaa0ed199516ba31efa,0.1333033642044826
14552221,1649516789.0,0xc02aaa39b223fe8d0a0e5c4f27ead9083c756cc2,0x232e2fd91c88f8e2a06acdaa0ed199516ba31efa,0.2597856083863148
14552221,1649516789.0,0x232e2fd91c88f8e2a06acdaa0ed199516ba31efa,0xc02aaa39b223fe8d0a0e5c4f27ead9083c756cc2,0.0
14552229,1649516874.0,0x232e2fd91c88f8e2a06acdaa0ed199516ba31efa,0xdac17f958d2ee523a2206206994597c13d831ec7,0.0
14552231,1649516916.0,0x232e2fd91c88f8e2a06acdaa0ed199516ba31efa,0x68b3465833fb72a70ecdf485e0e4c7bd8665fc45,0.0
14552231,1649516916.0,0x68b3465833fb72a70ecdf485e0e4c7bd8665fc45,0x232e2fd91c88f8e2a06acdaa0ed199516ba31efa,0.0312065749498729
14552257,1649517210.0,0x232e2fd91c88f8e2a06acdaa0ed199516ba31efa,0x26fa3fffb6efe8c1e69103acb4044c26b9a106a9,0.0
14552259,1649517257.0,0x232e2fd91c88f8e2a06acdaa0ed199516ba31efa,0x090185f2135308bad17527004364ebcc2d37e5f6,0.0
14552260,1649517268.0,0x74de5d4fcbf63e00296fd95d33236b9794016631,0x232e2fd91c88f8e2a06acdaa0ed199516ba31efa,0.2714815908233082
14552260,1649517268.0,0x232e2fd91c88f8e2a06acdaa0ed199516ba31efa,0x881d40237659c251811cec9c364ef91dc08d300c,0.0
14580625,1649899806.0,0x232e2fd91c88f8e2a06acdaa0ed199516ba31efa,0x3b7ca3e23021c5c701328b7e4e1f71a719b5a8a0,0.5
14616756,1650387239.0,0x3f615ba21bc6cc5d4a6d798c5950cc5c42937fbd,0x232e2fd91c88f8e2a06acdaa0ed199516ba31efa,0.5384687270846428
14617894,1650402140.0,0x3f615ba21bc6cc5d4a6d798c5950cc5c42937fbd,0x232e2fd91c88f8e2a06acdaa0ed199516ba31efa,0.7478983147359383
14617929,1650402607.0,0x232e2fd91c88f8e2a06acdaa0ed199516ba31efa,0x7ca7504cca7cb32f4f58c7404d1ab266da455a2f,2.87
14617959,1650403181.0,0x232e2fd91c88f8e2a06acdaa0ed199516ba31efa,0x7ca7504cca7cb32f4f58c7404d1ab266da455a2f,11.507197087843176
14619194,1650420539.0,0x52aacbe45e5e9ed1e1b0724fd827089091312cbf,0x232e2fd91c88f8e2a06acdaa0ed199516ba31efa,0.2
14619200,1650420684.0,0x232e2fd91c88f8e2a06acdaa0ed199516ba31efa,0x83e6f1e41cdd28eaceb20cb649155049fac3d5aa,0.0
14619202,1650420723.0,0x232e2fd91c88f8e2a06acdaa0ed199516ba31efa,0x11111112542d85b3ef69ae05771c2dccff4faa26,0.0
14619202,1650420723.0,0x11111112542d85b3ef69ae05771c2dccff4faa26,0x232e2fd91c88f8e2a06acdaa0ed199516ba31efa,0.6585750992343355
14619354,1650422685.0,0x31efc4aeaa7c39e54a33fdc3c46ee2bd70ae0a09,0x232e2fd91c88f8e2a06acdaa0ed199516ba31efa,0.037894016848558
14619374,1650423039.0,0x232e2fd91c88f8e2a06acdaa0ed199516ba31efa,0x23801a629cf80e3490de7de1dd70f9cf02bed247,0.887737108043984
14659580,1650968311.0,0x12d66f87a04a9e220743712ce6d9bb1b5616b8fc,0x232e2fd91c88f8e2a06acdaa0ed199516ba31efa,0.077203
14659599,1650968514.0,0x232e2fd91c88f8e2a06acdaa0ed199516ba31efa,0x23801a629cf80e3490de7de1dd70f9cf02bed247,0.076550384507191
15150347,1657929354.0,0xb8901acb165ed027e32754e0ffe830802919727f,0x232e2fd91c88f8e2a06acdaa0ed199516ba31efa,0.2476570332342691
15150356,1657929529.0,0x232e2fd91c88f8e2a06acdaa0ed199516ba31efa,0xc23079b847f03d94bc020323f07163bb4a5ed1fe,0.07291
15157174,1658020994.0,0x232e2fd91c88f8e2a06acdaa0ed199516ba31efa,0xdb2ddb11c71c8e1ff413115dba649d31bdf62608,0.022418
15341098,1660498466.0,0x232e2fd91c88f8e2a06acdaa0ed199516ba31efa,0xb8901acb165ed027e32754e0ffe830802919727f,0.02
15348714,1660603620.0,0x232e2fd91c88f8e2a06acdaa0ed199516ba31efa,0x68b3465833fb72a70ecdf485e0e4c7bd8665fc45,0.05
15348735,1660603917.0,0x68b3465833fb72a70ecdf485e0e4c7bd8665fc45,0x232e2fd91c88f8e2a06acdaa0ed199516ba31efa,0.0500173275722853
15348735,1660603917.0,0x232e2fd91c88f8e2a06acdaa0ed199516ba31efa,0x68b3465833fb72a70ecdf485e0e4c7bd8665fc45,0.0
15371820,1660919332.0,0x232e2fd91c88f8e2a06acdaa0ed199516ba31efa,0xb8901acb165ed027e32754e0ffe830802919727f,0.05
15533616,1663168284.0,0x232e2fd91c88f8e2a06acdaa0ed199516ba31efa,0xff1f2b4adb9df6fc8eafecdcbf96a2b351680455,0.010599
15593252,1663902419.0,0x232e2fd91c88f8e2a06acdaa0ed199516ba31efa,0xa0b86991c6218b36c1d19d4a2e9eb0ce3606eb48,0.0
15675106,1664890583.0,0x232e2fd91c88f8e2a06acdaa0ed199516ba31efa,0xa0b86991c6218b36c1d19d4a2e9eb0ce3606eb48,0.0
15879851,1667362115.0,0x232e2fd91c88f8e2a06acdaa0ed199516ba31efa,0xa0b86991c6218b36c1d19d4a2e9eb0ce3606eb48,0.0
15879855,1667362163.0,0x232e2fd91c88f8e2a06acdaa0ed199516ba31efa,0x72ce9c846789fdb6fc1f34ac4ad25dd9ef7031ef,0.000225185586196
15879868,1667362319.0,0x232e2fd91c88f8e2a06acdaa0ed199516ba31efa,0x4dbd4fc535ac27206064b68ffcf827b0a60bab3f,0.002
15880457,1667369411.0,0x232e2fd91c88f8e2a06acdaa0ed199516ba31efa,0xb8901acb165ed027e32754e0ffe830802919727f,0.001
15883443,1667405471.0,0x232e2fd91c88f8e2a06acdaa0ed199516ba31efa,0x68b3465833fb72a70ecdf485e0e4c7bd8665fc45,0.01
15883717,1667408771.0,0x232e2fd91c88f8e2a06acdaa0ed199516ba31efa,,0.0
15883905,1667411051.0,0x232e2fd91c88f8e2a06acdaa0ed199516ba31efa,,0.0
15883962,1667411735.0,0x232e2fd91c88f8e2a06acdaa0ed199516ba31efa,,0.0
15884007,1667412275.0,0x232e2fd91c88f8e2a06acdaa0ed199516ba31efa,,0.0
15884082,1667413187.0,0x232e2fd91c88f8e2a06acdaa0ed199516ba31efa,,0.0
15884153,1667414039.0,0x3928423fe12f761c1bd13d0ddfacfd9320d57b60,0x232e2fd91c88f8e2a06acdaa0ed199516ba31efa,0.05
15884155,1667414063.0,0x232e2fd91c88f8e2a06acdaa0ed199516ba31efa,,0.0
15884177,1667414327.0,0x3928423fe12f761c1bd13d0ddfacfd9320d57b60,0x232e2fd91c88f8e2a06acdaa0ed199516ba31efa,0.05
15884240,1667415095.0,0x232e2fd91c88f8e2a06acdaa0ed199516ba31efa,,0.0
15884275,1667415515.0,0x232e2fd91c88f8e2a06acdaa0ed199516ba31efa,,0.0
15889693,1667480879.0,0x232e2fd91c88f8e2a06acdaa0ed199516ba31efa,0x33349b282065b0284d756f0577fb39c158f935e6,0.0
15890115,1667486051.0,0x232e2fd91c88f8e2a06acdaa0ed199516ba31efa,0x7bf77b45c17f430bae50d5ceef1fd32a627540fa,0.0
15891275,1667500067.0,0x232e2fd91c88f8e2a06acdaa0ed199516ba31efa,0x15f2a0a29c49fc39000780ec6fa3356c8b083298,0.0
15907065,1667690531.0,0x232e2fd91c88f8e2a06acdaa0ed199516ba31efa,0x0779d35f77fb1e5799ef7e062d0bb90335a69c98,0.001
15907208,1667692259.0,0x232e2fd91c88f8e2a06acdaa0ed199516ba31efa,0x439b54caf661c21e6b231d972d7eaa98f199590f,0.0
15907217,1667692367.0,0x232e2fd91c88f8e2a06acdaa0ed199516ba31efa,0x439b54caf661c21e6b231d972d7eaa98f199590f,0.0
15907384,1667694383.0,0x232e2fd91c88f8e2a06acdaa0ed199516ba31efa,0x1161ef73d7254a778f9f6f83ec24fbfec40870a4,0.0
15907439,1667695043.0,0x232e2fd91c88f8e2a06acdaa0ed199516ba31efa,0xa240a29355eb847667178f860b13124def0e71c7,0.0
15908496,1667707775.0,0x232e2fd91c88f8e2a06acdaa0ed199516ba31efa,0xb6bc1a713e4b11fa31480d31c825dcfd7e8fabfd,0.0
15908626,1667709347.0,0x232e2fd91c88f8e2a06acdaa0ed199516ba31efa,0x2c50b30b7a5ceb1c12b646b7c00626408f8cfd9f,0.0
15908635,1667709455.0,0x232e2fd91c88f8e2a06acdaa0ed199516ba31efa,0x2c50b30b7a5ceb1c12b646b7c00626408f8cfd9f,0.0
15932788,1668000731.0,0x232e2fd91c88f8e2a06acdaa0ed199516ba31efa,0x64aa3364f17a4d01c6f1751fd97c2bd3d7e7f1d5,0.0
15932790,1668000755.0,0x232e2fd91c88f8e2a06acdaa0ed199516ba31efa,0x68b3465833fb72a70ecdf485e0e4c7bd8665fc45,0.0
15933466,1668008975.0,0x232e2fd91c88f8e2a06acdaa0ed199516ba31efa,0x9469d013805bffb7d3debe5e7839237e535ec483,0.0
16022054,1669077935.0,0x232e2fd91c88f8e2a06acdaa0ed199516ba31efa,0xc02aaa39b223fe8d0a0e5c4f27ead9083c756cc2,0.0052573347764133
16022259,1669080407.0,0x232e2fd91c88f8e2a06acdaa0ed199516ba31efa,0xc02aaa39b223fe8d0a0e5c4f27ead9083c756cc2,0.0
16022259,1669080407.0,0x232e2fd91c88f8e2a06acdaa0ed199516ba31efa,0xc02aaa39b223fe8d0a0e5c4f27ead9083c756cc2,0.0
16387751,1673490671.0,0x232e2fd91c88f8e2a06acdaa0ed199516ba31efa,0x232e2fd91c88f8e2a06acdaa0ed199516ba31efa,0.0
16387798,1673491235.0,0x232e2fd91c88f8e2a06acdaa0ed199516ba31efa,0xa0b86991c6218b36c1d19d4a2e9eb0ce3606eb48,0.0
16387803,1673491295.0,0x232e2fd91c88f8e2a06acdaa0ed199516ba31efa,0xa0b86991c6218b36c1d19d4a2e9eb0ce3606eb48,0.0
16387815,1673491439.0,0x232e2fd91c88f8e2a06acdaa0ed199516ba31efa,0xa0b86991c6218b36c1d19d4a2e9eb0ce3606eb48,0.0
16387815,1673491439.0,0x232e2fd91c88f8e2a06acdaa0ed199516ba31efa,0xa0b86991c6218b36c1d19d4a2e9eb0ce3606eb48,0.0
16387815,1673491439.0,0x232e2fd91c88f8e2a06acdaa0ed199516ba31efa,0xa0b86991c6218b36c1d19d4a2e9eb0ce3606eb48,0.0
16387873,1673492147.0,0x232e2fd91c88f8e2a06acdaa0ed199516ba31efa,0xc02aaa39b223fe8d0a0e5c4f27ead9083c756cc2,0.0
16387873,1673492147.0,0x232e2fd91c88f8e2a06acdaa0ed199516ba31efa,0xc02aaa39b223fe8d0a0e5c4f27ead9083c756cc2,0.0
16387874,1673492159.0,0x232e2fd91c88f8e2a06acdaa0ed199516ba31efa,0xa0b86991c6218b36c1d19d4a2e9eb0ce3606eb48,0.0
16810970,1678612283.0,0x232e2fd91c88f8e2a06acdaa0ed199516ba31efa,0xc02aaa39b223fe8d0a0e5c4f27ead9083c756cc2,0.0
16816410,1678678307.0,0x232e2fd91c88f8e2a06acdaa0ed199516ba31efa,0xc02aaa39b223fe8d0a0e5c4f27ead9083c756cc2,0.0
16914725,1679871599.0,0xc02aaa39b223fe8d0a0e5c4f27ead9083c756cc2,0x232e2fd91c88f8e2a06acdaa0ed199516ba31efa,0.002
16914725,1679871599.0,0x232e2fd91c88f8e2a06acdaa0ed199516ba31efa,0xc02aaa39b223fe8d0a0e5c4f27ead9083c756cc2,0.0
16923194,1679974367.0,0xc02aaa39b223fe8d0a0e5c4f27ead9083c756cc2,0x232e2fd91c88f8e2a06acdaa0ed199516ba31efa,0.0032573347764133
16923194,1679974367.0,0x232e2fd91c88f8e2a06acdaa0ed199516ba31efa,0xc02aaa39b223fe8d0a0e5c4f27ead9083c756cc2,0.0
16923196,1679974391.0,0x232e2fd91c88f8e2a06acdaa0ed199516ba31efa,0x9469d013805bffb7d3debe5e7839237e535ec483,0.0
17106505,1682222483.0,0xb8901acb165ed027e32754e0ffe830802919727f,0x232e2fd91c88f8e2a06acdaa0ed199516ba31efa,0.0548335752043196
17107594,1682235671.0,0x232e2fd91c88f8e2a06acdaa0ed199516ba31efa,0x283af0b28c62c092c9727f1ee09c02ca627eb7f5,0.0
17107602,1682235779.0,0x283af0b28c62c092c9727f1ee09c02ca627eb7f5,0x232e2fd91c88f8e2a06acdaa0ed199516ba31efa,0.0002679076648047
17107602,1682235779.0,0x232e2fd91c88f8e2a06acdaa0ed199516ba31efa,0x283af0b28c62c092c9727f1ee09c02ca627eb7f5,0.0029469843128523
17107605,1682235815.0,0x232e2fd91c88f8e2a06acdaa0ed199516ba31efa,0xa58e81fe9b61b5c3fe2afd33cf304c454abfc7cb,0.0
17116869,1682348075.0,0x232e2fd91c88f8e2a06acdaa0ed199516ba31efa,0xef1c6e67703c7bd7107eed8303fbe6ec2554bf6b,0.0
17116874,1682348135.0,0x232e2fd91c88f8e2a06acdaa0ed199516ba31efa,0xc02aaa39b223fe8d0a0e5c4f27ead9083c756cc2,0.0
17182037,1683139307.0,0x232e2fd91c88f8e2a06acdaa0ed199516ba31efa,0xc02aaa39b223fe8d0a0e5c4f27ead9083c756cc2,0.0
17409226,1685905919.0,0x12d66f87a04a9e220743712ce6d9bb1b5616b8fc,0x232e2fd91c88f8e2a06acdaa0ed199516ba31efa,0.0866917811942
17814378,1690823243.0,0x3fc91a3afd70395cd496c647d5a6cc9d4b2b7fad,0x232e2fd91c88f8e2a06acdaa0ed199516ba31efa,0.0004034557756039
17814378,1690823243.0,0x232e2fd91c88f8e2a06acdaa0ed199516ba31efa,0x3fc91a3afd70395cd496c647d5a6cc9d4b2b7fad,0.0084725712876819
17814385,1690823327.0,0x232e2fd91c88f8e2a06acdaa0ed199516ba31efa,0xa0b86991c6218b36c1d19d4a2e9eb0ce3606eb48,0.0
17814489,1690824587.0,0x232e2fd91c88f8e2a06acdaa0ed199516ba31efa,0x80c67432656d59144ceff962e8faf8926599bcf8,0.051200000000009
18178390,1695228443.0,0x232e2fd91c88f8e2a06acdaa0ed199516ba31efa,0x38a5c7bedcbb8776da9bc8c7e5ff820ea435b459,0.016
18260316,1696219163.0,0x232e2fd91c88f8e2a06acdaa0ed199516ba31efa,0xaff1cccbe3178405987f693e91914dd0fc0a8f9d,0.01198
18260909,1696226363.0,0x232e2fd91c88f8e2a06acdaa0ed199516ba31efa,0x01fd966adb976e1f29c2a71faf214266ac14a3ee,0.0138
