BlockHeight,TimeStamp,From,To,Value
15008082,1655908744.0,0xcdbc9c0bf06fdadb39f854445c384be8a983a799,0x233a939cf56b10d4a5cfc1473fb3ea3b4bbafd5d,0.1
15008097,1655908936.0,0x233a939cf56b10d4a5cfc1473fb3ea3b4bbafd5d,0xb852c6b5892256c264cc2c888ea462189154d8d7,0.0
15008105,1655908981.0,0x233a939cf56b10d4a5cfc1473fb3ea3b4bbafd5d,0xc02aaa39b223fe8d0a0e5c4f27ead9083c756cc2,0.0
15008284,1655911531.0,0x00000000006c3852cbef3e08e8df289169ede581,0x233a939cf56b10d4a5cfc1473fb3ea3b4bbafd5d,0.481
15012953,1655987406.0,0x233a939cf56b10d4a5cfc1473fb3ea3b4bbafd5d,0xfee841779ff12904ecea3945797c86b10a076eac,0.5
15072885,1656895482.0,0x233a939cf56b10d4a5cfc1473fb3ea3b4bbafd5d,0xa9709c8023f502adfa15d5d9eda01fa07a0e531c,0.0744921716621127
15302365,1659972680.0,0x693898ca99f5caa6805221004aace034b92e4483,0x233a939cf56b10d4a5cfc1473fb3ea3b4bbafd5d,0.1
15302366,1659972705.0,0x233a939cf56b10d4a5cfc1473fb3ea3b4bbafd5d,0x160c404b2b49cbc3240055ceaee026df1e8497a0,0.0
15302366,1659972705.0,0x233a939cf56b10d4a5cfc1473fb3ea3b4bbafd5d,0x160c404b2b49cbc3240055ceaee026df1e8497a0,0.0
15302366,1659972705.0,0x233a939cf56b10d4a5cfc1473fb3ea3b4bbafd5d,0x160c404b2b49cbc3240055ceaee026df1e8497a0,0.0
15302370,1659972772.0,0x233a939cf56b10d4a5cfc1473fb3ea3b4bbafd5d,0xc36442b4a4522e871399cd717abdd847ab11fe88,0.0
15302370,1659972772.0,0x233a939cf56b10d4a5cfc1473fb3ea3b4bbafd5d,0xc36442b4a4522e871399cd717abdd847ab11fe88,0.0
15302370,1659972772.0,0x233a939cf56b10d4a5cfc1473fb3ea3b4bbafd5d,0xc36442b4a4522e871399cd717abdd847ab11fe88,0.0
15302370,1659972772.0,0x233a939cf56b10d4a5cfc1473fb3ea3b4bbafd5d,0xc36442b4a4522e871399cd717abdd847ab11fe88,0.0
15302370,1659972772.0,0x233a939cf56b10d4a5cfc1473fb3ea3b4bbafd5d,0xc36442b4a4522e871399cd717abdd847ab11fe88,0.0
15302371,1659972776.0,0x233a939cf56b10d4a5cfc1473fb3ea3b4bbafd5d,0xc36442b4a4522e871399cd717abdd847ab11fe88,0.0
15302375,1659972794.0,0x233a939cf56b10d4a5cfc1473fb3ea3b4bbafd5d,0xc36442b4a4522e871399cd717abdd847ab11fe88,0.0
15304314,1659998180.0,0xc02aaa39b223fe8d0a0e5c4f27ead9083c756cc2,0x233a939cf56b10d4a5cfc1473fb3ea3b4bbafd5d,0.0428874378330416
15304314,1659998180.0,0x233a939cf56b10d4a5cfc1473fb3ea3b4bbafd5d,0xc02aaa39b223fe8d0a0e5c4f27ead9083c756cc2,0.0
15315455,1660149559.0,0x233a939cf56b10d4a5cfc1473fb3ea3b4bbafd5d,0xc02aaa39b223fe8d0a0e5c4f27ead9083c756cc2,0.0
15315455,1660149559.0,0xc02aaa39b223fe8d0a0e5c4f27ead9083c756cc2,0x233a939cf56b10d4a5cfc1473fb3ea3b4bbafd5d,0.2
15315607,1660151495.0,0x233a939cf56b10d4a5cfc1473fb3ea3b4bbafd5d,0xdfe3ac769b2d8e382cb86143e0b0b497e1ed5447,0.0
15315622,1660151642.0,0x233a939cf56b10d4a5cfc1473fb3ea3b4bbafd5d,0xdfe3ac769b2d8e382cb86143e0b0b497e1ed5447,0.0
15315911,1660155435.0,0xc0598552d8f2d77f5a187ca8c64f4c211b0a41dd,0x233a939cf56b10d4a5cfc1473fb3ea3b4bbafd5d,0.0929279698343191
15317140,1660171933.0,0x233a939cf56b10d4a5cfc1473fb3ea3b4bbafd5d,0xacf0c159ae977f1055a74b09c0274e2b187d0e48,0.2
15317141,1660171964.0,0x233a939cf56b10d4a5cfc1473fb3ea3b4bbafd5d,0xf07468ead8cf26c752c676e43c814fee9c8cf402,0.0
15317141,1660171964.0,0x233a939cf56b10d4a5cfc1473fb3ea3b4bbafd5d,0xdfe3ac769b2d8e382cb86143e0b0b497e1ed5447,0.0
15317141,1660171964.0,0x233a939cf56b10d4a5cfc1473fb3ea3b4bbafd5d,0xf9c362cdd6eeba080dd87845e88512aa0a18c615,0.0
15317141,1660171964.0,0x233a939cf56b10d4a5cfc1473fb3ea3b4bbafd5d,0xf9c362cdd6eeba080dd87845e88512aa0a18c615,0.0
15317141,1660171964.0,0x233a939cf56b10d4a5cfc1473fb3ea3b4bbafd5d,0xf9c362cdd6eeba080dd87845e88512aa0a18c615,0.0
15317141,1660171964.0,0x233a939cf56b10d4a5cfc1473fb3ea3b4bbafd5d,0xf9c362cdd6eeba080dd87845e88512aa0a18c615,0.0
15317141,1660171964.0,0x233a939cf56b10d4a5cfc1473fb3ea3b4bbafd5d,0x356870686fbfb1fde2a0381e33fba6134d46a65a,0.0
15317141,1660171964.0,0x233a939cf56b10d4a5cfc1473fb3ea3b4bbafd5d,0x3e7fc44e25c07be3d67c241e6e59cb838df2f892,0.0
15317141,1660171964.0,0x233a939cf56b10d4a5cfc1473fb3ea3b4bbafd5d,0xf9c362cdd6eeba080dd87845e88512aa0a18c615,0.0
15317141,1660171964.0,0x233a939cf56b10d4a5cfc1473fb3ea3b4bbafd5d,0xf9c362cdd6eeba080dd87845e88512aa0a18c615,0.0
15317591,1660178264.0,0xc02aaa39b223fe8d0a0e5c4f27ead9083c756cc2,0x233a939cf56b10d4a5cfc1473fb3ea3b4bbafd5d,0.0248794292191231
15317591,1660178264.0,0x233a939cf56b10d4a5cfc1473fb3ea3b4bbafd5d,0xc02aaa39b223fe8d0a0e5c4f27ead9083c756cc2,0.0
15317595,1660178305.0,0x233a939cf56b10d4a5cfc1473fb3ea3b4bbafd5d,0x56015bbe3c01fe05bc30a8a9a9fd9a88917e7db3,0.0
15317604,1660178446.0,0x1111111254fb6c44bac0bed2854e76f90643097d,0x233a939cf56b10d4a5cfc1473fb3ea3b4bbafd5d,0.0935673673634658
15317604,1660178446.0,0x233a939cf56b10d4a5cfc1473fb3ea3b4bbafd5d,0x1111111254fb6c44bac0bed2854e76f90643097d,0.0
15317875,1660181974.0,0x233a939cf56b10d4a5cfc1473fb3ea3b4bbafd5d,0x1bb6edf7b129967d512086fbdf489ed659580916,0.0
15317875,1660181974.0,0x233a939cf56b10d4a5cfc1473fb3ea3b4bbafd5d,0x1ca39c7f0f65b4da24b094a9afac7acf626b7f38,0.0
15317875,1660181974.0,0x233a939cf56b10d4a5cfc1473fb3ea3b4bbafd5d,0x11450058d796b02eb53e65374be59cff65d3fe7f,0.0
15319197,1660199949.0,0x233a939cf56b10d4a5cfc1473fb3ea3b4bbafd5d,0xacf0c159ae977f1055a74b09c0274e2b187d0e48,0.16
15321803,1660235981.0,0x7afd9f5396841ad270ad8becbd6e9c7aa128c866,0x233a939cf56b10d4a5cfc1473fb3ea3b4bbafd5d,0.0
15321846,1660236627.0,0x7afd9f5396841ad270ad8becbd6e9c7aa128c866,0x233a939cf56b10d4a5cfc1473fb3ea3b4bbafd5d,0.0
15323440,1660258642.0,0x233a939cf56b10d4a5cfc1473fb3ea3b4bbafd5d,0x364c828ee171616a39897688a831c2499ad972ec,0.0
15326034,1660294158.0,0x233a939cf56b10d4a5cfc1473fb3ea3b4bbafd5d,0x94638cbf3c54c1f956a5f05cbc0f9afb6822020d,0.0
15326318,1660297852.0,0x233a939cf56b10d4a5cfc1473fb3ea3b4bbafd5d,0x282a7d13152b3f51a3e31d46a2ca563f8554d85d,0.0
15327748,1660317766.0,0x233a939cf56b10d4a5cfc1473fb3ea3b4bbafd5d,0x6632a9d63e142f17a668064d41a21193b49b41a0,0.0
15329632,1660342814.0,0x233a939cf56b10d4a5cfc1473fb3ea3b4bbafd5d,0x67421c8622f8e38fe9868b4636b8dc855347d570,0.0
15330258,1660351392.0,0x233a939cf56b10d4a5cfc1473fb3ea3b4bbafd5d,0x49cf6f5d44e70224e2e23fdcdd2c053f30ada28b,0.0
15330258,1660351392.0,0x233a939cf56b10d4a5cfc1473fb3ea3b4bbafd5d,0x7bd29408f11d2bfc23c34f18275bbf23bb716bc7,0.0
15331064,1660361829.0,0x233a939cf56b10d4a5cfc1473fb3ea3b4bbafd5d,0x95ad61b0a150d79219dcf64e1e6cc01f0b64c4ce,0.0
15331068,1660361872.0,0x233a939cf56b10d4a5cfc1473fb3ea3b4bbafd5d,0x0f5d2fb29fb7d3cfee444a200298f468908cc942,0.0
15331068,1660361872.0,0x233a939cf56b10d4a5cfc1473fb3ea3b4bbafd5d,0xa0b73e1ff0b80914ab6fe0444e65848c4c34450b,0.0
15331069,1660361899.0,0x1111111254fb6c44bac0bed2854e76f90643097d,0x233a939cf56b10d4a5cfc1473fb3ea3b4bbafd5d,0.0644105172948371
15331069,1660361899.0,0x233a939cf56b10d4a5cfc1473fb3ea3b4bbafd5d,0x1111111254fb6c44bac0bed2854e76f90643097d,0.0
15331071,1660361927.0,0x1111111254fb6c44bac0bed2854e76f90643097d,0x233a939cf56b10d4a5cfc1473fb3ea3b4bbafd5d,0.061981676814966
15331071,1660361927.0,0x233a939cf56b10d4a5cfc1473fb3ea3b4bbafd5d,0x1111111254fb6c44bac0bed2854e76f90643097d,0.0
15331072,1660361951.0,0x233a939cf56b10d4a5cfc1473fb3ea3b4bbafd5d,0x1111111254fb6c44bac0bed2854e76f90643097d,0.0
15331072,1660361951.0,0x1111111254fb6c44bac0bed2854e76f90643097d,0x233a939cf56b10d4a5cfc1473fb3ea3b4bbafd5d,0.0292547748536458
15332809,1660385717.0,0x233a939cf56b10d4a5cfc1473fb3ea3b4bbafd5d,0xcd041f40d497038e2da65988b7d7e2c0d9244619,0.0
15333588,1660396026.0,0x233a939cf56b10d4a5cfc1473fb3ea3b4bbafd5d,0xfe8c6d19365453d26af321d0e8c910428c23873f,0.0
15333592,1660396051.0,0x233a939cf56b10d4a5cfc1473fb3ea3b4bbafd5d,0x3b1417c1f204607deda4767929497256e4ff540c,0.0
15333918,1660400488.0,0xc02aaa39b223fe8d0a0e5c4f27ead9083c756cc2,0x233a939cf56b10d4a5cfc1473fb3ea3b4bbafd5d,0.5112375
15333918,1660400488.0,0x233a939cf56b10d4a5cfc1473fb3ea3b4bbafd5d,0xc02aaa39b223fe8d0a0e5c4f27ead9083c756cc2,0.0
15333929,1660400649.0,0x233a939cf56b10d4a5cfc1473fb3ea3b4bbafd5d,0xacf0c159ae977f1055a74b09c0274e2b187d0e48,0.66
15336141,1660431013.0,0x233a939cf56b10d4a5cfc1473fb3ea3b4bbafd5d,0xe0176ba60efddb29cac5b15338c9962daee9de0c,0.0
15336321,1660433372.0,0x233a939cf56b10d4a5cfc1473fb3ea3b4bbafd5d,0x892848074ddea461a15f337250da3ce55580ca85,0.0
15336321,1660433372.0,0x233a939cf56b10d4a5cfc1473fb3ea3b4bbafd5d,0x892848074ddea461a15f337250da3ce55580ca85,0.0
15336321,1660433372.0,0x233a939cf56b10d4a5cfc1473fb3ea3b4bbafd5d,0x7d8820fa92eb1584636f4f5b8515b5476b75171a,0.0
15336499,1660435832.0,0x233a939cf56b10d4a5cfc1473fb3ea3b4bbafd5d,0x1111111254fb6c44bac0bed2854e76f90643097d,0.0
15336504,1660435888.0,0x233a939cf56b10d4a5cfc1473fb3ea3b4bbafd5d,0xae7ab96520de3a18e5e111b5eaab095312d7fe84,0.0
15336504,1660435888.0,0x233a939cf56b10d4a5cfc1473fb3ea3b4bbafd5d,0x1111111254fb6c44bac0bed2854e76f90643097d,0.0
15336509,1660435953.0,0x1111111254fb6c44bac0bed2854e76f90643097d,0x233a939cf56b10d4a5cfc1473fb3ea3b4bbafd5d,0.9781598670484132
15336509,1660435953.0,0x233a939cf56b10d4a5cfc1473fb3ea3b4bbafd5d,0x1111111254fb6c44bac0bed2854e76f90643097d,0.0
15336738,1660439160.0,0x233a939cf56b10d4a5cfc1473fb3ea3b4bbafd5d,0xe4b679400f0f267212d5d812b95f58c83243ee71,0.0
15340520,1660490097.0,0x233a939cf56b10d4a5cfc1473fb3ea3b4bbafd5d,0xacf0c159ae977f1055a74b09c0274e2b187d0e48,0.96
15344558,1660546582.0,0xcb57d7099eea03d6e2f123b7ffc09a1e36d2300a,0x233a939cf56b10d4a5cfc1473fb3ea3b4bbafd5d,0.2591501102551068
15350757,1660631043.0,0x233a939cf56b10d4a5cfc1473fb3ea3b4bbafd5d,0xc36442b4a4522e871399cd717abdd847ab11fe88,0.0
15350757,1660631043.0,0x233a939cf56b10d4a5cfc1473fb3ea3b4bbafd5d,0xc36442b4a4522e871399cd717abdd847ab11fe88,0.0
15354435,1660681179.0,0x808a023b72260170c95d831f589a1ae0dca1e43e,0x233a939cf56b10d4a5cfc1473fb3ea3b4bbafd5d,0.001
15356090,1660704012.0,0x233a939cf56b10d4a5cfc1473fb3ea3b4bbafd5d,0x497a9a79e82e6fc0ff10a16f6f75e6fcd5ae65a8,0.0
15356090,1660704012.0,0x233a939cf56b10d4a5cfc1473fb3ea3b4bbafd5d,0x26badf693f2b103b021c670c852262b379bbbe8a,0.0
15356090,1660704012.0,0x233a939cf56b10d4a5cfc1473fb3ea3b4bbafd5d,0x1485297e942ce64e0870ece60179dfda34b4c625,0.0
15356090,1660704012.0,0x233a939cf56b10d4a5cfc1473fb3ea3b4bbafd5d,0x86cc280d0bac0bd4ea38ba7d31e895aa20cceb4b,0.0
15356090,1660704012.0,0x233a939cf56b10d4a5cfc1473fb3ea3b4bbafd5d,0x26badf693f2b103b021c670c852262b379bbbe8a,0.0
15356090,1660704012.0,0x233a939cf56b10d4a5cfc1473fb3ea3b4bbafd5d,0x659a4bdaaacc62d2bd9cb18225d9c89b5b697a5a,0.0
15356090,1660704012.0,0x233a939cf56b10d4a5cfc1473fb3ea3b4bbafd5d,0x659a4bdaaacc62d2bd9cb18225d9c89b5b697a5a,0.0
15356091,1660704034.0,0x233a939cf56b10d4a5cfc1473fb3ea3b4bbafd5d,0x26badf693f2b103b021c670c852262b379bbbe8a,0.0
15356091,1660704034.0,0x233a939cf56b10d4a5cfc1473fb3ea3b4bbafd5d,0x7deda0afe6df3da6a85a87b371f8b464c30c6803,0.0
15356372,1660707753.0,0xcb57d7099eea03d6e2f123b7ffc09a1e36d2300a,0x233a939cf56b10d4a5cfc1473fb3ea3b4bbafd5d,0.6254323423977372
15356561,1660710146.0,0xc02aaa39b223fe8d0a0e5c4f27ead9083c756cc2,0x233a939cf56b10d4a5cfc1473fb3ea3b4bbafd5d,0.072675
15356561,1660710146.0,0x233a939cf56b10d4a5cfc1473fb3ea3b4bbafd5d,0xc02aaa39b223fe8d0a0e5c4f27ead9083c756cc2,0.0
15356564,1660710164.0,0x233a939cf56b10d4a5cfc1473fb3ea3b4bbafd5d,0xacf0c159ae977f1055a74b09c0274e2b187d0e48,0.95
15357167,1660718298.0,0x233a939cf56b10d4a5cfc1473fb3ea3b4bbafd5d,0x7bd29408f11d2bfc23c34f18275bbf23bb716bc7,0.0
15357167,1660718298.0,0x233a939cf56b10d4a5cfc1473fb3ea3b4bbafd5d,0x7bd29408f11d2bfc23c34f18275bbf23bb716bc7,0.0
15358587,1660737384.0,0xaab95c9db365baf0247e489d9f79fb87248f9f23,0x233a939cf56b10d4a5cfc1473fb3ea3b4bbafd5d,1.6065100247612925
15358601,1660737568.0,0x233a939cf56b10d4a5cfc1473fb3ea3b4bbafd5d,0x7bd29408f11d2bfc23c34f18275bbf23bb716bc7,0.0
15358601,1660737568.0,0x233a939cf56b10d4a5cfc1473fb3ea3b4bbafd5d,0x31385d3520bced94f77aae104b406994d8f2168c,0.0
15358601,1660737568.0,0x233a939cf56b10d4a5cfc1473fb3ea3b4bbafd5d,0x7bd29408f11d2bfc23c34f18275bbf23bb716bc7,0.0
15358652,1660738372.0,0x233a939cf56b10d4a5cfc1473fb3ea3b4bbafd5d,0xc02aaa39b223fe8d0a0e5c4f27ead9083c756cc2,0.0
15358652,1660738372.0,0xc02aaa39b223fe8d0a0e5c4f27ead9083c756cc2,0x233a939cf56b10d4a5cfc1473fb3ea3b4bbafd5d,1.0
15358654,1660738414.0,0x233a939cf56b10d4a5cfc1473fb3ea3b4bbafd5d,0xc02aaa39b223fe8d0a0e5c4f27ead9083c756cc2,0.0
15358654,1660738414.0,0xc02aaa39b223fe8d0a0e5c4f27ead9083c756cc2,0x233a939cf56b10d4a5cfc1473fb3ea3b4bbafd5d,4.655
15358662,1660738540.0,0x233a939cf56b10d4a5cfc1473fb3ea3b4bbafd5d,0x7bd29408f11d2bfc23c34f18275bbf23bb716bc7,0.0
15358662,1660738540.0,0x233a939cf56b10d4a5cfc1473fb3ea3b4bbafd5d,0x7bd29408f11d2bfc23c34f18275bbf23bb716bc7,0.0
15358824,1660740656.0,0xacf0c159ae977f1055a74b09c0274e2b187d0e48,0x233a939cf56b10d4a5cfc1473fb3ea3b4bbafd5d,7.6
15358831,1660740737.0,0x233a939cf56b10d4a5cfc1473fb3ea3b4bbafd5d,0x1111111254fb6c44bac0bed2854e76f90643097d,14.8
15358840,1660740890.0,0x233a939cf56b10d4a5cfc1473fb3ea3b4bbafd5d,0xe4b679400f0f267212d5d812b95f58c83243ee71,0.0
15360651,1660765703.0,0x233a939cf56b10d4a5cfc1473fb3ea3b4bbafd5d,0x41f20599e9e049004c4d169046eb7023117a6244,0.0
15360651,1660765703.0,0x233a939cf56b10d4a5cfc1473fb3ea3b4bbafd5d,0x41f20599e9e049004c4d169046eb7023117a6244,0.0
15360651,1660765703.0,0x233a939cf56b10d4a5cfc1473fb3ea3b4bbafd5d,0x7bd29408f11d2bfc23c34f18275bbf23bb716bc7,0.0
15360651,1660765703.0,0x233a939cf56b10d4a5cfc1473fb3ea3b4bbafd5d,0x41f20599e9e049004c4d169046eb7023117a6244,0.0
15360680,1660766027.0,0x233a939cf56b10d4a5cfc1473fb3ea3b4bbafd5d,0x41f20599e9e049004c4d169046eb7023117a6244,0.0
15360680,1660766027.0,0x233a939cf56b10d4a5cfc1473fb3ea3b4bbafd5d,0x41f20599e9e049004c4d169046eb7023117a6244,0.0
15360680,1660766027.0,0x233a939cf56b10d4a5cfc1473fb3ea3b4bbafd5d,0x7bd29408f11d2bfc23c34f18275bbf23bb716bc7,0.0
15360680,1660766027.0,0x233a939cf56b10d4a5cfc1473fb3ea3b4bbafd5d,0x41f20599e9e049004c4d169046eb7023117a6244,0.0
15360680,1660766027.0,0x233a939cf56b10d4a5cfc1473fb3ea3b4bbafd5d,0x41f20599e9e049004c4d169046eb7023117a6244,0.0
15360680,1660766027.0,0x233a939cf56b10d4a5cfc1473fb3ea3b4bbafd5d,0x41f20599e9e049004c4d169046eb7023117a6244,0.0
15360680,1660766027.0,0x233a939cf56b10d4a5cfc1473fb3ea3b4bbafd5d,0x7bd29408f11d2bfc23c34f18275bbf23bb716bc7,0.0
15360680,1660766027.0,0x233a939cf56b10d4a5cfc1473fb3ea3b4bbafd5d,0xbd275ce24f32d6ce4e9d9519c55abe9bc0ed7fcf,0.0
15360680,1660766027.0,0x233a939cf56b10d4a5cfc1473fb3ea3b4bbafd5d,0x41f20599e9e049004c4d169046eb7023117a6244,0.0
15360680,1660766027.0,0x233a939cf56b10d4a5cfc1473fb3ea3b4bbafd5d,0x41f20599e9e049004c4d169046eb7023117a6244,0.0
15360680,1660766027.0,0x233a939cf56b10d4a5cfc1473fb3ea3b4bbafd5d,0x41f20599e9e049004c4d169046eb7023117a6244,0.0
15360680,1660766027.0,0x233a939cf56b10d4a5cfc1473fb3ea3b4bbafd5d,0x7bd29408f11d2bfc23c34f18275bbf23bb716bc7,0.0
15360680,1660766027.0,0x233a939cf56b10d4a5cfc1473fb3ea3b4bbafd5d,0x41f20599e9e049004c4d169046eb7023117a6244,0.0
15360680,1660766027.0,0x233a939cf56b10d4a5cfc1473fb3ea3b4bbafd5d,0x41f20599e9e049004c4d169046eb7023117a6244,0.0
15360680,1660766027.0,0x233a939cf56b10d4a5cfc1473fb3ea3b4bbafd5d,0x41f20599e9e049004c4d169046eb7023117a6244,0.0
15360680,1660766027.0,0x233a939cf56b10d4a5cfc1473fb3ea3b4bbafd5d,0x7bd29408f11d2bfc23c34f18275bbf23bb716bc7,0.0
15360680,1660766027.0,0x233a939cf56b10d4a5cfc1473fb3ea3b4bbafd5d,0x41f20599e9e049004c4d169046eb7023117a6244,0.0
15360680,1660766027.0,0x233a939cf56b10d4a5cfc1473fb3ea3b4bbafd5d,0x7bd29408f11d2bfc23c34f18275bbf23bb716bc7,0.0
15360680,1660766027.0,0x233a939cf56b10d4a5cfc1473fb3ea3b4bbafd5d,0x7bd29408f11d2bfc23c34f18275bbf23bb716bc7,0.0
15360680,1660766027.0,0x233a939cf56b10d4a5cfc1473fb3ea3b4bbafd5d,0x41f20599e9e049004c4d169046eb7023117a6244,0.0
15360680,1660766027.0,0x233a939cf56b10d4a5cfc1473fb3ea3b4bbafd5d,0x41f20599e9e049004c4d169046eb7023117a6244,0.0
15360680,1660766027.0,0x233a939cf56b10d4a5cfc1473fb3ea3b4bbafd5d,0x41f20599e9e049004c4d169046eb7023117a6244,0.0
15361421,1660776662.0,0x233a939cf56b10d4a5cfc1473fb3ea3b4bbafd5d,0x8eaa9ae1ac89b1c8c8a8104d08c045f78aadb42d,0.0
15361421,1660776662.0,0x233a939cf56b10d4a5cfc1473fb3ea3b4bbafd5d,0xeda3b617646b5fc8c9c696e0356390128ce900f8,0.0
15361421,1660776662.0,0x233a939cf56b10d4a5cfc1473fb3ea3b4bbafd5d,0x8eaa9ae1ac89b1c8c8a8104d08c045f78aadb42d,0.0
15361421,1660776662.0,0x233a939cf56b10d4a5cfc1473fb3ea3b4bbafd5d,0x2a459947f0ac25ec28c197f09c2d88058a83f3bb,0.0
15361421,1660776662.0,0x233a939cf56b10d4a5cfc1473fb3ea3b4bbafd5d,0x13927739076014913a3a7c207ef84c5be4780014,0.0
15361421,1660776662.0,0x233a939cf56b10d4a5cfc1473fb3ea3b4bbafd5d,0xa1d4657e0e6507d5a94d06da93e94dc7c8c44b51,0.0
15361421,1660776662.0,0x233a939cf56b10d4a5cfc1473fb3ea3b4bbafd5d,0x8eaa9ae1ac89b1c8c8a8104d08c045f78aadb42d,0.0
15361498,1660777818.0,0x233a939cf56b10d4a5cfc1473fb3ea3b4bbafd5d,0x94e0bab2f6ab1f19f4750e42d7349f2740513ad5,0.0
15361502,1660777905.0,0x233a939cf56b10d4a5cfc1473fb3ea3b4bbafd5d,0xe6e90bc9f3b95cdb69f48c7bfdd0ede1386b135a,0.0
15361502,1660777905.0,0xe6e90bc9f3b95cdb69f48c7bfdd0ede1386b135a,0x233a939cf56b10d4a5cfc1473fb3ea3b4bbafd5d,0.3500190186214312
15363422,1660803344.0,0x233a939cf56b10d4a5cfc1473fb3ea3b4bbafd5d,0xeb3a9a839dfeeaf71db1b4ed6a8ae0ccb171b227,0.0
15363422,1660803344.0,0x233a939cf56b10d4a5cfc1473fb3ea3b4bbafd5d,0xeb3a9a839dfeeaf71db1b4ed6a8ae0ccb171b227,0.0
15364987,1660825512.0,0x233a939cf56b10d4a5cfc1473fb3ea3b4bbafd5d,0xacf0c159ae977f1055a74b09c0274e2b187d0e48,0.37
15365663,1660834714.0,0x233a939cf56b10d4a5cfc1473fb3ea3b4bbafd5d,0x1111111254fb6c44bac0bed2854e76f90643097d,0.0
15365672,1660834833.0,0xc02aaa39b223fe8d0a0e5c4f27ead9083c756cc2,0x233a939cf56b10d4a5cfc1473fb3ea3b4bbafd5d,1.62332595
15365672,1660834833.0,0x233a939cf56b10d4a5cfc1473fb3ea3b4bbafd5d,0xc02aaa39b223fe8d0a0e5c4f27ead9083c756cc2,0.0
15365680,1660834900.0,0x233a939cf56b10d4a5cfc1473fb3ea3b4bbafd5d,0x1111111254fb6c44bac0bed2854e76f90643097d,1.58
15365692,1660835071.0,0x233a939cf56b10d4a5cfc1473fb3ea3b4bbafd5d,0xe4b679400f0f267212d5d812b95f58c83243ee71,0.0
15365733,1660835656.0,0x233a939cf56b10d4a5cfc1473fb3ea3b4bbafd5d,0xe4b679400f0f267212d5d812b95f58c83243ee71,0.0
15365820,1660836774.0,0x233a939cf56b10d4a5cfc1473fb3ea3b4bbafd5d,0xe4b679400f0f267212d5d812b95f58c83243ee71,0.0
15365856,1660837290.0,0x233a939cf56b10d4a5cfc1473fb3ea3b4bbafd5d,0xe4b679400f0f267212d5d812b95f58c83243ee71,0.0
15367942,1660865614.0,0xc02aaa39b223fe8d0a0e5c4f27ead9083c756cc2,0x233a939cf56b10d4a5cfc1473fb3ea3b4bbafd5d,0.07
15367942,1660865614.0,0x233a939cf56b10d4a5cfc1473fb3ea3b4bbafd5d,0xc02aaa39b223fe8d0a0e5c4f27ead9083c756cc2,0.0
15368425,1660872603.0,0x233a939cf56b10d4a5cfc1473fb3ea3b4bbafd5d,0xc02aaa39b223fe8d0a0e5c4f27ead9083c756cc2,0.0
15368425,1660872603.0,0xc02aaa39b223fe8d0a0e5c4f27ead9083c756cc2,0x233a939cf56b10d4a5cfc1473fb3ea3b4bbafd5d,0.02
15368916,1660878792.0,0x233a939cf56b10d4a5cfc1473fb3ea3b4bbafd5d,0x63336f139ef4d7e6176c22951e9705c2371d4d55,0.1793429381323733
