BlockHeight,TimeStamp,From,To,Value
14165843,1644328940.0,0xb5d85cbf7cb3ee0d56b3bb207d5fc4b82f43f511,0x239b4eb7bbbffafe2c94bd98b01de9db7d35accf,0.00784548
14166535,1644338181.0,0x15ce5e9ec189afff40f5ecf2e177cb945161e1d1,0x239b4eb7bbbffafe2c94bd98b01de9db7d35accf,0.033
14171790,1644408141.0,0x239b4eb7bbbffafe2c94bd98b01de9db7d35accf,0x655979c80623e79fafd28c51efb09087357ec0a6,0.00221846
14172169,1644413345.0,0x239b4eb7bbbffafe2c94bd98b01de9db7d35accf,0xfad677b4b97b6c14247603027334ac5f3fdc44cc,0.0001
14175167,1644453423.0,0x239b4eb7bbbffafe2c94bd98b01de9db7d35accf,0x8ceeb4611665c30734792267258806ac39a3685e,0.001548
14184292,1644576626.0,0x239b4eb7bbbffafe2c94bd98b01de9db7d35accf,0x37981fed1b2bd1205f8274edfddd4ac16a4ed1a4,0.00188578
14185706,1644595171.0,0x239b4eb7bbbffafe2c94bd98b01de9db7d35accf,0x37981fed1b2bd1205f8274edfddd4ac16a4ed1a4,0.00377434
14198041,1644758520.0,0x239b4eb7bbbffafe2c94bd98b01de9db7d35accf,0xded058f3dcfcca10a6e6bf602af43a21a94d102f,0.0174
14204211,1644840721.0,0x239b4eb7bbbffafe2c94bd98b01de9db7d35accf,0x37981fed1b2bd1205f8274edfddd4ac16a4ed1a4,0.00214541
14282289,1645886260.0,0xfad677b4b97b6c14247603027334ac5f3fdc44cc,0x239b4eb7bbbffafe2c94bd98b01de9db7d35accf,0.0026
14282296,1645886352.0,0x239b4eb7bbbffafe2c94bd98b01de9db7d35accf,0xbc52f4e945ab7f1e28662ae7a2c4d1043ee58b10,0.00430867
14373701,1647111799.0,0x6a52391277b1089176d46ac49ff63f30357e5d63,0x239b4eb7bbbffafe2c94bd98b01de9db7d35accf,0.15
14376750,1647153442.0,0x30ee0b928aff96795ffc67c639c6d871706d19e7,0x239b4eb7bbbffafe2c94bd98b01de9db7d35accf,0.1
14378225,1647173391.0,0x239b4eb7bbbffafe2c94bd98b01de9db7d35accf,0xd90e2f925da726b50c4ed8d0fb90ad053324f31b,0.1
14378563,1647177936.0,0x12d66f87a04a9e220743712ce6d9bb1b5616b8fc,0x239b4eb7bbbffafe2c94bd98b01de9db7d35accf,0.0836985
14423230,1647778805.0,0xfad677b4b97b6c14247603027334ac5f3fdc44cc,0x239b4eb7bbbffafe2c94bd98b01de9db7d35accf,0.019567332681828
14423240,1647778911.0,0x239b4eb7bbbffafe2c94bd98b01de9db7d35accf,0xf6fddc65b89190c5260a87506ded780e062b123b,0.2363408337468501
