BlockHeight,TimeStamp,From,To,Value
16094196,1669948823.0,0x44ef7fa469088fbe490676dc1397b163fdb8732f,,0.0
16094198,1669948847.0,0x44ef7fa469088fbe490676dc1397b163fdb8732f,0x248cb9d56e173a204be67dcc05bfa62a2acf352e,0.0
16094227,1669949195.0,0x44ef7fa469088fbe490676dc1397b163fdb8732f,0x248cb9d56e173a204be67dcc05bfa62a2acf352e,0.0
16094227,1669949195.0,0x44ef7fa469088fbe490676dc1397b163fdb8732f,0x248cb9d56e173a204be67dcc05bfa62a2acf352e,0.0
16094227,1669949195.0,0x44ef7fa469088fbe490676dc1397b163fdb8732f,0x248cb9d56e173a204be67dcc05bfa62a2acf352e,0.0
16094227,1669949195.0,0x44ef7fa469088fbe490676dc1397b163fdb8732f,0x248cb9d56e173a204be67dcc05bfa62a2acf352e,0.0
16094227,1669949195.0,0x44ef7fa469088fbe490676dc1397b163fdb8732f,0x248cb9d56e173a204be67dcc05bfa62a2acf352e,0.0
16094227,1669949195.0,0x44ef7fa469088fbe490676dc1397b163fdb8732f,0x248cb9d56e173a204be67dcc05bfa62a2acf352e,0.0
16094227,1669949195.0,0x44ef7fa469088fbe490676dc1397b163fdb8732f,0x248cb9d56e173a204be67dcc05bfa62a2acf352e,0.0
16094227,1669949195.0,0x44ef7fa469088fbe490676dc1397b163fdb8732f,0x248cb9d56e173a204be67dcc05bfa62a2acf352e,0.0
16094227,1669949195.0,0x44ef7fa469088fbe490676dc1397b163fdb8732f,0x248cb9d56e173a204be67dcc05bfa62a2acf352e,0.0
16094234,1669949279.0,0x44ef7fa469088fbe490676dc1397b163fdb8732f,0x248cb9d56e173a204be67dcc05bfa62a2acf352e,0.0
16094234,1669949279.0,0x44ef7fa469088fbe490676dc1397b163fdb8732f,0x248cb9d56e173a204be67dcc05bfa62a2acf352e,0.0
16094234,1669949279.0,0x44ef7fa469088fbe490676dc1397b163fdb8732f,0x248cb9d56e173a204be67dcc05bfa62a2acf352e,0.0
16094234,1669949279.0,0x44ef7fa469088fbe490676dc1397b163fdb8732f,0x248cb9d56e173a204be67dcc05bfa62a2acf352e,0.0
16094234,1669949279.0,0x44ef7fa469088fbe490676dc1397b163fdb8732f,0x248cb9d56e173a204be67dcc05bfa62a2acf352e,0.0
16094234,1669949279.0,0x44ef7fa469088fbe490676dc1397b163fdb8732f,0x248cb9d56e173a204be67dcc05bfa62a2acf352e,0.0
16094234,1669949279.0,0x44ef7fa469088fbe490676dc1397b163fdb8732f,0x248cb9d56e173a204be67dcc05bfa62a2acf352e,0.0
16094234,1669949279.0,0x44ef7fa469088fbe490676dc1397b163fdb8732f,0x248cb9d56e173a204be67dcc05bfa62a2acf352e,0.0
16094234,1669949279.0,0x44ef7fa469088fbe490676dc1397b163fdb8732f,0x248cb9d56e173a204be67dcc05bfa62a2acf352e,0.0
16172140,1670890523.0,0x923a378b769e21ad82eb17ec6fe1c6039ea737bc,0x248cb9d56e173a204be67dcc05bfa62a2acf352e,0.0
16720062,1677507371.0,0xeafd794c0ebbafbfc71d34cf8aba6755708fbe11,0x248cb9d56e173a204be67dcc05bfa62a2acf352e,0.0
18494591,1699051499.0,0xb56f9ea67eacc0022182a88eda5ef9ea38705ecd,0x248cb9d56e173a204be67dcc05bfa62a2acf352e,0.0
18657258,1701018803.0,0xac33276e9f66e74be6cb75a4449c95174d2ad167,0x248cb9d56e173a204be67dcc05bfa62a2acf352e,0.0
18657294,1701019235.0,0xac33276e9f66e74be6cb75a4449c95174d2ad167,0x248cb9d56e173a204be67dcc05bfa62a2acf352e,0.0
