BlockHeight,TimeStamp,From,To,Value
15143263,1657834531.0,0x0d72fe6ba0b8f114f59e3a92a618b587d38bb43d,,0.0
15143283,1657834795.0,0x0d72fe6ba0b8f114f59e3a92a618b587d38bb43d,0x242a705e8af8a24b7eb30f3dbaf899eb25e3d76a,0.0
15143286,1657834802.0,0x0d72fe6ba0b8f114f59e3a92a618b587d38bb43d,0x242a705e8af8a24b7eb30f3dbaf899eb25e3d76a,0.0
15143287,1657834826.0,0x0d72fe6ba0b8f114f59e3a92a618b587d38bb43d,0x242a705e8af8a24b7eb30f3dbaf899eb25e3d76a,0.0
15143288,1657834829.0,0x0d72fe6ba0b8f114f59e3a92a618b587d38bb43d,0x242a705e8af8a24b7eb30f3dbaf899eb25e3d76a,0.0
15143290,1657834866.0,0x0d72fe6ba0b8f114f59e3a92a618b587d38bb43d,0x242a705e8af8a24b7eb30f3dbaf899eb25e3d76a,0.0
15143291,1657834872.0,0x0d72fe6ba0b8f114f59e3a92a618b587d38bb43d,0x242a705e8af8a24b7eb30f3dbaf899eb25e3d76a,0.0
15143292,1657834884.0,0x0d72fe6ba0b8f114f59e3a92a618b587d38bb43d,0x242a705e8af8a24b7eb30f3dbaf899eb25e3d76a,0.0
15143293,1657834922.0,0x0d72fe6ba0b8f114f59e3a92a618b587d38bb43d,0x242a705e8af8a24b7eb30f3dbaf899eb25e3d76a,0.0
15143294,1657834938.0,0x0d72fe6ba0b8f114f59e3a92a618b587d38bb43d,0x242a705e8af8a24b7eb30f3dbaf899eb25e3d76a,0.0
15143295,1657834950.0,0x0d72fe6ba0b8f114f59e3a92a618b587d38bb43d,0x242a705e8af8a24b7eb30f3dbaf899eb25e3d76a,0.0
15143307,1657835106.0,0x0d72fe6ba0b8f114f59e3a92a618b587d38bb43d,0x242a705e8af8a24b7eb30f3dbaf899eb25e3d76a,0.0
15143308,1657835112.0,0x0d72fe6ba0b8f114f59e3a92a618b587d38bb43d,0x242a705e8af8a24b7eb30f3dbaf899eb25e3d76a,0.0
15143310,1657835129.0,0x0d72fe6ba0b8f114f59e3a92a618b587d38bb43d,0x242a705e8af8a24b7eb30f3dbaf899eb25e3d76a,0.0
15143311,1657835135.0,0x0d72fe6ba0b8f114f59e3a92a618b587d38bb43d,0x242a705e8af8a24b7eb30f3dbaf899eb25e3d76a,0.0
15143312,1657835145.0,0x0d72fe6ba0b8f114f59e3a92a618b587d38bb43d,0x242a705e8af8a24b7eb30f3dbaf899eb25e3d76a,0.0
15143313,1657835156.0,0x0d72fe6ba0b8f114f59e3a92a618b587d38bb43d,0x242a705e8af8a24b7eb30f3dbaf899eb25e3d76a,0.0
15143314,1657835167.0,0x0d72fe6ba0b8f114f59e3a92a618b587d38bb43d,0x242a705e8af8a24b7eb30f3dbaf899eb25e3d76a,0.0
15143419,1657836774.0,0x0d72fe6ba0b8f114f59e3a92a618b587d38bb43d,0x242a705e8af8a24b7eb30f3dbaf899eb25e3d76a,0.0
15152183,1657953861.0,0x9a117e6db038bc04f01563a748a7e9cf678e1b2a,0x242a705e8af8a24b7eb30f3dbaf899eb25e3d76a,0.0
