BlockHeight,TimeStamp,From,To,Value
14498907,1648796930.0,0xf1b95945d123a4b95dc1a848fab6a0162880a52a,0x26f752202c402b400f9dd46c0783f5fa31fef90a,0.3
14501828,1648835412.0,0x44d0610cabc9c42a3e7e8adfa7afdb6ff62e8461,0x26f752202c402b400f9dd46c0783f5fa31fef90a,0.3
14502589,1648845855.0,0x26f752202c402b400f9dd46c0783f5fa31fef90a,0xf163f7c6a85afccb5feef2a1dbb17c16ce6bd57a,0.05322129
14506300,1648896657.0,0x26f752202c402b400f9dd46c0783f5fa31fef90a,0xf163f7c6a85afccb5feef2a1dbb17c16ce6bd57a,0.28696058
14513618,1648995562.0,0xf012b5afd31d8aa22b3b97740e41731e3e30f7d8,0x26f752202c402b400f9dd46c0783f5fa31fef90a,0.3
14513618,1648995562.0,0xf012b5afd31d8aa22b3b97740e41731e3e30f7d8,0x26f752202c402b400f9dd46c0783f5fa31fef90a,0.3
14528100,1649190680.0,0x26f752202c402b400f9dd46c0783f5fa31fef90a,0xf163f7c6a85afccb5feef2a1dbb17c16ce6bd57a,0.08686231
14528114,1649190893.0,0x26f752202c402b400f9dd46c0783f5fa31fef90a,0x8aba2addd949f2d3d08c79fce1fb04543380758a,0.37710234
14528121,1649191003.0,0x26f752202c402b400f9dd46c0783f5fa31fef90a,0x3fc888873131d6ad75229df27c1173250b09090f,0.37710234
14558146,1649596386.0,0x26f752202c402b400f9dd46c0783f5fa31fef90a,0xedfc85d6529370d9d3d83cb2347e1968042995e6,0.01077114
