BlockHeight,TimeStamp,From,To,Value
15145716,1657867680.0,0xaab00f612d7ded169e51cf0142d48ff560f281f3,0x28733543ec21dfd4dac3fa2d7ad74d6c6d2bb49d,0.2
15158825,1658042932.0,0x28733543ec21dfd4dac3fa2d7ad74d6c6d2bb49d,0xc02aaa39b223fe8d0a0e5c4f27ead9083c756cc2,0.0
15158827,1658042968.0,0x28733543ec21dfd4dac3fa2d7ad74d6c6d2bb49d,0xc878671ff88f1374d2186127573e4a63931370fc,0.0
15158830,1658042986.0,0x28733543ec21dfd4dac3fa2d7ad74d6c6d2bb49d,0x00000000006c3852cbef3e08e8df289169ede581,0.0
15158832,1658043030.0,0x28733543ec21dfd4dac3fa2d7ad74d6c6d2bb49d,0x34d85c9cdeb23fa97cb08333b511ac86e1c4e258,0.0
15158833,1658043042.0,0x28733543ec21dfd4dac3fa2d7ad74d6c6d2bb49d,0x00000000006c3852cbef3e08e8df289169ede581,0.0
15158835,1658043069.0,0x28733543ec21dfd4dac3fa2d7ad74d6c6d2bb49d,0xe0176ba60efddb29cac5b15338c9962daee9de0c,0.0
15158836,1658043092.0,0x28733543ec21dfd4dac3fa2d7ad74d6c6d2bb49d,0x00000000006c3852cbef3e08e8df289169ede581,0.0
15158840,1658043141.0,0x28733543ec21dfd4dac3fa2d7ad74d6c6d2bb49d,0xe0176ba60efddb29cac5b15338c9962daee9de0c,0.0
15158841,1658043170.0,0x28733543ec21dfd4dac3fa2d7ad74d6c6d2bb49d,0x59728544b08ab483533076417fbbb2fd0b17ce3a,0.0
15158844,1658043219.0,0x28733543ec21dfd4dac3fa2d7ad74d6c6d2bb49d,0xe010242f4503b33834e1a830c8abe7d4363dcd2a,0.0
15158845,1658043255.0,0x28733543ec21dfd4dac3fa2d7ad74d6c6d2bb49d,0x00000000006c3852cbef3e08e8df289169ede581,0.0
15158846,1658043272.0,0x28733543ec21dfd4dac3fa2d7ad74d6c6d2bb49d,0x28472a58a490c5e09a238847f66a68a47cc76f0f,0.0
15158847,1658043303.0,0x28733543ec21dfd4dac3fa2d7ad74d6c6d2bb49d,0x00000000006c3852cbef3e08e8df289169ede581,0.0
15158848,1658043322.0,0x28733543ec21dfd4dac3fa2d7ad74d6c6d2bb49d,0xe6d48bf4ee912235398b96e16db6f310c21e82cb,0.0
15158851,1658043353.0,0x28733543ec21dfd4dac3fa2d7ad74d6c6d2bb49d,0x00000000006c3852cbef3e08e8df289169ede581,0.0
15158855,1658043399.0,0x28733543ec21dfd4dac3fa2d7ad74d6c6d2bb49d,0x00000000006c3852cbef3e08e8df289169ede581,0.0
15158856,1658043412.0,0x28733543ec21dfd4dac3fa2d7ad74d6c6d2bb49d,0x00000000006c3852cbef3e08e8df289169ede581,0.0
15158859,1658043463.0,0x28733543ec21dfd4dac3fa2d7ad74d6c6d2bb49d,0x00000000006c3852cbef3e08e8df289169ede581,0.0
15158862,1658043480.0,0x28733543ec21dfd4dac3fa2d7ad74d6c6d2bb49d,0x00000000006c3852cbef3e08e8df289169ede581,0.0
15158867,1658043513.0,0x28733543ec21dfd4dac3fa2d7ad74d6c6d2bb49d,0x00000000006c3852cbef3e08e8df289169ede581,0.0
15158870,1658043542.0,0x28733543ec21dfd4dac3fa2d7ad74d6c6d2bb49d,0x00000000006c3852cbef3e08e8df289169ede581,0.0
15158874,1658043583.0,0x28733543ec21dfd4dac3fa2d7ad74d6c6d2bb49d,0x0c2e57efddba8c768147d1fdf9176a0a6ebd5d83,0.0
15158877,1658043601.0,0x28733543ec21dfd4dac3fa2d7ad74d6c6d2bb49d,0x00000000006c3852cbef3e08e8df289169ede581,0.0
15158879,1658043641.0,0x28733543ec21dfd4dac3fa2d7ad74d6c6d2bb49d,0x00000000006c3852cbef3e08e8df289169ede581,0.0
15158887,1658043729.0,0x28733543ec21dfd4dac3fa2d7ad74d6c6d2bb49d,0x34d85c9cdeb23fa97cb08333b511ac86e1c4e258,0.0
15158889,1658043761.0,0x28733543ec21dfd4dac3fa2d7ad74d6c6d2bb49d,0x59728544b08ab483533076417fbbb2fd0b17ce3a,0.0
15158890,1658043789.0,0x28733543ec21dfd4dac3fa2d7ad74d6c6d2bb49d,0x00000000006c3852cbef3e08e8df289169ede581,0.0
15158896,1658043878.0,0x28733543ec21dfd4dac3fa2d7ad74d6c6d2bb49d,0x513cd71defc801b9c1aa763db47b5df223da77a2,0.0
15158900,1658043929.0,0x28733543ec21dfd4dac3fa2d7ad74d6c6d2bb49d,0x03ef30e1aee25abd320ad961b8cd31aa1a011c97,0.0
15158901,1658043934.0,0x28733543ec21dfd4dac3fa2d7ad74d6c6d2bb49d,0x00000000006c3852cbef3e08e8df289169ede581,0.0
15158909,1658043989.0,0x28733543ec21dfd4dac3fa2d7ad74d6c6d2bb49d,0x03ef30e1aee25abd320ad961b8cd31aa1a011c97,0.0
15158913,1658044029.0,0x28733543ec21dfd4dac3fa2d7ad74d6c6d2bb49d,0x59728544b08ab483533076417fbbb2fd0b17ce3a,0.0
15158920,1658044072.0,0x28733543ec21dfd4dac3fa2d7ad74d6c6d2bb49d,0x59728544b08ab483533076417fbbb2fd0b17ce3a,0.0
15158931,1658044152.0,0x28733543ec21dfd4dac3fa2d7ad74d6c6d2bb49d,0x59728544b08ab483533076417fbbb2fd0b17ce3a,0.0
15158936,1658044209.0,0x28733543ec21dfd4dac3fa2d7ad74d6c6d2bb49d,0x59728544b08ab483533076417fbbb2fd0b17ce3a,0.0
15158938,1658044233.0,0x28733543ec21dfd4dac3fa2d7ad74d6c6d2bb49d,0x59728544b08ab483533076417fbbb2fd0b17ce3a,0.0
15158942,1658044317.0,0x28733543ec21dfd4dac3fa2d7ad74d6c6d2bb49d,0x1792a96e5668ad7c167ab804a100ce42395ce54d,0.0
15158945,1658044337.0,0x28733543ec21dfd4dac3fa2d7ad74d6c6d2bb49d,0x1792a96e5668ad7c167ab804a100ce42395ce54d,0.0
15158949,1658044377.0,0x28733543ec21dfd4dac3fa2d7ad74d6c6d2bb49d,0x00000000006c3852cbef3e08e8df289169ede581,0.0
15158953,1658044427.0,0x28733543ec21dfd4dac3fa2d7ad74d6c6d2bb49d,0x00000000006c3852cbef3e08e8df289169ede581,0.0
15158955,1658044448.0,0x28733543ec21dfd4dac3fa2d7ad74d6c6d2bb49d,0x00000000006c3852cbef3e08e8df289169ede581,0.0
15158961,1658044567.0,0x28733543ec21dfd4dac3fa2d7ad74d6c6d2bb49d,0x00000000006c3852cbef3e08e8df289169ede581,0.0
15158965,1658044635.0,0x28733543ec21dfd4dac3fa2d7ad74d6c6d2bb49d,0x59728544b08ab483533076417fbbb2fd0b17ce3a,0.0
15158969,1658044677.0,0x28733543ec21dfd4dac3fa2d7ad74d6c6d2bb49d,0xe6160325a53de4deca66e3d88d7e4f25040acce0,0.0
15158970,1658044704.0,0x28733543ec21dfd4dac3fa2d7ad74d6c6d2bb49d,0x00000000006c3852cbef3e08e8df289169ede581,0.0
15158973,1658044737.0,0x28733543ec21dfd4dac3fa2d7ad74d6c6d2bb49d,0x7d8820fa92eb1584636f4f5b8515b5476b75171a,0.0
15158974,1658044763.0,0x28733543ec21dfd4dac3fa2d7ad74d6c6d2bb49d,0x00000000006c3852cbef3e08e8df289169ede581,0.0
15158977,1658044796.0,0x28733543ec21dfd4dac3fa2d7ad74d6c6d2bb49d,0xc9677cd8e9652f1b1aadd3429769b0ef8d7a0425,0.0
15158978,1658044826.0,0x28733543ec21dfd4dac3fa2d7ad74d6c6d2bb49d,0x00000000006c3852cbef3e08e8df289169ede581,0.0
15158982,1658044867.0,0x28733543ec21dfd4dac3fa2d7ad74d6c6d2bb49d,0x2acab3dea77832c09420663b0e1cb386031ba17b,0.0
15158984,1658044888.0,0x28733543ec21dfd4dac3fa2d7ad74d6c6d2bb49d,0x00000000006c3852cbef3e08e8df289169ede581,0.0
15158987,1658044950.0,0x28733543ec21dfd4dac3fa2d7ad74d6c6d2bb49d,0x59728544b08ab483533076417fbbb2fd0b17ce3a,0.0
15158989,1658044979.0,0x28733543ec21dfd4dac3fa2d7ad74d6c6d2bb49d,0x9f1f2696f4e8f138c1cc92361960665cb2d4617e,0.0
15158992,1658045011.0,0x28733543ec21dfd4dac3fa2d7ad74d6c6d2bb49d,0x00000000006c3852cbef3e08e8df289169ede581,0.0
15158997,1658045081.0,0x28733543ec21dfd4dac3fa2d7ad74d6c6d2bb49d,0x00000000006c3852cbef3e08e8df289169ede581,0.0
15159000,1658045138.0,0x28733543ec21dfd4dac3fa2d7ad74d6c6d2bb49d,0x9f1f2696f4e8f138c1cc92361960665cb2d4617e,0.0
15159002,1658045169.0,0x28733543ec21dfd4dac3fa2d7ad74d6c6d2bb49d,0x59728544b08ab483533076417fbbb2fd0b17ce3a,0.0
15159009,1658045211.0,0x28733543ec21dfd4dac3fa2d7ad74d6c6d2bb49d,0x2809a8737477a534df65c4b4cae43d0365e52035,0.0
15159011,1658045263.0,0x28733543ec21dfd4dac3fa2d7ad74d6c6d2bb49d,0x00000000006c3852cbef3e08e8df289169ede581,0.0
15159013,1658045297.0,0x28733543ec21dfd4dac3fa2d7ad74d6c6d2bb49d,0x2809a8737477a534df65c4b4cae43d0365e52035,0.0
15159019,1658045392.0,0x28733543ec21dfd4dac3fa2d7ad74d6c6d2bb49d,0x9b091d2e0bb88ace4fe8f0fab87b93d8ba932ec4,0.0
15159021,1658045415.0,0x28733543ec21dfd4dac3fa2d7ad74d6c6d2bb49d,0x00000000006c3852cbef3e08e8df289169ede581,0.0
15159023,1658045435.0,0x28733543ec21dfd4dac3fa2d7ad74d6c6d2bb49d,0xbea8123277142de42571f1fac045225a1d347977,0.0
15159024,1658045481.0,0x28733543ec21dfd4dac3fa2d7ad74d6c6d2bb49d,0x00000000006c3852cbef3e08e8df289169ede581,0.0
15159038,1658045650.0,0x28733543ec21dfd4dac3fa2d7ad74d6c6d2bb49d,0xf8b37af2b5fe2ce1cc303a8472dedccca0953bb2,0.0
15159039,1658045653.0,0x28733543ec21dfd4dac3fa2d7ad74d6c6d2bb49d,0x00000000006c3852cbef3e08e8df289169ede581,0.0
15159042,1658045688.0,0x28733543ec21dfd4dac3fa2d7ad74d6c6d2bb49d,0x0e9d6552b85be180d941f1ca73ae3e318d2d4f1f,0.0
15159045,1658045714.0,0x28733543ec21dfd4dac3fa2d7ad74d6c6d2bb49d,0x00000000006c3852cbef3e08e8df289169ede581,0.0
15159050,1658045753.0,0x28733543ec21dfd4dac3fa2d7ad74d6c6d2bb49d,0x716f29b8972d551294d9e02b3eb0fc1107fbf4aa,0.0
15159051,1658045760.0,0x28733543ec21dfd4dac3fa2d7ad74d6c6d2bb49d,0x00000000006c3852cbef3e08e8df289169ede581,0.0
15159053,1658045780.0,0x28733543ec21dfd4dac3fa2d7ad74d6c6d2bb49d,0x00000000006c3852cbef3e08e8df289169ede581,0.0
15159058,1658045855.0,0x28733543ec21dfd4dac3fa2d7ad74d6c6d2bb49d,0x00000000006c3852cbef3e08e8df289169ede581,0.0
15159066,1658045934.0,0x28733543ec21dfd4dac3fa2d7ad74d6c6d2bb49d,0x00000000006c3852cbef3e08e8df289169ede581,0.0
15159071,1658046006.0,0x28733543ec21dfd4dac3fa2d7ad74d6c6d2bb49d,0x00000000006c3852cbef3e08e8df289169ede581,0.0
15159074,1658046060.0,0x28733543ec21dfd4dac3fa2d7ad74d6c6d2bb49d,0xd2f668a8461d6761115daf8aeb3cdf5f40c532c6,0.0
15159076,1658046074.0,0x28733543ec21dfd4dac3fa2d7ad74d6c6d2bb49d,0x00000000006c3852cbef3e08e8df289169ede581,0.0
15159082,1658046153.0,0x28733543ec21dfd4dac3fa2d7ad74d6c6d2bb49d,0x00000000006c3852cbef3e08e8df289169ede581,0.0
15159088,1658046253.0,0x28733543ec21dfd4dac3fa2d7ad74d6c6d2bb49d,0x00000000006c3852cbef3e08e8df289169ede581,0.0
15159098,1658046385.0,0xc02aaa39b223fe8d0a0e5c4f27ead9083c756cc2,0x28733543ec21dfd4dac3fa2d7ad74d6c6d2bb49d,0.2
15159098,1658046385.0,0x28733543ec21dfd4dac3fa2d7ad74d6c6d2bb49d,0xc02aaa39b223fe8d0a0e5c4f27ead9083c756cc2,0.0
15159101,1658046420.0,0x28733543ec21dfd4dac3fa2d7ad74d6c6d2bb49d,0xc5b52253f5225835cc81c52cdb3d6a22bc3b0c93,0.0
15159102,1658046442.0,0x28733543ec21dfd4dac3fa2d7ad74d6c6d2bb49d,0x00000000006c3852cbef3e08e8df289169ede581,0.0
15159106,1658046507.0,0x28733543ec21dfd4dac3fa2d7ad74d6c6d2bb49d,0x12787526c03d626aac88e6edc4d0fb930d86c631,0.0
15159108,1658046541.0,0x28733543ec21dfd4dac3fa2d7ad74d6c6d2bb49d,0x00000000006c3852cbef3e08e8df289169ede581,0.0
15159113,1658046580.0,0x28733543ec21dfd4dac3fa2d7ad74d6c6d2bb49d,0x9378368ba6b85c1fba5b131b530f5f5bedf21a18,0.0
15159114,1658046591.0,0x28733543ec21dfd4dac3fa2d7ad74d6c6d2bb49d,0x00000000006c3852cbef3e08e8df289169ede581,0.0
15159115,1658046602.0,0x28733543ec21dfd4dac3fa2d7ad74d6c6d2bb49d,0x00000000006c3852cbef3e08e8df289169ede581,0.0
15159122,1658046721.0,0x28733543ec21dfd4dac3fa2d7ad74d6c6d2bb49d,0x3acdb27a3c9673338b27a31ca17f2fb76b79ef92,0.0
15159126,1658046735.0,0x28733543ec21dfd4dac3fa2d7ad74d6c6d2bb49d,0x00000000006c3852cbef3e08e8df289169ede581,0.0
15159134,1658046793.0,0x28733543ec21dfd4dac3fa2d7ad74d6c6d2bb49d,0x00000000006c3852cbef3e08e8df289169ede581,0.0
15159138,1658046856.0,0x28733543ec21dfd4dac3fa2d7ad74d6c6d2bb49d,0xdedf88899d7c9025f19c6c9f188deb98d49cd760,0.0
15159141,1658046874.0,0x28733543ec21dfd4dac3fa2d7ad74d6c6d2bb49d,0x00000000006c3852cbef3e08e8df289169ede581,0.0
15159142,1658046884.0,0x28733543ec21dfd4dac3fa2d7ad74d6c6d2bb49d,0x338be3d8d0209815601e72f7a04ac7f37d61564b,0.0
15159143,1658046928.0,0x28733543ec21dfd4dac3fa2d7ad74d6c6d2bb49d,0x00000000006c3852cbef3e08e8df289169ede581,0.0
15159144,1658046968.0,0x28733543ec21dfd4dac3fa2d7ad74d6c6d2bb49d,0x2250d7c238392f4b575bb26c672afe45f0adcb75,0.0
15159146,1658047015.0,0x28733543ec21dfd4dac3fa2d7ad74d6c6d2bb49d,0x00000000006c3852cbef3e08e8df289169ede581,0.0
15159151,1658047060.0,0x28733543ec21dfd4dac3fa2d7ad74d6c6d2bb49d,0x51f0c1938b0e67cafc7a6fc8eb6edd7fdbe002bc,0.0
15159153,1658047151.0,0x28733543ec21dfd4dac3fa2d7ad74d6c6d2bb49d,0x00000000006c3852cbef3e08e8df289169ede581,0.0
15159157,1658047245.0,0x28733543ec21dfd4dac3fa2d7ad74d6c6d2bb49d,0x59728544b08ab483533076417fbbb2fd0b17ce3a,0.0
15159164,1658047291.0,0x28733543ec21dfd4dac3fa2d7ad74d6c6d2bb49d,0x59728544b08ab483533076417fbbb2fd0b17ce3a,0.0
15159174,1658047421.0,0x28733543ec21dfd4dac3fa2d7ad74d6c6d2bb49d,0xc9677cd8e9652f1b1aadd3429769b0ef8d7a0425,0.0
15159185,1658047525.0,0x28733543ec21dfd4dac3fa2d7ad74d6c6d2bb49d,0x09233d553058c2f42ba751c87816a8e9fae7ef10,0.0
15159189,1658047545.0,0x28733543ec21dfd4dac3fa2d7ad74d6c6d2bb49d,0x59728544b08ab483533076417fbbb2fd0b17ce3a,0.0
15159203,1658047722.0,0x28733543ec21dfd4dac3fa2d7ad74d6c6d2bb49d,0x59728544b08ab483533076417fbbb2fd0b17ce3a,0.0
15159212,1658047858.0,0x28733543ec21dfd4dac3fa2d7ad74d6c6d2bb49d,0x59728544b08ab483533076417fbbb2fd0b17ce3a,0.0
15159219,1658047937.0,0x28733543ec21dfd4dac3fa2d7ad74d6c6d2bb49d,0x59728544b08ab483533076417fbbb2fd0b17ce3a,0.0
15159226,1658047998.0,0x28733543ec21dfd4dac3fa2d7ad74d6c6d2bb49d,0x51f0c1938b0e67cafc7a6fc8eb6edd7fdbe002bc,0.0
15159229,1658048035.0,0x28733543ec21dfd4dac3fa2d7ad74d6c6d2bb49d,0x59728544b08ab483533076417fbbb2fd0b17ce3a,0.0
15159233,1658048089.0,0x28733543ec21dfd4dac3fa2d7ad74d6c6d2bb49d,0x59728544b08ab483533076417fbbb2fd0b17ce3a,0.0
15159235,1658048150.0,0x28733543ec21dfd4dac3fa2d7ad74d6c6d2bb49d,0x59728544b08ab483533076417fbbb2fd0b17ce3a,0.0
15159241,1658048217.0,0x28733543ec21dfd4dac3fa2d7ad74d6c6d2bb49d,0xa5c0bd78d1667c13bfb403e2a3336871396713c5,0.0
15159243,1658048253.0,0x28733543ec21dfd4dac3fa2d7ad74d6c6d2bb49d,0x59728544b08ab483533076417fbbb2fd0b17ce3a,0.0
15159246,1658048341.0,0x28733543ec21dfd4dac3fa2d7ad74d6c6d2bb49d,0x8fb5a7894ab461a59acdfab8918335768e411414,0.0
15159249,1658048363.0,0x28733543ec21dfd4dac3fa2d7ad74d6c6d2bb49d,0x59728544b08ab483533076417fbbb2fd0b17ce3a,0.0
15159253,1658048410.0,0x28733543ec21dfd4dac3fa2d7ad74d6c6d2bb49d,0x77654e7e579b3c817a3672c1c66c050058b92b85,0.0
15159255,1658048465.0,0x28733543ec21dfd4dac3fa2d7ad74d6c6d2bb49d,0x59728544b08ab483533076417fbbb2fd0b17ce3a,0.0
15159262,1658048518.0,0x28733543ec21dfd4dac3fa2d7ad74d6c6d2bb49d,0x4287bd7cc2b4aa8650e2887055a4674759c216e2,0.0
15159263,1658048568.0,0x28733543ec21dfd4dac3fa2d7ad74d6c6d2bb49d,0x59728544b08ab483533076417fbbb2fd0b17ce3a,0.0
15159270,1658048654.0,0x28733543ec21dfd4dac3fa2d7ad74d6c6d2bb49d,0x3a2096754df385553c4252e5a82dc862e64169bb,0.0
15159273,1658048679.0,0x28733543ec21dfd4dac3fa2d7ad74d6c6d2bb49d,0x59728544b08ab483533076417fbbb2fd0b17ce3a,0.0
15159278,1658048789.0,0x28733543ec21dfd4dac3fa2d7ad74d6c6d2bb49d,0x4addca4c07a5e9a6b4973094d03ad5aae7735e5b,0.0
15159279,1658048799.0,0x28733543ec21dfd4dac3fa2d7ad74d6c6d2bb49d,0x59728544b08ab483533076417fbbb2fd0b17ce3a,0.0
15159283,1658048845.0,0x28733543ec21dfd4dac3fa2d7ad74d6c6d2bb49d,0x59728544b08ab483533076417fbbb2fd0b17ce3a,0.0
15159286,1658048929.0,0x28733543ec21dfd4dac3fa2d7ad74d6c6d2bb49d,0x0e9d6552b85be180d941f1ca73ae3e318d2d4f1f,0.0
15159288,1658048988.0,0x28733543ec21dfd4dac3fa2d7ad74d6c6d2bb49d,0x59728544b08ab483533076417fbbb2fd0b17ce3a,0.0
15159292,1658049030.0,0x28733543ec21dfd4dac3fa2d7ad74d6c6d2bb49d,0x8ff1523091c9517bc328223d50b52ef450200339,0.0
15159293,1658049058.0,0x28733543ec21dfd4dac3fa2d7ad74d6c6d2bb49d,0x59728544b08ab483533076417fbbb2fd0b17ce3a,0.0
15159294,1658049077.0,0x28733543ec21dfd4dac3fa2d7ad74d6c6d2bb49d,0x59728544b08ab483533076417fbbb2fd0b17ce3a,0.0
15159297,1658049128.0,0x28733543ec21dfd4dac3fa2d7ad74d6c6d2bb49d,0x06911466341299d79e9e1368a016c73d009691cc,0.0
15159300,1658049190.0,0x28733543ec21dfd4dac3fa2d7ad74d6c6d2bb49d,0x59728544b08ab483533076417fbbb2fd0b17ce3a,0.0
15159305,1658049258.0,0x28733543ec21dfd4dac3fa2d7ad74d6c6d2bb49d,0x0beed7099af7514ccedf642cfea435731176fb02,0.0
15159309,1658049312.0,0x28733543ec21dfd4dac3fa2d7ad74d6c6d2bb49d,0x59728544b08ab483533076417fbbb2fd0b17ce3a,0.0
15159320,1658049440.0,0x28733543ec21dfd4dac3fa2d7ad74d6c6d2bb49d,0xdedf88899d7c9025f19c6c9f188deb98d49cd760,0.0
15159323,1658049460.0,0x28733543ec21dfd4dac3fa2d7ad74d6c6d2bb49d,0x59728544b08ab483533076417fbbb2fd0b17ce3a,0.0
15159327,1658049534.0,0x28733543ec21dfd4dac3fa2d7ad74d6c6d2bb49d,0x59728544b08ab483533076417fbbb2fd0b17ce3a,0.0
15159329,1658049568.0,0x28733543ec21dfd4dac3fa2d7ad74d6c6d2bb49d,0x59728544b08ab483533076417fbbb2fd0b17ce3a,0.0
15159335,1658049622.0,0x28733543ec21dfd4dac3fa2d7ad74d6c6d2bb49d,0x59728544b08ab483533076417fbbb2fd0b17ce3a,0.0
15159339,1658049664.0,0x28733543ec21dfd4dac3fa2d7ad74d6c6d2bb49d,0x59728544b08ab483533076417fbbb2fd0b17ce3a,0.0
15159340,1658049687.0,0x28733543ec21dfd4dac3fa2d7ad74d6c6d2bb49d,0x59728544b08ab483533076417fbbb2fd0b17ce3a,0.0
15159343,1658049753.0,0x28733543ec21dfd4dac3fa2d7ad74d6c6d2bb49d,0x59728544b08ab483533076417fbbb2fd0b17ce3a,0.0
15159347,1658049887.0,0x28733543ec21dfd4dac3fa2d7ad74d6c6d2bb49d,0x6728d91abacdbac2f326baa384513a523c21b80a,0.0
15159349,1658049904.0,0x28733543ec21dfd4dac3fa2d7ad74d6c6d2bb49d,0x59728544b08ab483533076417fbbb2fd0b17ce3a,0.0
15159353,1658049937.0,0x28733543ec21dfd4dac3fa2d7ad74d6c6d2bb49d,0x249aeaa7fa06a63ea5389b72217476db881294df,0.0
15159358,1658050043.0,0x28733543ec21dfd4dac3fa2d7ad74d6c6d2bb49d,0x845a007d9f283614f403a24e3eb3455f720559ca,0.0
15159360,1658050054.0,0x28733543ec21dfd4dac3fa2d7ad74d6c6d2bb49d,0x59728544b08ab483533076417fbbb2fd0b17ce3a,0.0
15159364,1658050139.0,0x28733543ec21dfd4dac3fa2d7ad74d6c6d2bb49d,0x59728544b08ab483533076417fbbb2fd0b17ce3a,0.0
15159368,1658050158.0,0x28733543ec21dfd4dac3fa2d7ad74d6c6d2bb49d,0x59728544b08ab483533076417fbbb2fd0b17ce3a,0.0
15159370,1658050210.0,0x28733543ec21dfd4dac3fa2d7ad74d6c6d2bb49d,0xb08a61d96108136439180ad3f3e340a24e448f6b,0.0
15159373,1658050253.0,0x28733543ec21dfd4dac3fa2d7ad74d6c6d2bb49d,0x59728544b08ab483533076417fbbb2fd0b17ce3a,0.0
15159379,1658050313.0,0x28733543ec21dfd4dac3fa2d7ad74d6c6d2bb49d,0x59728544b08ab483533076417fbbb2fd0b17ce3a,0.0
15159386,1658050366.0,0x28733543ec21dfd4dac3fa2d7ad74d6c6d2bb49d,0x59728544b08ab483533076417fbbb2fd0b17ce3a,0.0
15159394,1658050483.0,0x28733543ec21dfd4dac3fa2d7ad74d6c6d2bb49d,0xda2686fd32c6b74d55605cfb48bef331771e7fc6,0.0
15159397,1658050510.0,0x28733543ec21dfd4dac3fa2d7ad74d6c6d2bb49d,0x59728544b08ab483533076417fbbb2fd0b17ce3a,0.0
15159400,1658050572.0,0x28733543ec21dfd4dac3fa2d7ad74d6c6d2bb49d,0x59728544b08ab483533076417fbbb2fd0b17ce3a,0.0
15159407,1658050647.0,0x28733543ec21dfd4dac3fa2d7ad74d6c6d2bb49d,0x74bb71a4210e33256885def483fd4227b7f9d88f,0.0
15159414,1658050729.0,0x28733543ec21dfd4dac3fa2d7ad74d6c6d2bb49d,0x0812074e395b711910f2fba9f129078918ade855,0.0
15159415,1658050744.0,0x28733543ec21dfd4dac3fa2d7ad74d6c6d2bb49d,0x0812074e395b711910f2fba9f129078918ade855,0.0
15159422,1658050871.0,0x28733543ec21dfd4dac3fa2d7ad74d6c6d2bb49d,0x338be3d8d0209815601e72f7a04ac7f37d61564b,0.0
15159423,1658050893.0,0x28733543ec21dfd4dac3fa2d7ad74d6c6d2bb49d,0x59728544b08ab483533076417fbbb2fd0b17ce3a,0.0
15159433,1658051014.0,0x28733543ec21dfd4dac3fa2d7ad74d6c6d2bb49d,0xa1de9f93c56c290c48849b1393b09eb616d55dbb,0.0
15159437,1658051060.0,0x28733543ec21dfd4dac3fa2d7ad74d6c6d2bb49d,0x59728544b08ab483533076417fbbb2fd0b17ce3a,0.0
15159441,1658051145.0,0x28733543ec21dfd4dac3fa2d7ad74d6c6d2bb49d,0x59728544b08ab483533076417fbbb2fd0b17ce3a,0.0
15159457,1658051379.0,0x28733543ec21dfd4dac3fa2d7ad74d6c6d2bb49d,0x6372e41cd6415261cf38daccefed2f0cc206c282,0.0
15159459,1658051392.0,0x28733543ec21dfd4dac3fa2d7ad74d6c6d2bb49d,0x59728544b08ab483533076417fbbb2fd0b17ce3a,0.0
15159462,1658051433.0,0x28733543ec21dfd4dac3fa2d7ad74d6c6d2bb49d,0x59728544b08ab483533076417fbbb2fd0b17ce3a,0.0
15159468,1658051494.0,0x28733543ec21dfd4dac3fa2d7ad74d6c6d2bb49d,0x59728544b08ab483533076417fbbb2fd0b17ce3a,0.0
15159494,1658051792.0,0x28733543ec21dfd4dac3fa2d7ad74d6c6d2bb49d,0x12787526c03d626aac88e6edc4d0fb930d86c631,0.0
15159499,1658051850.0,0x28733543ec21dfd4dac3fa2d7ad74d6c6d2bb49d,0x59728544b08ab483533076417fbbb2fd0b17ce3a,0.0
15159503,1658051878.0,0x28733543ec21dfd4dac3fa2d7ad74d6c6d2bb49d,0x4c9a6c3fe98b5ae3a8c652709a1e04574aec1702,0.0
15159506,1658051923.0,0x28733543ec21dfd4dac3fa2d7ad74d6c6d2bb49d,0x59728544b08ab483533076417fbbb2fd0b17ce3a,0.0
15159514,1658052025.0,0x28733543ec21dfd4dac3fa2d7ad74d6c6d2bb49d,0x59728544b08ab483533076417fbbb2fd0b17ce3a,0.0
15159515,1658052057.0,0x28733543ec21dfd4dac3fa2d7ad74d6c6d2bb49d,0xd78b76fcc33cd416da9d3d42f72649a23d7ac647,0.0
15159519,1658052163.0,0x28733543ec21dfd4dac3fa2d7ad74d6c6d2bb49d,0x59728544b08ab483533076417fbbb2fd0b17ce3a,0.0
15159530,1658052317.0,0x28733543ec21dfd4dac3fa2d7ad74d6c6d2bb49d,0x59728544b08ab483533076417fbbb2fd0b17ce3a,0.0
15159578,1658053000.0,0x28733543ec21dfd4dac3fa2d7ad74d6c6d2bb49d,0xaf08134ea12494dc3aaa7f1efb23a8753b7f84c9,0.0
15159578,1658053000.0,0x28733543ec21dfd4dac3fa2d7ad74d6c6d2bb49d,0x282a7d13152b3f51a3e31d46a2ca563f8554d85d,0.0
15159581,1658053028.0,0x28733543ec21dfd4dac3fa2d7ad74d6c6d2bb49d,0x582048c4077a34e7c3799962f1f8c5342a3f4b12,0.0
15159581,1658053028.0,0x28733543ec21dfd4dac3fa2d7ad74d6c6d2bb49d,0xaa792d94af4743b8b299cafbf07d6e832af48616,0.0
15159582,1658053041.0,0x28733543ec21dfd4dac3fa2d7ad74d6c6d2bb49d,0x15cc16bfe6fac624247490aa29b6d632be549f00,0.0
15159582,1658053041.0,0x28733543ec21dfd4dac3fa2d7ad74d6c6d2bb49d,0x2d92c4f9f75308d0b9b098b142369032e4f901ff,0.0
15159583,1658053045.0,0x28733543ec21dfd4dac3fa2d7ad74d6c6d2bb49d,0x6812f8fcebe860c9231b210f1036a43da98527af,0.0
15159583,1658053045.0,0x28733543ec21dfd4dac3fa2d7ad74d6c6d2bb49d,0x7b692917124f64e1658d67c72ab5df5219078e37,0.0
15159583,1658053045.0,0x28733543ec21dfd4dac3fa2d7ad74d6c6d2bb49d,0x477f516db22683e65df58c2cba4f5d5859d48424,0.0
15159585,1658053080.0,0x28733543ec21dfd4dac3fa2d7ad74d6c6d2bb49d,0xca7ca7bcc765f77339be2d648ba53ce9c8a262bd,0.0
15159585,1658053080.0,0x28733543ec21dfd4dac3fa2d7ad74d6c6d2bb49d,0x315027137e85efca8adab52e658e0c7a6fa3fcca,0.0
15159585,1658053080.0,0x28733543ec21dfd4dac3fa2d7ad74d6c6d2bb49d,0xc3f8a0f5841abff777d3eefa5047e8d413a1c9ab,0.0
15159585,1658053080.0,0x28733543ec21dfd4dac3fa2d7ad74d6c6d2bb49d,0x8462b3c196758e53c8e9df9e9241edcb76eb34e3,0.0
15159586,1658053098.0,0x28733543ec21dfd4dac3fa2d7ad74d6c6d2bb49d,0xe4758ebd21a66d4c48dd0cca0a1cc36ac84d5a70,0.0
15159586,1658053098.0,0x28733543ec21dfd4dac3fa2d7ad74d6c6d2bb49d,0x6cc8e06d647883868f2d3149b0ea0734fd67f3e4,0.0
15159603,1658053397.0,0x28733543ec21dfd4dac3fa2d7ad74d6c6d2bb49d,0x59728544b08ab483533076417fbbb2fd0b17ce3a,0.0
15159624,1658053689.0,0x28733543ec21dfd4dac3fa2d7ad74d6c6d2bb49d,0x59728544b08ab483533076417fbbb2fd0b17ce3a,0.0
15159627,1658053751.0,0x28733543ec21dfd4dac3fa2d7ad74d6c6d2bb49d,0x59728544b08ab483533076417fbbb2fd0b17ce3a,0.0
15159630,1658053879.0,0x28733543ec21dfd4dac3fa2d7ad74d6c6d2bb49d,0x59728544b08ab483533076417fbbb2fd0b17ce3a,0.0
15159861,1658056735.0,0x28733543ec21dfd4dac3fa2d7ad74d6c6d2bb49d,0xc02aaa39b223fe8d0a0e5c4f27ead9083c756cc2,0.0
15159871,1658056847.0,0x28733543ec21dfd4dac3fa2d7ad74d6c6d2bb49d,0xc02aaa39b223fe8d0a0e5c4f27ead9083c756cc2,0.0
15159890,1658057104.0,0x28733543ec21dfd4dac3fa2d7ad74d6c6d2bb49d,0xc02aaa39b223fe8d0a0e5c4f27ead9083c756cc2,0.0
15159890,1658057104.0,0xc02aaa39b223fe8d0a0e5c4f27ead9083c756cc2,0x28733543ec21dfd4dac3fa2d7ad74d6c6d2bb49d,0.0501669033643519
15159903,1658057363.0,0x28733543ec21dfd4dac3fa2d7ad74d6c6d2bb49d,0xc85a9ddedb6469ff715e8dc3c9616d9459fa95fb,0.1
15160052,1658059404.0,0x28733543ec21dfd4dac3fa2d7ad74d6c6d2bb49d,0x59728544b08ab483533076417fbbb2fd0b17ce3a,0.0
15160070,1658059591.0,0x28733543ec21dfd4dac3fa2d7ad74d6c6d2bb49d,0x2acab3dea77832c09420663b0e1cb386031ba17b,0.0
15160072,1658059628.0,0x28733543ec21dfd4dac3fa2d7ad74d6c6d2bb49d,0x59728544b08ab483533076417fbbb2fd0b17ce3a,0.0
15160076,1658059689.0,0x28733543ec21dfd4dac3fa2d7ad74d6c6d2bb49d,0x59728544b08ab483533076417fbbb2fd0b17ce3a,0.0
15160080,1658059738.0,0x28733543ec21dfd4dac3fa2d7ad74d6c6d2bb49d,0xe785e82358879f061bc3dcac6f0444462d4b5330,0.0
15160082,1658059801.0,0x28733543ec21dfd4dac3fa2d7ad74d6c6d2bb49d,0x59728544b08ab483533076417fbbb2fd0b17ce3a,0.0
15160094,1658059957.0,0x28733543ec21dfd4dac3fa2d7ad74d6c6d2bb49d,0x9a38dec0590abc8c883d72e52391090e948ddf12,0.0
15160096,1658060071.0,0x28733543ec21dfd4dac3fa2d7ad74d6c6d2bb49d,0x59728544b08ab483533076417fbbb2fd0b17ce3a,0.0
15160098,1658060103.0,0x28733543ec21dfd4dac3fa2d7ad74d6c6d2bb49d,0x59728544b08ab483533076417fbbb2fd0b17ce3a,0.0
15160099,1658060117.0,0x28733543ec21dfd4dac3fa2d7ad74d6c6d2bb49d,0x0554f068365ed43dcc98dcd7fd7a8208a5638c72,0.0
15160107,1658060219.0,0x28733543ec21dfd4dac3fa2d7ad74d6c6d2bb49d,0xf4d2888d29d722226fafa5d9b24f9164c092421e,0.0
15160107,1658060219.0,0x28733543ec21dfd4dac3fa2d7ad74d6c6d2bb49d,0x881d40237659c251811cec9c364ef91dc08d300c,0.0
15160197,1658061397.0,0x28733543ec21dfd4dac3fa2d7ad74d6c6d2bb49d,0x791a7dc0ef8ab1f995f595e39fd196c6c8aa5fc9,0.0
15160201,1658061425.0,0x28733543ec21dfd4dac3fa2d7ad74d6c6d2bb49d,0x59728544b08ab483533076417fbbb2fd0b17ce3a,0.0
15160204,1658061461.0,0x28733543ec21dfd4dac3fa2d7ad74d6c6d2bb49d,0x59728544b08ab483533076417fbbb2fd0b17ce3a,0.0
15160207,1658061499.0,0x28733543ec21dfd4dac3fa2d7ad74d6c6d2bb49d,0x59728544b08ab483533076417fbbb2fd0b17ce3a,0.0
15160209,1658061522.0,0x28733543ec21dfd4dac3fa2d7ad74d6c6d2bb49d,0xf61f24c2d93bf2de187546b14425bf631f28d6dc,0.0
15160210,1658061547.0,0x28733543ec21dfd4dac3fa2d7ad74d6c6d2bb49d,0x59728544b08ab483533076417fbbb2fd0b17ce3a,0.0
15160913,1658071141.0,0x28733543ec21dfd4dac3fa2d7ad74d6c6d2bb49d,0x5bd815fd6c096bab38b4c6553cfce3585194dff9,0.0
15160921,1658071317.0,0xc02aaa39b223fe8d0a0e5c4f27ead9083c756cc2,0x28733543ec21dfd4dac3fa2d7ad74d6c6d2bb49d,0.1
15160921,1658071317.0,0x28733543ec21dfd4dac3fa2d7ad74d6c6d2bb49d,0xc02aaa39b223fe8d0a0e5c4f27ead9083c756cc2,0.0
15160925,1658071401.0,0x28733543ec21dfd4dac3fa2d7ad74d6c6d2bb49d,0x59728544b08ab483533076417fbbb2fd0b17ce3a,0.0
15160936,1658071476.0,0x28733543ec21dfd4dac3fa2d7ad74d6c6d2bb49d,0x1981cc36b59cffdd24b01cc5d698daa75e367e04,0.0
15160940,1658071501.0,0x28733543ec21dfd4dac3fa2d7ad74d6c6d2bb49d,0x59728544b08ab483533076417fbbb2fd0b17ce3a,0.0
15160946,1658071551.0,0x28733543ec21dfd4dac3fa2d7ad74d6c6d2bb49d,0x59728544b08ab483533076417fbbb2fd0b17ce3a,0.0
15160950,1658071635.0,0x28733543ec21dfd4dac3fa2d7ad74d6c6d2bb49d,0x59728544b08ab483533076417fbbb2fd0b17ce3a,0.0
15160952,1658071731.0,0x28733543ec21dfd4dac3fa2d7ad74d6c6d2bb49d,0x59728544b08ab483533076417fbbb2fd0b17ce3a,0.0
15161732,1658082475.0,0x28733543ec21dfd4dac3fa2d7ad74d6c6d2bb49d,0x59728544b08ab483533076417fbbb2fd0b17ce3a,0.0
15161733,1658082486.0,0x28733543ec21dfd4dac3fa2d7ad74d6c6d2bb49d,0x123b30e25973fecd8354dd5f41cc45a3065ef88c,0.0
15161736,1658082514.0,0x28733543ec21dfd4dac3fa2d7ad74d6c6d2bb49d,0x59728544b08ab483533076417fbbb2fd0b17ce3a,0.0
15161739,1658082533.0,0x28733543ec21dfd4dac3fa2d7ad74d6c6d2bb49d,0x67d9417c9c3c250f61a83c7e8658dac487b56b09,0.0
15161741,1658082547.0,0x28733543ec21dfd4dac3fa2d7ad74d6c6d2bb49d,0x59728544b08ab483533076417fbbb2fd0b17ce3a,0.0
15161752,1658082756.0,0x28733543ec21dfd4dac3fa2d7ad74d6c6d2bb49d,0xc02aaa39b223fe8d0a0e5c4f27ead9083c756cc2,0.0
15166889,1658150668.0,0x28733543ec21dfd4dac3fa2d7ad74d6c6d2bb49d,0x90ca8a3eb2574f937f514749ce619fdcca187d45,0.0
15166891,1658150700.0,0x28733543ec21dfd4dac3fa2d7ad74d6c6d2bb49d,0xe6d48bf4ee912235398b96e16db6f310c21e82cb,0.0
15166892,1658150712.0,0x28733543ec21dfd4dac3fa2d7ad74d6c6d2bb49d,0x59728544b08ab483533076417fbbb2fd0b17ce3a,0.0
15166893,1658150728.0,0x28733543ec21dfd4dac3fa2d7ad74d6c6d2bb49d,0x59728544b08ab483533076417fbbb2fd0b17ce3a,0.0
15166895,1658150757.0,0x28733543ec21dfd4dac3fa2d7ad74d6c6d2bb49d,0x59728544b08ab483533076417fbbb2fd0b17ce3a,0.0
15166910,1658150910.0,0xaab00f612d7ded169e51cf0142d48ff560f281f3,0x28733543ec21dfd4dac3fa2d7ad74d6c6d2bb49d,0.0783352420227834
15166912,1658150947.0,0x0b8db10cb439113a34e217c1bc4d677f45468ee1,0x28733543ec21dfd4dac3fa2d7ad74d6c6d2bb49d,0.0029811957980651
15166915,1658151004.0,0x768c566dde1a34e8907910f6185f8f65f16ad3f8,0x28733543ec21dfd4dac3fa2d7ad74d6c6d2bb49d,0.0343988553278919
15166917,1658151039.0,0xf93938ed7613e15561990e112e86278bed8a8404,0x28733543ec21dfd4dac3fa2d7ad74d6c6d2bb49d,0.0356386710934949
15166917,1658151039.0,0xf5d2f24c5438af754920928b13d16e10a91ac31e,0x28733543ec21dfd4dac3fa2d7ad74d6c6d2bb49d,0.0149871321012179
15166917,1658151039.0,0x408512284c300dbf399c50ec9a536dd030192701,0x28733543ec21dfd4dac3fa2d7ad74d6c6d2bb49d,0.040929430652652
15166917,1658151039.0,0x0c9797805a22e507bf48f35c72a67f001b7418d0,0x28733543ec21dfd4dac3fa2d7ad74d6c6d2bb49d,0.0393895050812307
15166917,1658151039.0,0x16174fa335526db45d427fc26a0060646cc52ed9,0x28733543ec21dfd4dac3fa2d7ad74d6c6d2bb49d,0.002310039620953
15166917,1658151039.0,0x5fcdcdcacaf5c553e1452f97543d77dff09e643a,0x28733543ec21dfd4dac3fa2d7ad74d6c6d2bb49d,0.0175014043192846
15166922,1658151064.0,0xf6eebb79a76b4f6f776f7d59cf9f535f5b850c9d,0x28733543ec21dfd4dac3fa2d7ad74d6c6d2bb49d,0.0271283272005515
15166924,1658151129.0,0x4a06a2c3b1eb43eaf49474216e560ef5e2efed6c,0x28733543ec21dfd4dac3fa2d7ad74d6c6d2bb49d,0.0058561163756198
15166925,1658151155.0,0x14ae598023cafd6fe83a6600e55016927d8ea1d1,0x28733543ec21dfd4dac3fa2d7ad74d6c6d2bb49d,0.1032421204631682
15166928,1658151179.0,0x28733543ec21dfd4dac3fa2d7ad74d6c6d2bb49d,0xc02aaa39b223fe8d0a0e5c4f27ead9083c756cc2,0.0
15166928,1658151179.0,0xc02aaa39b223fe8d0a0e5c4f27ead9083c756cc2,0x28733543ec21dfd4dac3fa2d7ad74d6c6d2bb49d,1.356771796916454
15166936,1658151287.0,0x28733543ec21dfd4dac3fa2d7ad74d6c6d2bb49d,0xaab00f612d7ded169e51cf0142d48ff560f281f3,1.7875719485651207
15255184,1659337586.0,0x0b8db10cb439113a34e217c1bc4d677f45468ee1,0x28733543ec21dfd4dac3fa2d7ad74d6c6d2bb49d,0.0103
15255187,1659337639.0,0x28733543ec21dfd4dac3fa2d7ad74d6c6d2bb49d,0xc02aaa39b223fe8d0a0e5c4f27ead9083c756cc2,0.0
15255187,1659337639.0,0xc02aaa39b223fe8d0a0e5c4f27ead9083c756cc2,0x28733543ec21dfd4dac3fa2d7ad74d6c6d2bb49d,0.905
15255204,1659337789.0,0x28733543ec21dfd4dac3fa2d7ad74d6c6d2bb49d,0x5fcdcdcacaf5c553e1452f97543d77dff09e643a,0.05
15255312,1659339531.0,0x5fcdcdcacaf5c553e1452f97543d77dff09e643a,0x28733543ec21dfd4dac3fa2d7ad74d6c6d2bb49d,0.033
15255315,1659339555.0,0xc02aaa39b223fe8d0a0e5c4f27ead9083c756cc2,0x28733543ec21dfd4dac3fa2d7ad74d6c6d2bb49d,1.6162405
15255315,1659339555.0,0x28733543ec21dfd4dac3fa2d7ad74d6c6d2bb49d,0xc02aaa39b223fe8d0a0e5c4f27ead9083c756cc2,0.0
15351262,1660638049.0,0x28733543ec21dfd4dac3fa2d7ad74d6c6d2bb49d,0x408512284c300dbf399c50ec9a536dd030192701,0.05
15351367,1660639369.0,0x28733543ec21dfd4dac3fa2d7ad74d6c6d2bb49d,0x09233d553058c2f42ba751c87816a8e9fae7ef10,0.0
15351368,1660639411.0,0x28733543ec21dfd4dac3fa2d7ad74d6c6d2bb49d,0x2a48420d75777af4c99970c0ed3c25effd1c08be,0.0
15351404,1660639805.0,0x73c6f5fc2ea45dd926adccd04bcfda8ce8e09679,0x28733543ec21dfd4dac3fa2d7ad74d6c6d2bb49d,0.805
15351406,1660639819.0,0x28733543ec21dfd4dac3fa2d7ad74d6c6d2bb49d,0xc02aaa39b223fe8d0a0e5c4f27ead9083c756cc2,0.0
15351406,1660639819.0,0xc02aaa39b223fe8d0a0e5c4f27ead9083c756cc2,0x28733543ec21dfd4dac3fa2d7ad74d6c6d2bb49d,0.24
15668020,1664804855.0,0x28733543ec21dfd4dac3fa2d7ad74d6c6d2bb49d,0x73c6f5fc2ea45dd926adccd04bcfda8ce8e09679,3.50418354
15949240,1668199511.0,0x0c9797805a22e507bf48f35c72a67f001b7418d0,0x28733543ec21dfd4dac3fa2d7ad74d6c6d2bb49d,0.205
15949243,1668199547.0,0x28733543ec21dfd4dac3fa2d7ad74d6c6d2bb49d,0x0554f068365ed43dcc98dcd7fd7a8208a5638c72,0.0
15949254,1668199679.0,0x28733543ec21dfd4dac3fa2d7ad74d6c6d2bb49d,0xf4d2888d29d722226fafa5d9b24f9164c092421e,0.0
15949263,1668199787.0,0x28733543ec21dfd4dac3fa2d7ad74d6c6d2bb49d,0x0c9797805a22e507bf48f35c72a67f001b7418d0,0.0080117933598256
15949271,1668199883.0,0x0c9797805a22e507bf48f35c72a67f001b7418d0,0x28733543ec21dfd4dac3fa2d7ad74d6c6d2bb49d,0.09606964
15953133,1668246467.0,0x28733543ec21dfd4dac3fa2d7ad74d6c6d2bb49d,0x49660d06dd489e907e57768592d6ce4a1fb9141f,0.29104696
17453247,1686442343.0,0x28733543ec21dfd4dac3fa2d7ad74d6c6d2bb49d,0x74bb71a4210e33256885def483fd4227b7f9d88f,0.0
18240524,1695980243.0,0x28733543ec21dfd4dac3fa2d7ad74d6c6d2bb49d,0xc02aaa39b223fe8d0a0e5c4f27ead9083c756cc2,0.0
18240524,1695980243.0,0xc02aaa39b223fe8d0a0e5c4f27ead9083c756cc2,0x28733543ec21dfd4dac3fa2d7ad74d6c6d2bb49d,0.392
18240528,1695980291.0,0x28733543ec21dfd4dac3fa2d7ad74d6c6d2bb49d,0x49660d06dd489e907e57768592d6ce4a1fb9141f,0.39207211
