BlockHeight,TimeStamp,From,To,Value
14400026,1647466483.0,0x057743ff3f73bcfdf6e55fab2486f5109a6f6ff2,,0.0
14400102,1647467412.0,0xfda83380b68f083796b4ad9d62119647ace0f0ca,0x2ac5702f0cb3db69025ecfc10e5b5ad716ebdf76,0.6
14400322,1647470681.0,0xfda83380b68f083796b4ad9d62119647ace0f0ca,0x2ac5702f0cb3db69025ecfc10e5b5ad716ebdf76,0.0
14400368,1647471326.0,0x057743ff3f73bcfdf6e55fab2486f5109a6f6ff2,0x2ac5702f0cb3db69025ecfc10e5b5ad716ebdf76,0.0
14400498,1647473136.0,0x057743ff3f73bcfdf6e55fab2486f5109a6f6ff2,0x2ac5702f0cb3db69025ecfc10e5b5ad716ebdf76,0.0
14400631,1647474921.0,0x057743ff3f73bcfdf6e55fab2486f5109a6f6ff2,0x2ac5702f0cb3db69025ecfc10e5b5ad716ebdf76,0.0
14400776,1647476720.0,0x057743ff3f73bcfdf6e55fab2486f5109a6f6ff2,0x2ac5702f0cb3db69025ecfc10e5b5ad716ebdf76,0.0
14400824,1647477499.0,0xfceaace224adc5dcd146129cd9c3e4e36c0ed58e,0x2ac5702f0cb3db69025ecfc10e5b5ad716ebdf76,0.12
14400904,1647478530.0,0x057743ff3f73bcfdf6e55fab2486f5109a6f6ff2,0x2ac5702f0cb3db69025ecfc10e5b5ad716ebdf76,0.0
14401038,1647480313.0,0x057743ff3f73bcfdf6e55fab2486f5109a6f6ff2,0x2ac5702f0cb3db69025ecfc10e5b5ad716ebdf76,0.0
14401180,1647482121.0,0x057743ff3f73bcfdf6e55fab2486f5109a6f6ff2,0x2ac5702f0cb3db69025ecfc10e5b5ad716ebdf76,0.0
14401326,1647483922.0,0x057743ff3f73bcfdf6e55fab2486f5109a6f6ff2,0x2ac5702f0cb3db69025ecfc10e5b5ad716ebdf76,0.0
14401452,1647485715.0,0x057743ff3f73bcfdf6e55fab2486f5109a6f6ff2,0x2ac5702f0cb3db69025ecfc10e5b5ad716ebdf76,0.0
14401596,1647487536.0,0x057743ff3f73bcfdf6e55fab2486f5109a6f6ff2,0x2ac5702f0cb3db69025ecfc10e5b5ad716ebdf76,0.0
14401736,1647489314.0,0x057743ff3f73bcfdf6e55fab2486f5109a6f6ff2,0x2ac5702f0cb3db69025ecfc10e5b5ad716ebdf76,0.0
14401875,1647491119.0,0x057743ff3f73bcfdf6e55fab2486f5109a6f6ff2,0x2ac5702f0cb3db69025ecfc10e5b5ad716ebdf76,0.0
14402011,1647492899.0,0x057743ff3f73bcfdf6e55fab2486f5109a6f6ff2,0x2ac5702f0cb3db69025ecfc10e5b5ad716ebdf76,0.0
14402132,1647494715.0,0x057743ff3f73bcfdf6e55fab2486f5109a6f6ff2,0x2ac5702f0cb3db69025ecfc10e5b5ad716ebdf76,0.0
14402255,1647496535.0,0x057743ff3f73bcfdf6e55fab2486f5109a6f6ff2,0x2ac5702f0cb3db69025ecfc10e5b5ad716ebdf76,0.0
14402385,1647498328.0,0x057743ff3f73bcfdf6e55fab2486f5109a6f6ff2,0x2ac5702f0cb3db69025ecfc10e5b5ad716ebdf76,0.0
14402493,1647500107.0,0x057743ff3f73bcfdf6e55fab2486f5109a6f6ff2,0x2ac5702f0cb3db69025ecfc10e5b5ad716ebdf76,0.0
14402654,1647501904.0,0x057743ff3f73bcfdf6e55fab2486f5109a6f6ff2,0x2ac5702f0cb3db69025ecfc10e5b5ad716ebdf76,0.0
14402796,1647503735.0,0x057743ff3f73bcfdf6e55fab2486f5109a6f6ff2,0x2ac5702f0cb3db69025ecfc10e5b5ad716ebdf76,0.0
14402934,1647505556.0,0x057743ff3f73bcfdf6e55fab2486f5109a6f6ff2,0x2ac5702f0cb3db69025ecfc10e5b5ad716ebdf76,0.0
14403067,1647507360.0,0x057743ff3f73bcfdf6e55fab2486f5109a6f6ff2,0x2ac5702f0cb3db69025ecfc10e5b5ad716ebdf76,0.0
14403194,1647509166.0,0x057743ff3f73bcfdf6e55fab2486f5109a6f6ff2,0x2ac5702f0cb3db69025ecfc10e5b5ad716ebdf76,0.0
14403335,1647510948.0,0x057743ff3f73bcfdf6e55fab2486f5109a6f6ff2,0x2ac5702f0cb3db69025ecfc10e5b5ad716ebdf76,0.0
14403471,1647512748.0,0x057743ff3f73bcfdf6e55fab2486f5109a6f6ff2,0x2ac5702f0cb3db69025ecfc10e5b5ad716ebdf76,0.0
14403484,1647512897.0,0x7fcb7b0d180a72230f4169a826f9552301cb9557,0x2ac5702f0cb3db69025ecfc10e5b5ad716ebdf76,0.0
14403594,1647514547.0,0x057743ff3f73bcfdf6e55fab2486f5109a6f6ff2,0x2ac5702f0cb3db69025ecfc10e5b5ad716ebdf76,0.0
14403736,1647516335.0,0x057743ff3f73bcfdf6e55fab2486f5109a6f6ff2,0x2ac5702f0cb3db69025ecfc10e5b5ad716ebdf76,0.0
14403872,1647518106.0,0x057743ff3f73bcfdf6e55fab2486f5109a6f6ff2,0x2ac5702f0cb3db69025ecfc10e5b5ad716ebdf76,0.0
14404003,1647519893.0,0x057743ff3f73bcfdf6e55fab2486f5109a6f6ff2,0x2ac5702f0cb3db69025ecfc10e5b5ad716ebdf76,0.0
14404674,1647528580.0,0x057743ff3f73bcfdf6e55fab2486f5109a6f6ff2,0x2ac5702f0cb3db69025ecfc10e5b5ad716ebdf76,0.0
14404704,1647528948.0,0x057743ff3f73bcfdf6e55fab2486f5109a6f6ff2,0x2ac5702f0cb3db69025ecfc10e5b5ad716ebdf76,0.0
14405149,1647535281.0,0x057743ff3f73bcfdf6e55fab2486f5109a6f6ff2,0x2ac5702f0cb3db69025ecfc10e5b5ad716ebdf76,0.0
14405320,1647537804.0,0x057743ff3f73bcfdf6e55fab2486f5109a6f6ff2,0x2ac5702f0cb3db69025ecfc10e5b5ad716ebdf76,0.0
14405446,1647539599.0,0x057743ff3f73bcfdf6e55fab2486f5109a6f6ff2,0x2ac5702f0cb3db69025ecfc10e5b5ad716ebdf76,0.0
14405667,1647542514.0,0x057743ff3f73bcfdf6e55fab2486f5109a6f6ff2,0x2ac5702f0cb3db69025ecfc10e5b5ad716ebdf76,0.0
14405806,1647544304.0,0x057743ff3f73bcfdf6e55fab2486f5109a6f6ff2,0x2ac5702f0cb3db69025ecfc10e5b5ad716ebdf76,0.0
14405934,1647546127.0,0x057743ff3f73bcfdf6e55fab2486f5109a6f6ff2,0x2ac5702f0cb3db69025ecfc10e5b5ad716ebdf76,0.0
14406062,1647547895.0,0x057743ff3f73bcfdf6e55fab2486f5109a6f6ff2,0x2ac5702f0cb3db69025ecfc10e5b5ad716ebdf76,0.0
14406205,1647549801.0,0x057743ff3f73bcfdf6e55fab2486f5109a6f6ff2,0x2ac5702f0cb3db69025ecfc10e5b5ad716ebdf76,0.0
14406349,1647551597.0,0x057743ff3f73bcfdf6e55fab2486f5109a6f6ff2,0x2ac5702f0cb3db69025ecfc10e5b5ad716ebdf76,0.0
14406473,1647553382.0,0x057743ff3f73bcfdf6e55fab2486f5109a6f6ff2,0x2ac5702f0cb3db69025ecfc10e5b5ad716ebdf76,0.0
14406603,1647555199.0,0x057743ff3f73bcfdf6e55fab2486f5109a6f6ff2,0x2ac5702f0cb3db69025ecfc10e5b5ad716ebdf76,0.0
14406728,1647557002.0,0x057743ff3f73bcfdf6e55fab2486f5109a6f6ff2,0x2ac5702f0cb3db69025ecfc10e5b5ad716ebdf76,0.0
14407004,1647560584.0,0x057743ff3f73bcfdf6e55fab2486f5109a6f6ff2,0x2ac5702f0cb3db69025ecfc10e5b5ad716ebdf76,0.0
14407133,1647562406.0,0x057743ff3f73bcfdf6e55fab2486f5109a6f6ff2,0x2ac5702f0cb3db69025ecfc10e5b5ad716ebdf76,0.0
14407513,1647567798.0,0x057743ff3f73bcfdf6e55fab2486f5109a6f6ff2,0x2ac5702f0cb3db69025ecfc10e5b5ad716ebdf76,0.0
14417308,1647699096.0,0x057743ff3f73bcfdf6e55fab2486f5109a6f6ff2,0x2ac5702f0cb3db69025ecfc10e5b5ad716ebdf76,0.0
14417308,1647699096.0,0x2ac5702f0cb3db69025ecfc10e5b5ad716ebdf76,0xb8e08b5406cef4d98f96fe9eaaf4681b6ac65cb4,0.72
