BlockHeight,TimeStamp,From,To,Value
14447360,1648103515.0,0x159a7e2667d4d530be30e964b43ad3d257c5fe2d,,0.0
14447371,1648103617.0,0x159a7e2667d4d530be30e964b43ad3d257c5fe2d,0x2bb34304c3ee09f485d3adf09dc4ce686b3d7e11,0.0
14447463,1648104979.0,0xbd72330136dfad837e8021f8c7cb3bf960860abf,0x2bb34304c3ee09f485d3adf09dc4ce686b3d7e11,0.0
14447475,1648105263.0,0xec32984cce4597b9a3bb12646ca9c146ef2b5218,0x2bb34304c3ee09f485d3adf09dc4ce686b3d7e11,0.0
14447490,1648105433.0,0xd27bce03bd60cbbe91299fe438070a94bb210a9d,0x2bb34304c3ee09f485d3adf09dc4ce686b3d7e11,0.0
14447639,1648107274.0,0x4dc5dd88ec4b6af77f09ca12586470e979a4e541,0x2bb34304c3ee09f485d3adf09dc4ce686b3d7e11,0.0
14447645,1648107377.0,0x159cbcbafd7a4c9c21ff9732a21ebbc54c777b07,0x2bb34304c3ee09f485d3adf09dc4ce686b3d7e11,0.0
14447653,1648107495.0,0xb3ff1dc4d948382cbf75e80b704aea62d687c6d9,0x2bb34304c3ee09f485d3adf09dc4ce686b3d7e11,0.0
14447695,1648108057.0,0x81375c1ecb81c5bc52233830f096eeb886fe22b2,0x2bb34304c3ee09f485d3adf09dc4ce686b3d7e11,0.0
14447703,1648108143.0,0xcce530a6586d32e863fd0f226f0b78ebbda51e26,0x2bb34304c3ee09f485d3adf09dc4ce686b3d7e11,0.0
14447708,1648108183.0,0x5c5b24b4396e27fdfc2def6e4e6b9b063e65418d,0x2bb34304c3ee09f485d3adf09dc4ce686b3d7e11,0.0
14447713,1648108235.0,0x5826f2653b045d768b50543ba0d5f8ecf22591e8,0x2bb34304c3ee09f485d3adf09dc4ce686b3d7e11,0.0
14447738,1648108583.0,0xa5e6ffd8890531b59b6903a5da4a93c5ccb0b86a,0x2bb34304c3ee09f485d3adf09dc4ce686b3d7e11,0.0
14447794,1648109351.0,0x5c5b24b4396e27fdfc2def6e4e6b9b063e65418d,0x2bb34304c3ee09f485d3adf09dc4ce686b3d7e11,0.0
14447871,1648110159.0,0x42c1fb87419e4034dacf1231f88aa74b25f723b4,0x2bb34304c3ee09f485d3adf09dc4ce686b3d7e11,0.0
14447912,1648110603.0,0x7fd39cea98a6b4ce2ac83b8abc9e4dc827b67073,0x2bb34304c3ee09f485d3adf09dc4ce686b3d7e11,0.0
14447925,1648110834.0,0x5c5b24b4396e27fdfc2def6e4e6b9b063e65418d,0x2bb34304c3ee09f485d3adf09dc4ce686b3d7e11,0.0
14447937,1648110971.0,0xcce530a6586d32e863fd0f226f0b78ebbda51e26,0x2bb34304c3ee09f485d3adf09dc4ce686b3d7e11,0.0
14447938,1648110980.0,0xcce530a6586d32e863fd0f226f0b78ebbda51e26,0x2bb34304c3ee09f485d3adf09dc4ce686b3d7e11,0.0
14447960,1648111316.0,0xa5e6ffd8890531b59b6903a5da4a93c5ccb0b86a,0x2bb34304c3ee09f485d3adf09dc4ce686b3d7e11,0.0
14448073,1648113142.0,0x4415a6d2f79dbd268c7b27401fbb913aa5d1aa58,0x2bb34304c3ee09f485d3adf09dc4ce686b3d7e11,0.0
14448074,1648113153.0,0x836690429e30e4a032d73c336f14e625b54042ba,0x2bb34304c3ee09f485d3adf09dc4ce686b3d7e11,0.0
14448088,1648113377.0,0x836690429e30e4a032d73c336f14e625b54042ba,0x2bb34304c3ee09f485d3adf09dc4ce686b3d7e11,0.0
14448095,1648113498.0,0x0c0b08d7d9468f65fe732c10a274dd7d77e0cf18,0x2bb34304c3ee09f485d3adf09dc4ce686b3d7e11,0.0
14448118,1648113745.0,0xc6d18c1d32f5bcfc090988ca9ce5c8db3237a9b9,0x2bb34304c3ee09f485d3adf09dc4ce686b3d7e11,0.0
14448149,1648114098.0,0x37d665b633c905197a7a2347f81fd5f4b3ae36c8,0x2bb34304c3ee09f485d3adf09dc4ce686b3d7e11,0.0
14448150,1648114101.0,0x3538b7a7f5199743e11a5f87b0cd42d8c7a28b9a,0x2bb34304c3ee09f485d3adf09dc4ce686b3d7e11,0.0
14448173,1648114428.0,0x80abb0f35c96324756bcd86cec3b98ab81619c08,0x2bb34304c3ee09f485d3adf09dc4ce686b3d7e11,0.0
14448236,1648115197.0,0xb3ff1dc4d948382cbf75e80b704aea62d687c6d9,0x2bb34304c3ee09f485d3adf09dc4ce686b3d7e11,0.0
14448238,1648115259.0,0x80abb0f35c96324756bcd86cec3b98ab81619c08,0x2bb34304c3ee09f485d3adf09dc4ce686b3d7e11,0.0
14448311,1648116203.0,0x0c0b08d7d9468f65fe732c10a274dd7d77e0cf18,0x2bb34304c3ee09f485d3adf09dc4ce686b3d7e11,0.0
14448324,1648116317.0,0x4415a6d2f79dbd268c7b27401fbb913aa5d1aa58,0x2bb34304c3ee09f485d3adf09dc4ce686b3d7e11,0.0
14448351,1648116743.0,0x0c0b08d7d9468f65fe732c10a274dd7d77e0cf18,0x2bb34304c3ee09f485d3adf09dc4ce686b3d7e11,0.0
14448448,1648117904.0,0xb3ff1dc4d948382cbf75e80b704aea62d687c6d9,0x2bb34304c3ee09f485d3adf09dc4ce686b3d7e11,0.0
14448450,1648117923.0,0xc6d18c1d32f5bcfc090988ca9ce5c8db3237a9b9,0x2bb34304c3ee09f485d3adf09dc4ce686b3d7e11,0.0
14448451,1648117932.0,0xc6d18c1d32f5bcfc090988ca9ce5c8db3237a9b9,0x2bb34304c3ee09f485d3adf09dc4ce686b3d7e11,0.0
14448605,1648120137.0,0xc6d18c1d32f5bcfc090988ca9ce5c8db3237a9b9,0x2bb34304c3ee09f485d3adf09dc4ce686b3d7e11,0.0
14448618,1648120324.0,0xc6d18c1d32f5bcfc090988ca9ce5c8db3237a9b9,0x2bb34304c3ee09f485d3adf09dc4ce686b3d7e11,0.0
14448644,1648120677.0,0xd3ad51922454146a842ca5698c7ec615b71b8343,0x2bb34304c3ee09f485d3adf09dc4ce686b3d7e11,0.0
14448734,1648121735.0,0x80abb0f35c96324756bcd86cec3b98ab81619c08,0x2bb34304c3ee09f485d3adf09dc4ce686b3d7e11,0.0
14449321,1648129601.0,0xa5e6ffd8890531b59b6903a5da4a93c5ccb0b86a,0x2bb34304c3ee09f485d3adf09dc4ce686b3d7e11,0.0
14449336,1648129779.0,0xa5e6ffd8890531b59b6903a5da4a93c5ccb0b86a,0x2bb34304c3ee09f485d3adf09dc4ce686b3d7e11,0.0
14449650,1648133810.0,0xa5e6ffd8890531b59b6903a5da4a93c5ccb0b86a,0x2bb34304c3ee09f485d3adf09dc4ce686b3d7e11,0.0
14710494,1651661313.0,0xb3ff1dc4d948382cbf75e80b704aea62d687c6d9,0x2bb34304c3ee09f485d3adf09dc4ce686b3d7e11,0.0
14710506,1651661513.0,0xb3ff1dc4d948382cbf75e80b704aea62d687c6d9,0x2bb34304c3ee09f485d3adf09dc4ce686b3d7e11,0.0
