BlockHeight,TimeStamp,From,To,Value
14598759,1650144129.0,0xe44ae704aa41e24a598d9322e1d9402de361344e,,0.0
14601562,1650181720.0,0x974ee1227fa8c37d6be708f0ed456ff2d1d4c049,0x2ca37ad1b2385f4e2d077ff5ae0a1a842233fa9e,0.0
14601584,1650182000.0,0x974ee1227fa8c37d6be708f0ed456ff2d1d4c049,0x2ca37ad1b2385f4e2d077ff5ae0a1a842233fa9e,0.0
14601607,1650182347.0,0xe44ae704aa41e24a598d9322e1d9402de361344e,0x2ca37ad1b2385f4e2d077ff5ae0a1a842233fa9e,0.0
14601653,1650183005.0,0xe44ae704aa41e24a598d9322e1d9402de361344e,0x2ca37ad1b2385f4e2d077ff5ae0a1a842233fa9e,0.0
14601770,1650184835.0,0xe44ae704aa41e24a598d9322e1d9402de361344e,0x2ca37ad1b2385f4e2d077ff5ae0a1a842233fa9e,0.0
14601891,1650186633.0,0xe44ae704aa41e24a598d9322e1d9402de361344e,0x2ca37ad1b2385f4e2d077ff5ae0a1a842233fa9e,0.0
14602043,1650188432.0,0xe44ae704aa41e24a598d9322e1d9402de361344e,0x2ca37ad1b2385f4e2d077ff5ae0a1a842233fa9e,0.0
14602169,1650190227.0,0xe44ae704aa41e24a598d9322e1d9402de361344e,0x2ca37ad1b2385f4e2d077ff5ae0a1a842233fa9e,0.0
