BlockHeight,TimeStamp,From,To,Value
14536601,1649305639.0,0x26db4f50cc21a0534795d475879969b7fc6ca1be,0x2d58c77814eb7bfc1ee9b739cf580ca15e9ed543,0.3
14536696,1649307039.0,0xb818f5b42d56a3bf3fc283aa09be56858ffe9411,0x2d58c77814eb7bfc1ee9b739cf580ca15e9ed543,0.3
14536714,1649307287.0,0x59b22628cbc228014e12223ae905f663d49d3e03,0x2d58c77814eb7bfc1ee9b739cf580ca15e9ed543,0.3
14536776,1649308126.0,0x7ad913b843e6349f07e6a66bd980517b1450fd13,0x2d58c77814eb7bfc1ee9b739cf580ca15e9ed543,0.3
14537020,1649311409.0,0x3859cb58dca18b8a8ab229bf0f44215b38a252e9,0x2d58c77814eb7bfc1ee9b739cf580ca15e9ed543,0.3
14537211,1649313667.0,0xe822f43b0d6ab5ed3473c58f64d2eac124730111,0x2d58c77814eb7bfc1ee9b739cf580ca15e9ed543,0.3
14537308,1649315044.0,0xce2d4fb47140fad9c346e1c34d5af8fe309b8da1,0x2d58c77814eb7bfc1ee9b739cf580ca15e9ed543,0.3
14538174,1649326974.0,0x74e74313f0445d52cde1da99d1c2964ea9a3d160,0x2d58c77814eb7bfc1ee9b739cf580ca15e9ed543,0.3
14538304,1649328679.0,0x69bc9e643335506c8bbf539b717e20635b2011b3,0x2d58c77814eb7bfc1ee9b739cf580ca15e9ed543,0.3
14538616,1649332988.0,0xd1b90c0c26e4b80eff0c5f4a60801f166709331a,0x2d58c77814eb7bfc1ee9b739cf580ca15e9ed543,0.3
14538799,1649335353.0,0xbad2c60fa49ee5532c481daf197255d08bed930d,0x2d58c77814eb7bfc1ee9b739cf580ca15e9ed543,0.3
14538916,1649336695.0,0x6540c8c633ceaf293d078875cc02af00065ec01d,0x2d58c77814eb7bfc1ee9b739cf580ca15e9ed543,0.3
14540985,1649364212.0,0x7d808455d46149b59a0fdabbc03eef8e17409e5c,0x2d58c77814eb7bfc1ee9b739cf580ca15e9ed543,0.3
14551927,1649512850.0,0x7a3551d2b0c66dcedb091ce930f9ff78c10f4358,0x2d58c77814eb7bfc1ee9b739cf580ca15e9ed543,0.3
14556230,1649570632.0,0xd222c0e025ba642f6dc58b670e4aaf375fe8d4e7,0x2d58c77814eb7bfc1ee9b739cf580ca15e9ed543,0.3
14570318,1649761265.0,0xf1d2eb9f7ee5b0b126c72a992a5cdcb60aaa6f89,0x2d58c77814eb7bfc1ee9b739cf580ca15e9ed543,0.3
14570588,1649765161.0,0x6aae91503a5e0d6508cae3c8549d26556c57a85a,0x2d58c77814eb7bfc1ee9b739cf580ca15e9ed543,0.3
14571314,1649774305.0,0x208ada951ef6ddc8d44c97b631ea733c53ea1a23,0x2d58c77814eb7bfc1ee9b739cf580ca15e9ed543,0.3
14574724,1649819399.0,0x23799511f8c59fb8f6c3428d600a3e732d9e7641,0x2d58c77814eb7bfc1ee9b739cf580ca15e9ed543,0.3
14576085,1649838473.0,0x8e18f7662df4f0f1cad2db5948f5b55059ab2b7b,0x2d58c77814eb7bfc1ee9b739cf580ca15e9ed543,0.3
14576087,1649838488.0,0x8e18f7662df4f0f1cad2db5948f5b55059ab2b7b,0x2d58c77814eb7bfc1ee9b739cf580ca15e9ed543,0.3
14576166,1649839548.0,0x4e2c5571f53f2816331a86c5fa2650745dd15c3a,0x2d58c77814eb7bfc1ee9b739cf580ca15e9ed543,0.3
14577225,1649854555.0,0x28b6584ade8277bcbaa4c131c50fc6c56266c6a7,0x2d58c77814eb7bfc1ee9b739cf580ca15e9ed543,0.3
14581749,1649915091.0,0x6378c7c7dca00e44880dd9e8ab337401b3a6f1f4,0x2d58c77814eb7bfc1ee9b739cf580ca15e9ed543,0.3
14606641,1650250711.0,0x4691e2632e824a0a4882b07ac366d76bd2a3502a,0x2d58c77814eb7bfc1ee9b739cf580ca15e9ed543,0.6
14632209,1650597341.0,0xeaf344dbaad91f935389876ecf69bd79af5dd5c8,0x2d58c77814eb7bfc1ee9b739cf580ca15e9ed543,0.3
14634486,1650628071.0,0x36760c09bbcc918401b3230aca520e5284ebe1ad,0x2d58c77814eb7bfc1ee9b739cf580ca15e9ed543,0.3
14634632,1650630079.0,0xf1abacaa48d75bc36d5e29b6b8fde8a7f84b3d4a,0x2d58c77814eb7bfc1ee9b739cf580ca15e9ed543,0.3
14635357,1650639662.0,0xeb3871427a8f19225d4611f1cf9fda4ad891c507,0x2d58c77814eb7bfc1ee9b739cf580ca15e9ed543,0.6
14635370,1650639835.0,0xeb3871427a8f19225d4611f1cf9fda4ad891c507,0x2d58c77814eb7bfc1ee9b739cf580ca15e9ed543,0.9
14635372,1650639898.0,0xeb3871427a8f19225d4611f1cf9fda4ad891c507,0x2d58c77814eb7bfc1ee9b739cf580ca15e9ed543,0.6
14637229,1650665052.0,0x1776e1329cb41270f110945e111bd3b40a6ed67e,0x2d58c77814eb7bfc1ee9b739cf580ca15e9ed543,0.3
14637301,1650665957.0,0x1776e1329cb41270f110945e111bd3b40a6ed67e,0x2d58c77814eb7bfc1ee9b739cf580ca15e9ed543,0.3
14666491,1651062837.0,0x75d866064206d78c7ffbf112b94a5c017c693d5a,0x2d58c77814eb7bfc1ee9b739cf580ca15e9ed543,0.9
14677260,1651208913.0,0xb8e45267483fb988d1697f6608854df7716d560c,0x2d58c77814eb7bfc1ee9b739cf580ca15e9ed543,0.3
14682197,1651275653.0,0x2d58c77814eb7bfc1ee9b739cf580ca15e9ed543,0x49cf6f5d44e70224e2e23fdcdd2c053f30ada28b,0.0
14682765,1651283493.0,0x2d58c77814eb7bfc1ee9b739cf580ca15e9ed543,0x49cf6f5d44e70224e2e23fdcdd2c053f30ada28b,0.0
14791473,1652775980.0,0xf1abacaa48d75bc36d5e29b6b8fde8a7f84b3d4a,0x2d58c77814eb7bfc1ee9b739cf580ca15e9ed543,0.9
14846065,1653540826.0,0x29ce5f9576bb28c9408520b27422bfbfa5a9e5e7,0x2d58c77814eb7bfc1ee9b739cf580ca15e9ed543,0.3
14846131,1653541666.0,0x29ce5f9576bb28c9408520b27422bfbfa5a9e5e7,0x2d58c77814eb7bfc1ee9b739cf580ca15e9ed543,0.3
14846165,1653542154.0,0x7b166c7d23bae9896e1d42adecdbabea1ced3f0d,0x2d58c77814eb7bfc1ee9b739cf580ca15e9ed543,3.0
14847026,1653554535.0,0xbe59c32cb0d74453a12fba4fa2afdbda305d7c64,0x2d58c77814eb7bfc1ee9b739cf580ca15e9ed543,0.3
14847486,1653561408.0,0xb47e4b97f0890d2d0f4798173daf718a8dd53c25,0x2d58c77814eb7bfc1ee9b739cf580ca15e9ed543,0.3
14847958,1653568175.0,0x6cdf0ae0edea7b7b0f5f57576fe1ee6fe50f9dde,0x2d58c77814eb7bfc1ee9b739cf580ca15e9ed543,0.3
14848361,1653573877.0,0x3bff09701012ae35a01962c0e15c645e5077cded,0x2d58c77814eb7bfc1ee9b739cf580ca15e9ed543,0.3
14850809,1653608405.0,0x1ad19acec99c28822336122613559c61218d95e8,0x2d58c77814eb7bfc1ee9b739cf580ca15e9ed543,0.3
14851169,1653613271.0,0x2d58c77814eb7bfc1ee9b739cf580ca15e9ed543,0x7d8820fa92eb1584636f4f5b8515b5476b75171a,0.0
14851184,1653613452.0,0x2d58c77814eb7bfc1ee9b739cf580ca15e9ed543,0x7d8820fa92eb1584636f4f5b8515b5476b75171a,0.0
14857506,1653702151.0,0x2d58c77814eb7bfc1ee9b739cf580ca15e9ed543,0x7d8820fa92eb1584636f4f5b8515b5476b75171a,0.0
14863486,1653785309.0,0x2d58c77814eb7bfc1ee9b739cf580ca15e9ed543,0x7d8820fa92eb1584636f4f5b8515b5476b75171a,0.0
14863493,1653785379.0,0x2d58c77814eb7bfc1ee9b739cf580ca15e9ed543,0x7d8820fa92eb1584636f4f5b8515b5476b75171a,0.0
14863993,1653792440.0,0x52f594562940400fcfeb6733c956dd4ab2a98b81,0x2d58c77814eb7bfc1ee9b739cf580ca15e9ed543,0.3
14890084,1654160749.0,0x416892ef67b600ad7782a7adbabdec5228d5d6c2,0x2d58c77814eb7bfc1ee9b739cf580ca15e9ed543,0.3
14893954,1654214372.0,0x49738b6bd73e8744922e363a3ce0417fd4e1cfdb,0x2d58c77814eb7bfc1ee9b739cf580ca15e9ed543,0.3
14953995,1655093615.0,0x2d6d93ed44c0b2fdb827f24aaaccb1ca06ddf203,0x2d58c77814eb7bfc1ee9b739cf580ca15e9ed543,0.3
14954384,1655099567.0,0x85ce868ca244b02fa4de5a12f786f106cee6c709,0x2d58c77814eb7bfc1ee9b739cf580ca15e9ed543,0.3
14954411,1655099968.0,0x929f5de89079b293c879544c1f01b2401f4666b9,0x2d58c77814eb7bfc1ee9b739cf580ca15e9ed543,0.3
14954900,1655107394.0,0x8e3fd5e6a0ea6b54e39a7e6ae9921e227818e081,0x2d58c77814eb7bfc1ee9b739cf580ca15e9ed543,0.3
14959012,1655167813.0,0x6385654e0dcf113b25bd6dacd178aacad70e7c85,0x2d58c77814eb7bfc1ee9b739cf580ca15e9ed543,0.3
14964786,1655254839.0,0x2d58c77814eb7bfc1ee9b739cf580ca15e9ed543,0xd9ab3746dbc2229b9e13162fc6db2857cdfdf1de,1.0
14964805,1655255193.0,0x2d58c77814eb7bfc1ee9b739cf580ca15e9ed543,0xd9ab3746dbc2229b9e13162fc6db2857cdfdf1de,9.4
15028922,1656245698.0,0x2d58c77814eb7bfc1ee9b739cf580ca15e9ed543,0x506a286a6bb78c9e5d189f436619a87a90aab088,0.0
15028924,1656245727.0,0x2d58c77814eb7bfc1ee9b739cf580ca15e9ed543,0xd5af737470e963f40f9e681b2e9d12acdbbb5492,0.0
15227011,1658957828.0,0x2d58c77814eb7bfc1ee9b739cf580ca15e9ed543,0xd5af737470e963f40f9e681b2e9d12acdbbb5492,0.0
