BlockHeight,TimeStamp,From,To,Value
14815707,1653114057.0,0xfc6d6ce0f203e825c774be2b65883e616db1dc2a,,0.0
14815866,1653116290.0,0xfc6d6ce0f203e825c774be2b65883e616db1dc2a,0x2e46bee733305b85ba05b3fb8ecf322a635a7ba3,0.0
14816042,1653118776.0,0xef03a7d67ed5b9e24bf6a765a6322d3862bfa103,0x2e46bee733305b85ba05b3fb8ecf322a635a7ba3,0.0
14816042,1653118776.0,0xfc6d6ce0f203e825c774be2b65883e616db1dc2a,0x2e46bee733305b85ba05b3fb8ecf322a635a7ba3,0.0
14816066,1653119147.0,0x783e9af288a36e677f3561f7f4f643ed300a30ac,0x2e46bee733305b85ba05b3fb8ecf322a635a7ba3,0.0
14816070,1653119231.0,0x507c020eacdea650bdca8e918e17ddf2c8671d17,0x2e46bee733305b85ba05b3fb8ecf322a635a7ba3,0.0
14816078,1653119385.0,0x507c020eacdea650bdca8e918e17ddf2c8671d17,0x2e46bee733305b85ba05b3fb8ecf322a635a7ba3,0.0
14816083,1653119452.0,0x7943754aa951c3549b6b7ebf9133cbd304395ebf,0x2e46bee733305b85ba05b3fb8ecf322a635a7ba3,0.0
14816091,1653119557.0,0xfc6d6ce0f203e825c774be2b65883e616db1dc2a,0x2e46bee733305b85ba05b3fb8ecf322a635a7ba3,0.0
14816095,1653119598.0,0x7943754aa951c3549b6b7ebf9133cbd304395ebf,0x2e46bee733305b85ba05b3fb8ecf322a635a7ba3,0.0
14816097,1653119644.0,0xef1bcbb2c40e1e43f0d7634f2fded13996f99fa6,0x2e46bee733305b85ba05b3fb8ecf322a635a7ba3,0.0
14816105,1653119750.0,0xef1bcbb2c40e1e43f0d7634f2fded13996f99fa6,0x2e46bee733305b85ba05b3fb8ecf322a635a7ba3,0.0
14816108,1653119808.0,0xb1e827a977c07fad252d881bcf5bd35b9a4db7c8,0x2e46bee733305b85ba05b3fb8ecf322a635a7ba3,0.0
14816118,1653119927.0,0x4c659693c3177df9644c8d5237ecfea34bcf1d68,0x2e46bee733305b85ba05b3fb8ecf322a635a7ba3,0.0
14816126,1653120026.0,0xcdf91e4c602db255314cf72880bebe5f333068be,0x2e46bee733305b85ba05b3fb8ecf322a635a7ba3,0.0
14816129,1653120102.0,0xfc6d6ce0f203e825c774be2b65883e616db1dc2a,0x2e46bee733305b85ba05b3fb8ecf322a635a7ba3,0.0
14816132,1653120130.0,0x6adcb4ffd1a87d510d2f199f75a4258cf215d85c,0x2e46bee733305b85ba05b3fb8ecf322a635a7ba3,0.0
14816142,1653120249.0,0xf42979d31e6494c3580d45e603d2a07e002278e1,0x2e46bee733305b85ba05b3fb8ecf322a635a7ba3,0.0
14816148,1653120362.0,0xb1e827a977c07fad252d881bcf5bd35b9a4db7c8,0x2e46bee733305b85ba05b3fb8ecf322a635a7ba3,0.0
14816150,1653120440.0,0xb60673a27c708c859c38cf0711a4a6c34cbe3d33,0x2e46bee733305b85ba05b3fb8ecf322a635a7ba3,0.0
14816154,1653120518.0,0x4670ec8da3499712de67d42120f6a2ca89c1174a,0x2e46bee733305b85ba05b3fb8ecf322a635a7ba3,0.0
14816161,1653120621.0,0x4670ec8da3499712de67d42120f6a2ca89c1174a,0x2e46bee733305b85ba05b3fb8ecf322a635a7ba3,0.0
14816161,1653120621.0,0xb60673a27c708c859c38cf0711a4a6c34cbe3d33,0x2e46bee733305b85ba05b3fb8ecf322a635a7ba3,0.0
14816163,1653120651.0,0x6b1e535df2f626e3fc4cf88b0c8efab92921f07d,0x2e46bee733305b85ba05b3fb8ecf322a635a7ba3,0.0
14816164,1653120684.0,0x4670ec8da3499712de67d42120f6a2ca89c1174a,0x2e46bee733305b85ba05b3fb8ecf322a635a7ba3,0.0
14816170,1653120749.0,0x4670ec8da3499712de67d42120f6a2ca89c1174a,0x2e46bee733305b85ba05b3fb8ecf322a635a7ba3,0.0
14816174,1653120811.0,0x6b1e535df2f626e3fc4cf88b0c8efab92921f07d,0x2e46bee733305b85ba05b3fb8ecf322a635a7ba3,0.0
14816175,1653120823.0,0x4670ec8da3499712de67d42120f6a2ca89c1174a,0x2e46bee733305b85ba05b3fb8ecf322a635a7ba3,0.0
14816177,1653120841.0,0x9f0315fe1116a9f610a994cb7b6d8408b809bb2d,0x2e46bee733305b85ba05b3fb8ecf322a635a7ba3,0.0
14816178,1653120898.0,0x4670ec8da3499712de67d42120f6a2ca89c1174a,0x2e46bee733305b85ba05b3fb8ecf322a635a7ba3,0.0
14816178,1653120898.0,0x4670ec8da3499712de67d42120f6a2ca89c1174a,0x2e46bee733305b85ba05b3fb8ecf322a635a7ba3,0.0
14816184,1653121031.0,0x4670ec8da3499712de67d42120f6a2ca89c1174a,0x2e46bee733305b85ba05b3fb8ecf322a635a7ba3,0.0
14816187,1653121100.0,0x41911b0050e47a9ec74614b5135b1f1a1c0cbd70,0x2e46bee733305b85ba05b3fb8ecf322a635a7ba3,0.0
14816209,1653121423.0,0x3eb676cf1a69a1868e32624088d64cad8a592ff6,0x2e46bee733305b85ba05b3fb8ecf322a635a7ba3,0.0
14816215,1653121506.0,0x381d42650059dd03a554fdcfa99ed94ba554f3b9,0x2e46bee733305b85ba05b3fb8ecf322a635a7ba3,0.0
14816517,1653126135.0,0x691b8554bde48950bd51c1d4ca1291081c31d93f,0x2e46bee733305b85ba05b3fb8ecf322a635a7ba3,0.0
14816636,1653127698.0,0x41911b0050e47a9ec74614b5135b1f1a1c0cbd70,0x2e46bee733305b85ba05b3fb8ecf322a635a7ba3,0.0
14816767,1653129589.0,0x381d42650059dd03a554fdcfa99ed94ba554f3b9,0x2e46bee733305b85ba05b3fb8ecf322a635a7ba3,0.0
14816773,1653129629.0,0x3189ce026f7a6eeda49573e6f1e2435f9bd49bf7,0x2e46bee733305b85ba05b3fb8ecf322a635a7ba3,0.0
14816818,1653130236.0,0xfee2ddfd13971361ae9a02c905ce5280f88959a8,0x2e46bee733305b85ba05b3fb8ecf322a635a7ba3,0.0
14817107,1653133882.0,0x3189ce026f7a6eeda49573e6f1e2435f9bd49bf7,0x2e46bee733305b85ba05b3fb8ecf322a635a7ba3,0.0
14817115,1653133961.0,0x18d6d21c51a6bb6b9d5039224646b99a34b3ecd7,0x2e46bee733305b85ba05b3fb8ecf322a635a7ba3,0.0
14817615,1653140983.0,0x691b8554bde48950bd51c1d4ca1291081c31d93f,0x2e46bee733305b85ba05b3fb8ecf322a635a7ba3,0.0
14817703,1653142229.0,0x691b8554bde48950bd51c1d4ca1291081c31d93f,0x2e46bee733305b85ba05b3fb8ecf322a635a7ba3,0.0
14822110,1653204565.0,0x97be5bd0de8918ce038aae8684ca01545507ec15,0x2e46bee733305b85ba05b3fb8ecf322a635a7ba3,0.0
17024991,1681217795.0,0x41911b0050e47a9ec74614b5135b1f1a1c0cbd70,0x2e46bee733305b85ba05b3fb8ecf322a635a7ba3,0.0
