BlockHeight,TimeStamp,From,To,Value
15142856,1657829023.0,0xb8d636d203ace81c5a545ec1ebcc9ecd86052ec0,,0.0
15142989,1657830797.0,0xb8d636d203ace81c5a545ec1ebcc9ecd86052ec0,0x2e5e0dd695f1abf59ca3592dc9a669cdb8379ff8,0.0
15142990,1657830820.0,0xb8d636d203ace81c5a545ec1ebcc9ecd86052ec0,0x2e5e0dd695f1abf59ca3592dc9a669cdb8379ff8,0.0
15142993,1657830853.0,0xb8d636d203ace81c5a545ec1ebcc9ecd86052ec0,0x2e5e0dd695f1abf59ca3592dc9a669cdb8379ff8,0.0
15142994,1657830858.0,0xb8d636d203ace81c5a545ec1ebcc9ecd86052ec0,0x2e5e0dd695f1abf59ca3592dc9a669cdb8379ff8,0.0
15142995,1657830874.0,0xb8d636d203ace81c5a545ec1ebcc9ecd86052ec0,0x2e5e0dd695f1abf59ca3592dc9a669cdb8379ff8,0.0
15142998,1657830911.0,0xb8d636d203ace81c5a545ec1ebcc9ecd86052ec0,0x2e5e0dd695f1abf59ca3592dc9a669cdb8379ff8,0.0
15143000,1657830918.0,0xb8d636d203ace81c5a545ec1ebcc9ecd86052ec0,0x2e5e0dd695f1abf59ca3592dc9a669cdb8379ff8,0.0
15143001,1657830929.0,0xb8d636d203ace81c5a545ec1ebcc9ecd86052ec0,0x2e5e0dd695f1abf59ca3592dc9a669cdb8379ff8,0.0
15143002,1657830940.0,0xb8d636d203ace81c5a545ec1ebcc9ecd86052ec0,0x2e5e0dd695f1abf59ca3592dc9a669cdb8379ff8,0.0
15143003,1657831010.0,0xb8d636d203ace81c5a545ec1ebcc9ecd86052ec0,0x2e5e0dd695f1abf59ca3592dc9a669cdb8379ff8,0.0
15143004,1657831028.0,0xb8d636d203ace81c5a545ec1ebcc9ecd86052ec0,0x2e5e0dd695f1abf59ca3592dc9a669cdb8379ff8,0.0
15143005,1657831034.0,0xb8d636d203ace81c5a545ec1ebcc9ecd86052ec0,0x2e5e0dd695f1abf59ca3592dc9a669cdb8379ff8,0.0
15143008,1657831079.0,0xb8d636d203ace81c5a545ec1ebcc9ecd86052ec0,0x2e5e0dd695f1abf59ca3592dc9a669cdb8379ff8,0.0
15143012,1657831129.0,0xb8d636d203ace81c5a545ec1ebcc9ecd86052ec0,0x2e5e0dd695f1abf59ca3592dc9a669cdb8379ff8,0.0
15143013,1657831140.0,0xb8d636d203ace81c5a545ec1ebcc9ecd86052ec0,0x2e5e0dd695f1abf59ca3592dc9a669cdb8379ff8,0.0
15143014,1657831144.0,0xb8d636d203ace81c5a545ec1ebcc9ecd86052ec0,0x2e5e0dd695f1abf59ca3592dc9a669cdb8379ff8,0.0
15143016,1657831156.0,0xb8d636d203ace81c5a545ec1ebcc9ecd86052ec0,0x2e5e0dd695f1abf59ca3592dc9a669cdb8379ff8,0.0
15143017,1657831157.0,0xb8d636d203ace81c5a545ec1ebcc9ecd86052ec0,0x2e5e0dd695f1abf59ca3592dc9a669cdb8379ff8,0.0
15143019,1657831175.0,0xb8d636d203ace81c5a545ec1ebcc9ecd86052ec0,0x2e5e0dd695f1abf59ca3592dc9a669cdb8379ff8,0.0
15143021,1657831185.0,0xb8d636d203ace81c5a545ec1ebcc9ecd86052ec0,0x2e5e0dd695f1abf59ca3592dc9a669cdb8379ff8,0.0
15839305,1666872359.0,0x335cf242c672121baca52f686ae0a7f4e31c1e31,0x2e5e0dd695f1abf59ca3592dc9a669cdb8379ff8,0.0
