BlockHeight,TimeStamp,From,To,Value
14615650,1650373160.0,0x56eddb7aa87536c09ccc2793473599fd21a8b17f,0x31f654a311b00c4ffb8e5ebe9e59dc0665e5cd80,0.6
14616060,1650378872.0,0x31f654a311b00c4ffb8e5ebe9e59dc0665e5cd80,0x002c16040b2f42fcb23dfecd5566ffbdd9865f6f,0.19429776
14627092,1650527743.0,0x31f654a311b00c4ffb8e5ebe9e59dc0665e5cd80,0x002c16040b2f42fcb23dfecd5566ffbdd9865f6f,0.16150792
14653232,1650882130.0,0x31f654a311b00c4ffb8e5ebe9e59dc0665e5cd80,0x002c16040b2f42fcb23dfecd5566ffbdd9865f6f,0.06751597
14653503,1650885872.0,0x31f654a311b00c4ffb8e5ebe9e59dc0665e5cd80,0x002c16040b2f42fcb23dfecd5566ffbdd9865f6f,0.00911465
14661021,1650988358.0,0x31f654a311b00c4ffb8e5ebe9e59dc0665e5cd80,0xe029da599d7ee8eeb73531f8aea32d6fdac5752b,0.162212452
