BlockHeight,TimeStamp,From,To,Value
14406220,1647549978.0,0xec16b83d7217ba1853b5f05d2bafdb246dfbd66d,,0.0
14406256,1647550344.0,0x72faace60fa099d20aadc300813e9f06fc0e50bd,0x32456ce36bce17e6d5f36de1d5e5592cbb155fd3,0.0
14406270,1647550481.0,0xaa766f1c396ff58e9c70e7fc3f27f640fe025ad0,0x32456ce36bce17e6d5f36de1d5e5592cbb155fd3,0.0
14406278,1647550567.0,0xcaea1c1fc4e0d3ca3cd7864d53bc99c37ae4b8ef,0x32456ce36bce17e6d5f36de1d5e5592cbb155fd3,0.0
14406282,1647550646.0,0x7a36f957a5e1fc6ddea855ec2a950e5715642e01,0x32456ce36bce17e6d5f36de1d5e5592cbb155fd3,0.0
14406296,1647550831.0,0xd5a697b0f288cc166853222b205f2a6b95124c7f,0x32456ce36bce17e6d5f36de1d5e5592cbb155fd3,0.0
14406306,1647550997.0,0xec16b83d7217ba1853b5f05d2bafdb246dfbd66d,0x32456ce36bce17e6d5f36de1d5e5592cbb155fd3,0.0
14406307,1647551030.0,0x4ca13b7c8f73444f227203e0f5f910ac3297bea2,0x32456ce36bce17e6d5f36de1d5e5592cbb155fd3,0.0
14406334,1647551314.0,0xec16b83d7217ba1853b5f05d2bafdb246dfbd66d,0x32456ce36bce17e6d5f36de1d5e5592cbb155fd3,0.0
14406384,1647552020.0,0xec16b83d7217ba1853b5f05d2bafdb246dfbd66d,0x32456ce36bce17e6d5f36de1d5e5592cbb155fd3,0.0
14406448,1647552982.0,0xec16b83d7217ba1853b5f05d2bafdb246dfbd66d,0x32456ce36bce17e6d5f36de1d5e5592cbb155fd3,0.0
14406478,1647553463.0,0x65cae1ffaa4f43a9da33b7b2414d23bac328ba05,0x32456ce36bce17e6d5f36de1d5e5592cbb155fd3,0.12
14406497,1647553693.0,0xec16b83d7217ba1853b5f05d2bafdb246dfbd66d,0x32456ce36bce17e6d5f36de1d5e5592cbb155fd3,0.0
14406584,1647554958.0,0xec16b83d7217ba1853b5f05d2bafdb246dfbd66d,0x32456ce36bce17e6d5f36de1d5e5592cbb155fd3,0.0
14406807,1647557880.0,0x6e91b161873acb15f72ed22a6fef8450027030e5,0x32456ce36bce17e6d5f36de1d5e5592cbb155fd3,0.12
14409919,1647600078.0,0xec16b83d7217ba1853b5f05d2bafdb246dfbd66d,0x32456ce36bce17e6d5f36de1d5e5592cbb155fd3,0.0
14409919,1647600078.0,0x32456ce36bce17e6d5f36de1d5e5592cbb155fd3,0x1b4603002a6d832e0d85ed06c6c54e7d9f1ba67b,0.24
