BlockHeight,TimeStamp,From,To,Value
14412819,1647638530.0,0x846efc4ed95bc999824a46ab74f8f197508bae30,,0.0
14412833,1647638744.0,0x846efc4ed95bc999824a46ab74f8f197508bae30,0x32643a36af662fec05cc3e66a44cec993d7b68ed,0.0
14412969,1647640716.0,0x846efc4ed95bc999824a46ab74f8f197508bae30,0x32643a36af662fec05cc3e66a44cec993d7b68ed,0.0
14412974,1647640793.0,0x846efc4ed95bc999824a46ab74f8f197508bae30,0x32643a36af662fec05cc3e66a44cec993d7b68ed,0.0
14412977,1647640882.0,0x846efc4ed95bc999824a46ab74f8f197508bae30,0x32643a36af662fec05cc3e66a44cec993d7b68ed,0.0
14413028,1647641443.0,0x846efc4ed95bc999824a46ab74f8f197508bae30,0x32643a36af662fec05cc3e66a44cec993d7b68ed,0.0
14413031,1647641520.0,0x846efc4ed95bc999824a46ab74f8f197508bae30,0x32643a36af662fec05cc3e66a44cec993d7b68ed,0.0
14413038,1647641588.0,0x846efc4ed95bc999824a46ab74f8f197508bae30,0x32643a36af662fec05cc3e66a44cec993d7b68ed,0.0
14413042,1647641619.0,0x846efc4ed95bc999824a46ab74f8f197508bae30,0x32643a36af662fec05cc3e66a44cec993d7b68ed,0.0
14413429,1647647135.0,0x846efc4ed95bc999824a46ab74f8f197508bae30,0x32643a36af662fec05cc3e66a44cec993d7b68ed,0.0
14413430,1647647144.0,0x846efc4ed95bc999824a46ab74f8f197508bae30,0x32643a36af662fec05cc3e66a44cec993d7b68ed,0.0
14413433,1647647228.0,0x846efc4ed95bc999824a46ab74f8f197508bae30,0x32643a36af662fec05cc3e66a44cec993d7b68ed,0.0
14413437,1647647307.0,0x846efc4ed95bc999824a46ab74f8f197508bae30,0x32643a36af662fec05cc3e66a44cec993d7b68ed,0.0
14413448,1647647411.0,0x846efc4ed95bc999824a46ab74f8f197508bae30,0x32643a36af662fec05cc3e66a44cec993d7b68ed,0.0
14413453,1647647493.0,0x846efc4ed95bc999824a46ab74f8f197508bae30,0x32643a36af662fec05cc3e66a44cec993d7b68ed,0.0
14413456,1647647566.0,0x846efc4ed95bc999824a46ab74f8f197508bae30,0x32643a36af662fec05cc3e66a44cec993d7b68ed,0.0
14414217,1647657570.0,0xed3844d9a464d022f969df18bef59104c6fc3910,0x32643a36af662fec05cc3e66a44cec993d7b68ed,0.0
14416211,1647684258.0,0x846efc4ed95bc999824a46ab74f8f197508bae30,0x32643a36af662fec05cc3e66a44cec993d7b68ed,0.0
14416220,1647684327.0,0x846efc4ed95bc999824a46ab74f8f197508bae30,0x32643a36af662fec05cc3e66a44cec993d7b68ed,0.0
14416224,1647684403.0,0x846efc4ed95bc999824a46ab74f8f197508bae30,0x32643a36af662fec05cc3e66a44cec993d7b68ed,0.0
14416275,1647684985.0,0x846efc4ed95bc999824a46ab74f8f197508bae30,0x32643a36af662fec05cc3e66a44cec993d7b68ed,0.0
14416293,1647685113.0,0x846efc4ed95bc999824a46ab74f8f197508bae30,0x32643a36af662fec05cc3e66a44cec993d7b68ed,0.0
14416298,1647685166.0,0x846efc4ed95bc999824a46ab74f8f197508bae30,0x32643a36af662fec05cc3e66a44cec993d7b68ed,0.0
14416302,1647685235.0,0x846efc4ed95bc999824a46ab74f8f197508bae30,0x32643a36af662fec05cc3e66a44cec993d7b68ed,0.0
14425634,1647811027.0,0xb4d5b154170ec265878a799f266746926abcc7e4,0x32643a36af662fec05cc3e66a44cec993d7b68ed,0.0
14425715,1647812146.0,0x846efc4ed95bc999824a46ab74f8f197508bae30,0x32643a36af662fec05cc3e66a44cec993d7b68ed,0.0
14425719,1647812184.0,0x846efc4ed95bc999824a46ab74f8f197508bae30,0x32643a36af662fec05cc3e66a44cec993d7b68ed,0.0
14426561,1647823212.0,0x43db74bc3604e6c998d8a342b6400eff7ab001e5,0x32643a36af662fec05cc3e66a44cec993d7b68ed,0.0
14432059,1647897363.0,0x846efc4ed95bc999824a46ab74f8f197508bae30,0x32643a36af662fec05cc3e66a44cec993d7b68ed,0.0
14435403,1647942628.0,0x3552a0fa4aaf7dce3e0120a7a3875569b32ec225,0x32643a36af662fec05cc3e66a44cec993d7b68ed,0.0
14435517,1647944016.0,0x3552a0fa4aaf7dce3e0120a7a3875569b32ec225,0x32643a36af662fec05cc3e66a44cec993d7b68ed,0.0
14440804,1648014682.0,0xbf0adf806f496f97e65bbea6d299979ba2f3a76e,0x32643a36af662fec05cc3e66a44cec993d7b68ed,0.0
14444149,1648059832.0,0xfab9ef0233988f0970cd6357daa47b7b168d73be,0x32643a36af662fec05cc3e66a44cec993d7b68ed,0.0
14444986,1648070790.0,0x846efc4ed95bc999824a46ab74f8f197508bae30,0x32643a36af662fec05cc3e66a44cec993d7b68ed,0.0
14451318,1648156287.0,0x846efc4ed95bc999824a46ab74f8f197508bae30,0x32643a36af662fec05cc3e66a44cec993d7b68ed,0.0
14455630,1648213938.0,0xefa535fe0b6d415a5fecf82cbfda9deacc045961,0x32643a36af662fec05cc3e66a44cec993d7b68ed,0.0
14464590,1648335024.0,0xb675b284d6f7d59f5b03b9b4da43d89b0d8a277d,0x32643a36af662fec05cc3e66a44cec993d7b68ed,0.0
14468386,1648386341.0,0x846efc4ed95bc999824a46ab74f8f197508bae30,0x32643a36af662fec05cc3e66a44cec993d7b68ed,0.0
14468393,1648386402.0,0x846efc4ed95bc999824a46ab74f8f197508bae30,0x32643a36af662fec05cc3e66a44cec993d7b68ed,0.0
14468413,1648386671.0,0x846efc4ed95bc999824a46ab74f8f197508bae30,0x32643a36af662fec05cc3e66a44cec993d7b68ed,0.0
15061003,1656737280.0,0x655f96befa56dfa477202e4e3cb053d6243c5d9e,0x32643a36af662fec05cc3e66a44cec993d7b68ed,0.0
