BlockHeight,TimeStamp,From,To,Value
14466653,1648362971.0,0x21766bc82378e15a0555c7e1ef3e27024b2db75e,,0.0
14466664,1648363056.0,0x21766bc82378e15a0555c7e1ef3e27024b2db75e,0x3388bbd7c53faee1b7ab2661af7f0a0884ecfe8b,0.0
14466696,1648363529.0,0x9c210f255cc39862c829d72e65a950c068753214,0x3388bbd7c53faee1b7ab2661af7f0a0884ecfe8b,0.0
14466773,1648364700.0,0xf528f394f9438247b59fdfe8dfc8e0da7cd72f76,0x3388bbd7c53faee1b7ab2661af7f0a0884ecfe8b,0.0
14466776,1648364721.0,0xbd72330136dfad837e8021f8c7cb3bf960860abf,0x3388bbd7c53faee1b7ab2661af7f0a0884ecfe8b,0.0
14466806,1648365114.0,0xec32984cce4597b9a3bb12646ca9c146ef2b5218,0x3388bbd7c53faee1b7ab2661af7f0a0884ecfe8b,0.0
14466938,1648366812.0,0xd27bce03bd60cbbe91299fe438070a94bb210a9d,0x3388bbd7c53faee1b7ab2661af7f0a0884ecfe8b,0.0
14467418,1648373389.0,0xabeb39d42fbf4f9e04314fcbe1421684f5bcb27e,0x3388bbd7c53faee1b7ab2661af7f0a0884ecfe8b,0.0
14468834,1648391995.0,0xe468be17cbc8a55a3573b6bff8912aed35bc9f75,0x3388bbd7c53faee1b7ab2661af7f0a0884ecfe8b,0.0
14471379,1648426474.0,0x65c825747a78a27279297384b5933c58171dde1a,0x3388bbd7c53faee1b7ab2661af7f0a0884ecfe8b,0.0
14472459,1648440438.0,0x9de365a41819a45b463333ad3d05117b2aba086c,0x3388bbd7c53faee1b7ab2661af7f0a0884ecfe8b,0.0
14473883,1648459417.0,0x77e1087381da585f9384267cfaa402c6eecef8b3,0x3388bbd7c53faee1b7ab2661af7f0a0884ecfe8b,0.0
