BlockHeight,TimeStamp,From,To,Value
14486063,1648623167.0,0xfea6abd992463bb0c1c1fc79ad7fd515057b4deb,,0.0
14505934,1648891603.0,0xfea6abd992463bb0c1c1fc79ad7fd515057b4deb,0x3450bc589d93bad1b1a48f8013289ad52f6bacfd,0.0
14512379,1648978408.0,0x519bbb369c2e278e958852cbf38ddacf4293c8b0,0x3450bc589d93bad1b1a48f8013289ad52f6bacfd,0.0
14512396,1648978695.0,0x519bbb369c2e278e958852cbf38ddacf4293c8b0,0x3450bc589d93bad1b1a48f8013289ad52f6bacfd,0.0
14512573,1648980977.0,0x519bbb369c2e278e958852cbf38ddacf4293c8b0,0x3450bc589d93bad1b1a48f8013289ad52f6bacfd,0.0
14512593,1648981166.0,0x519bbb369c2e278e958852cbf38ddacf4293c8b0,0x3450bc589d93bad1b1a48f8013289ad52f6bacfd,0.0
14512638,1648981839.0,0x519bbb369c2e278e958852cbf38ddacf4293c8b0,0x3450bc589d93bad1b1a48f8013289ad52f6bacfd,0.0
14554651,1649549299.0,0x519bbb369c2e278e958852cbf38ddacf4293c8b0,0x3450bc589d93bad1b1a48f8013289ad52f6bacfd,0.0
14579259,1649881499.0,0x519bbb369c2e278e958852cbf38ddacf4293c8b0,0x3450bc589d93bad1b1a48f8013289ad52f6bacfd,0.0
14593206,1650069660.0,0x519bbb369c2e278e958852cbf38ddacf4293c8b0,0x3450bc589d93bad1b1a48f8013289ad52f6bacfd,0.0
14596795,1650118081.0,0x519bbb369c2e278e958852cbf38ddacf4293c8b0,0x3450bc589d93bad1b1a48f8013289ad52f6bacfd,0.0
14596901,1650119618.0,0x519bbb369c2e278e958852cbf38ddacf4293c8b0,0x3450bc589d93bad1b1a48f8013289ad52f6bacfd,0.0
14596917,1650119778.0,0x519bbb369c2e278e958852cbf38ddacf4293c8b0,0x3450bc589d93bad1b1a48f8013289ad52f6bacfd,0.0
14620036,1650432861.0,0x519bbb369c2e278e958852cbf38ddacf4293c8b0,0x3450bc589d93bad1b1a48f8013289ad52f6bacfd,0.0
14861827,1653761796.0,0x519bbb369c2e278e958852cbf38ddacf4293c8b0,0x3450bc589d93bad1b1a48f8013289ad52f6bacfd,0.0
14898640,1654280830.0,0x519bbb369c2e278e958852cbf38ddacf4293c8b0,0x3450bc589d93bad1b1a48f8013289ad52f6bacfd,0.0
14928030,1654710392.0,0x519bbb369c2e278e958852cbf38ddacf4293c8b0,0x3450bc589d93bad1b1a48f8013289ad52f6bacfd,0.0
14935343,1654818731.0,0x519bbb369c2e278e958852cbf38ddacf4293c8b0,0x3450bc589d93bad1b1a48f8013289ad52f6bacfd,0.0
15079963,1656989877.0,0x519bbb369c2e278e958852cbf38ddacf4293c8b0,0x3450bc589d93bad1b1a48f8013289ad52f6bacfd,0.0
15102235,1657287912.0,0x519bbb369c2e278e958852cbf38ddacf4293c8b0,0x3450bc589d93bad1b1a48f8013289ad52f6bacfd,0.0
15106057,1657338857.0,0x519bbb369c2e278e958852cbf38ddacf4293c8b0,0x3450bc589d93bad1b1a48f8013289ad52f6bacfd,0.0
15145230,1657860823.0,0x519bbb369c2e278e958852cbf38ddacf4293c8b0,0x3450bc589d93bad1b1a48f8013289ad52f6bacfd,0.0
15148943,1657909909.0,0x519bbb369c2e278e958852cbf38ddacf4293c8b0,0x3450bc589d93bad1b1a48f8013289ad52f6bacfd,0.0
15167046,1658152565.0,0x519bbb369c2e278e958852cbf38ddacf4293c8b0,0x3450bc589d93bad1b1a48f8013289ad52f6bacfd,0.0
15173593,1658240901.0,0x519bbb369c2e278e958852cbf38ddacf4293c8b0,0x3450bc589d93bad1b1a48f8013289ad52f6bacfd,0.0
15181244,1658343912.0,0x519bbb369c2e278e958852cbf38ddacf4293c8b0,0x3450bc589d93bad1b1a48f8013289ad52f6bacfd,0.0
15181249,1658344006.0,0x519bbb369c2e278e958852cbf38ddacf4293c8b0,0x3450bc589d93bad1b1a48f8013289ad52f6bacfd,0.0
15192136,1658489908.0,0x519bbb369c2e278e958852cbf38ddacf4293c8b0,0x3450bc589d93bad1b1a48f8013289ad52f6bacfd,0.0
15204596,1658656065.0,0x519bbb369c2e278e958852cbf38ddacf4293c8b0,0x3450bc589d93bad1b1a48f8013289ad52f6bacfd,0.0
15232641,1659033217.0,0x519bbb369c2e278e958852cbf38ddacf4293c8b0,0x3450bc589d93bad1b1a48f8013289ad52f6bacfd,0.0
15251043,1659281166.0,0x519bbb369c2e278e958852cbf38ddacf4293c8b0,0x3450bc589d93bad1b1a48f8013289ad52f6bacfd,0.0
15278089,1659646007.0,0x519bbb369c2e278e958852cbf38ddacf4293c8b0,0x3450bc589d93bad1b1a48f8013289ad52f6bacfd,0.0
15289994,1659806058.0,0x519bbb369c2e278e958852cbf38ddacf4293c8b0,0x3450bc589d93bad1b1a48f8013289ad52f6bacfd,0.0
15294052,1659860215.0,0x519bbb369c2e278e958852cbf38ddacf4293c8b0,0x3450bc589d93bad1b1a48f8013289ad52f6bacfd,0.0
15301286,1659958005.0,0x519bbb369c2e278e958852cbf38ddacf4293c8b0,0x3450bc589d93bad1b1a48f8013289ad52f6bacfd,0.0
15314612,1660138336.0,0x519bbb369c2e278e958852cbf38ddacf4293c8b0,0x3450bc589d93bad1b1a48f8013289ad52f6bacfd,0.0
15346495,1660573198.0,0x519bbb369c2e278e958852cbf38ddacf4293c8b0,0x3450bc589d93bad1b1a48f8013289ad52f6bacfd,0.0
15352120,1660649858.0,0x519bbb369c2e278e958852cbf38ddacf4293c8b0,0x3450bc589d93bad1b1a48f8013289ad52f6bacfd,0.0
15353957,1660674894.0,0x519bbb369c2e278e958852cbf38ddacf4293c8b0,0x3450bc589d93bad1b1a48f8013289ad52f6bacfd,0.0
15366848,1660851181.0,0x519bbb369c2e278e958852cbf38ddacf4293c8b0,0x3450bc589d93bad1b1a48f8013289ad52f6bacfd,0.0
15497524,1662652999.0,0x519bbb369c2e278e958852cbf38ddacf4293c8b0,0x3450bc589d93bad1b1a48f8013289ad52f6bacfd,0.0
15501492,1662708714.0,0x519bbb369c2e278e958852cbf38ddacf4293c8b0,0x3450bc589d93bad1b1a48f8013289ad52f6bacfd,0.0
15554817,1663436039.0,0x519bbb369c2e278e958852cbf38ddacf4293c8b0,0x3450bc589d93bad1b1a48f8013289ad52f6bacfd,0.0
15682308,1664977823.0,0x519bbb369c2e278e958852cbf38ddacf4293c8b0,0x3450bc589d93bad1b1a48f8013289ad52f6bacfd,0.0
15682715,1664982719.0,0x519bbb369c2e278e958852cbf38ddacf4293c8b0,0x3450bc589d93bad1b1a48f8013289ad52f6bacfd,0.0
15682718,1664982755.0,0x519bbb369c2e278e958852cbf38ddacf4293c8b0,0x3450bc589d93bad1b1a48f8013289ad52f6bacfd,0.0
15685860,1665020651.0,0x519bbb369c2e278e958852cbf38ddacf4293c8b0,0x3450bc589d93bad1b1a48f8013289ad52f6bacfd,0.0
15705126,1665253235.0,0x519bbb369c2e278e958852cbf38ddacf4293c8b0,0x3450bc589d93bad1b1a48f8013289ad52f6bacfd,0.0
15727555,1665523715.0,0x519bbb369c2e278e958852cbf38ddacf4293c8b0,0x3450bc589d93bad1b1a48f8013289ad52f6bacfd,0.0
15748435,1665775667.0,0x519bbb369c2e278e958852cbf38ddacf4293c8b0,0x3450bc589d93bad1b1a48f8013289ad52f6bacfd,0.0
15826391,1666716551.0,0x519bbb369c2e278e958852cbf38ddacf4293c8b0,0x3450bc589d93bad1b1a48f8013289ad52f6bacfd,0.0
15853854,1667048207.0,0x519bbb369c2e278e958852cbf38ddacf4293c8b0,0x3450bc589d93bad1b1a48f8013289ad52f6bacfd,0.0
15853861,1667048291.0,0x519bbb369c2e278e958852cbf38ddacf4293c8b0,0x3450bc589d93bad1b1a48f8013289ad52f6bacfd,0.0
15853898,1667048735.0,0x519bbb369c2e278e958852cbf38ddacf4293c8b0,0x3450bc589d93bad1b1a48f8013289ad52f6bacfd,0.0
15926597,1667925947.0,0x519bbb369c2e278e958852cbf38ddacf4293c8b0,0x3450bc589d93bad1b1a48f8013289ad52f6bacfd,0.0
15964875,1668387899.0,0x519bbb369c2e278e958852cbf38ddacf4293c8b0,0x3450bc589d93bad1b1a48f8013289ad52f6bacfd,0.0
16010361,1668936851.0,0x519bbb369c2e278e958852cbf38ddacf4293c8b0,0x3450bc589d93bad1b1a48f8013289ad52f6bacfd,0.0
16018401,1669033859.0,0x519bbb369c2e278e958852cbf38ddacf4293c8b0,0x3450bc589d93bad1b1a48f8013289ad52f6bacfd,0.0
16055349,1669480067.0,0x519bbb369c2e278e958852cbf38ddacf4293c8b0,0x3450bc589d93bad1b1a48f8013289ad52f6bacfd,0.0
16147106,1670588471.0,0x519bbb369c2e278e958852cbf38ddacf4293c8b0,0x3450bc589d93bad1b1a48f8013289ad52f6bacfd,0.0
16181290,1671001007.0,0x519bbb369c2e278e958852cbf38ddacf4293c8b0,0x3450bc589d93bad1b1a48f8013289ad52f6bacfd,0.0
16244373,1671761843.0,0x519bbb369c2e278e958852cbf38ddacf4293c8b0,0x3450bc589d93bad1b1a48f8013289ad52f6bacfd,0.0
16273421,1672111967.0,0x519bbb369c2e278e958852cbf38ddacf4293c8b0,0x3450bc589d93bad1b1a48f8013289ad52f6bacfd,0.0
16275964,1672142651.0,0x519bbb369c2e278e958852cbf38ddacf4293c8b0,0x3450bc589d93bad1b1a48f8013289ad52f6bacfd,0.0
16281507,1672209491.0,0x519bbb369c2e278e958852cbf38ddacf4293c8b0,0x3450bc589d93bad1b1a48f8013289ad52f6bacfd,0.0
16297890,1672407011.0,0x519bbb369c2e278e958852cbf38ddacf4293c8b0,0x3450bc589d93bad1b1a48f8013289ad52f6bacfd,0.0
16303950,1672480103.0,0x519bbb369c2e278e958852cbf38ddacf4293c8b0,0x3450bc589d93bad1b1a48f8013289ad52f6bacfd,0.0
16304292,1672484231.0,0x519bbb369c2e278e958852cbf38ddacf4293c8b0,0x3450bc589d93bad1b1a48f8013289ad52f6bacfd,0.0
16318054,1672650011.0,0x519bbb369c2e278e958852cbf38ddacf4293c8b0,0x3450bc589d93bad1b1a48f8013289ad52f6bacfd,0.0
16340990,1672926527.0,0x519bbb369c2e278e958852cbf38ddacf4293c8b0,0x3450bc589d93bad1b1a48f8013289ad52f6bacfd,0.0
16346253,1672990115.0,0x519bbb369c2e278e958852cbf38ddacf4293c8b0,0x3450bc589d93bad1b1a48f8013289ad52f6bacfd,0.0
16346625,1672994591.0,0x519bbb369c2e278e958852cbf38ddacf4293c8b0,0x3450bc589d93bad1b1a48f8013289ad52f6bacfd,0.0
16347488,1673005031.0,0x519bbb369c2e278e958852cbf38ddacf4293c8b0,0x3450bc589d93bad1b1a48f8013289ad52f6bacfd,0.0
16353678,1673079671.0,0x519bbb369c2e278e958852cbf38ddacf4293c8b0,0x3450bc589d93bad1b1a48f8013289ad52f6bacfd,0.0
16361676,1673176151.0,0x519bbb369c2e278e958852cbf38ddacf4293c8b0,0x3450bc589d93bad1b1a48f8013289ad52f6bacfd,0.0
16362618,1673187515.0,0x519bbb369c2e278e958852cbf38ddacf4293c8b0,0x3450bc589d93bad1b1a48f8013289ad52f6bacfd,0.0
16369371,1673268815.0,0x519bbb369c2e278e958852cbf38ddacf4293c8b0,0x3450bc589d93bad1b1a48f8013289ad52f6bacfd,0.0
16374225,1673327435.0,0x519bbb369c2e278e958852cbf38ddacf4293c8b0,0x3450bc589d93bad1b1a48f8013289ad52f6bacfd,0.0
16391072,1673530703.0,0x519bbb369c2e278e958852cbf38ddacf4293c8b0,0x3450bc589d93bad1b1a48f8013289ad52f6bacfd,0.0
16397841,1673612531.0,0x519bbb369c2e278e958852cbf38ddacf4293c8b0,0x3450bc589d93bad1b1a48f8013289ad52f6bacfd,0.0
16409413,1673751971.0,0x519bbb369c2e278e958852cbf38ddacf4293c8b0,0x3450bc589d93bad1b1a48f8013289ad52f6bacfd,0.0
16421464,1673897555.0,0x519bbb369c2e278e958852cbf38ddacf4293c8b0,0x3450bc589d93bad1b1a48f8013289ad52f6bacfd,0.0
16425407,1673945111.0,0x519bbb369c2e278e958852cbf38ddacf4293c8b0,0x3450bc589d93bad1b1a48f8013289ad52f6bacfd,0.0
16425532,1673946611.0,0x519bbb369c2e278e958852cbf38ddacf4293c8b0,0x3450bc589d93bad1b1a48f8013289ad52f6bacfd,0.0
16427357,1673968547.0,0x519bbb369c2e278e958852cbf38ddacf4293c8b0,0x3450bc589d93bad1b1a48f8013289ad52f6bacfd,0.0
16433991,1674048515.0,0x519bbb369c2e278e958852cbf38ddacf4293c8b0,0x3450bc589d93bad1b1a48f8013289ad52f6bacfd,0.0
16434082,1674049607.0,0x519bbb369c2e278e958852cbf38ddacf4293c8b0,0x3450bc589d93bad1b1a48f8013289ad52f6bacfd,0.0
16438027,1674097199.0,0x519bbb369c2e278e958852cbf38ddacf4293c8b0,0x3450bc589d93bad1b1a48f8013289ad52f6bacfd,0.0
16438055,1674097547.0,0x519bbb369c2e278e958852cbf38ddacf4293c8b0,0x3450bc589d93bad1b1a48f8013289ad52f6bacfd,0.0
16446852,1674203687.0,0x519bbb369c2e278e958852cbf38ddacf4293c8b0,0x3450bc589d93bad1b1a48f8013289ad52f6bacfd,0.0
16455596,1674309167.0,0x519bbb369c2e278e958852cbf38ddacf4293c8b0,0x3450bc589d93bad1b1a48f8013289ad52f6bacfd,0.0
16490400,1674728999.0,0x519bbb369c2e278e958852cbf38ddacf4293c8b0,0x3450bc589d93bad1b1a48f8013289ad52f6bacfd,0.0
16504831,1674903047.0,0x519bbb369c2e278e958852cbf38ddacf4293c8b0,0x3450bc589d93bad1b1a48f8013289ad52f6bacfd,0.0
16526681,1675166591.0,0x519bbb369c2e278e958852cbf38ddacf4293c8b0,0x3450bc589d93bad1b1a48f8013289ad52f6bacfd,0.0
16586318,1675886867.0,0x519bbb369c2e278e958852cbf38ddacf4293c8b0,0x3450bc589d93bad1b1a48f8013289ad52f6bacfd,0.0
16623740,1676338415.0,0x519bbb369c2e278e958852cbf38ddacf4293c8b0,0x3450bc589d93bad1b1a48f8013289ad52f6bacfd,0.0
16630721,1676422799.0,0x519bbb369c2e278e958852cbf38ddacf4293c8b0,0x3450bc589d93bad1b1a48f8013289ad52f6bacfd,0.0
16634393,1676467163.0,0x519bbb369c2e278e958852cbf38ddacf4293c8b0,0x3450bc589d93bad1b1a48f8013289ad52f6bacfd,0.0
16635095,1676475635.0,0x519bbb369c2e278e958852cbf38ddacf4293c8b0,0x3450bc589d93bad1b1a48f8013289ad52f6bacfd,0.0
16639817,1676532695.0,0x519bbb369c2e278e958852cbf38ddacf4293c8b0,0x3450bc589d93bad1b1a48f8013289ad52f6bacfd,0.0
16649171,1676645975.0,0x519bbb369c2e278e958852cbf38ddacf4293c8b0,0x3450bc589d93bad1b1a48f8013289ad52f6bacfd,0.0
16654902,1676715791.0,0x519bbb369c2e278e958852cbf38ddacf4293c8b0,0x3450bc589d93bad1b1a48f8013289ad52f6bacfd,0.0
16690558,1677148763.0,0x519bbb369c2e278e958852cbf38ddacf4293c8b0,0x3450bc589d93bad1b1a48f8013289ad52f6bacfd,0.0
16714602,1677441107.0,0x519bbb369c2e278e958852cbf38ddacf4293c8b0,0x3450bc589d93bad1b1a48f8013289ad52f6bacfd,0.0
16720322,1677510491.0,0x519bbb369c2e278e958852cbf38ddacf4293c8b0,0x3450bc589d93bad1b1a48f8013289ad52f6bacfd,0.0
16726004,1677579371.0,0x519bbb369c2e278e958852cbf38ddacf4293c8b0,0x3450bc589d93bad1b1a48f8013289ad52f6bacfd,0.0
16733299,1677667955.0,0x519bbb369c2e278e958852cbf38ddacf4293c8b0,0x3450bc589d93bad1b1a48f8013289ad52f6bacfd,0.0
16755937,1677943331.0,0x519bbb369c2e278e958852cbf38ddacf4293c8b0,0x3450bc589d93bad1b1a48f8013289ad52f6bacfd,0.0
16769647,1678109771.0,0x519bbb369c2e278e958852cbf38ddacf4293c8b0,0x3450bc589d93bad1b1a48f8013289ad52f6bacfd,0.0
16774933,1678173995.0,0x519bbb369c2e278e958852cbf38ddacf4293c8b0,0x3450bc589d93bad1b1a48f8013289ad52f6bacfd,0.0
16780488,1678241435.0,0x519bbb369c2e278e958852cbf38ddacf4293c8b0,0x3450bc589d93bad1b1a48f8013289ad52f6bacfd,0.0
16787381,1678325231.0,0x519bbb369c2e278e958852cbf38ddacf4293c8b0,0x3450bc589d93bad1b1a48f8013289ad52f6bacfd,0.0
16797509,1678448627.0,0x519bbb369c2e278e958852cbf38ddacf4293c8b0,0x3450bc589d93bad1b1a48f8013289ad52f6bacfd,0.0
16832301,1678871159.0,0x519bbb369c2e278e958852cbf38ddacf4293c8b0,0x3450bc589d93bad1b1a48f8013289ad52f6bacfd,0.0
16877075,1679414567.0,0x519bbb369c2e278e958852cbf38ddacf4293c8b0,0x3450bc589d93bad1b1a48f8013289ad52f6bacfd,0.0
16902908,1679728271.0,0x519bbb369c2e278e958852cbf38ddacf4293c8b0,0x3450bc589d93bad1b1a48f8013289ad52f6bacfd,0.0
16918268,1679914667.0,0x519bbb369c2e278e958852cbf38ddacf4293c8b0,0x3450bc589d93bad1b1a48f8013289ad52f6bacfd,0.0
16919052,1679924159.0,0x519bbb369c2e278e958852cbf38ddacf4293c8b0,0x3450bc589d93bad1b1a48f8013289ad52f6bacfd,0.0
16925670,1680004523.0,0x519bbb369c2e278e958852cbf38ddacf4293c8b0,0x3450bc589d93bad1b1a48f8013289ad52f6bacfd,0.0
16941878,1680201359.0,0x519bbb369c2e278e958852cbf38ddacf4293c8b0,0x3450bc589d93bad1b1a48f8013289ad52f6bacfd,0.0
16968021,1680519143.0,0x519bbb369c2e278e958852cbf38ddacf4293c8b0,0x3450bc589d93bad1b1a48f8013289ad52f6bacfd,0.0
16989640,1680785003.0,0x519bbb369c2e278e958852cbf38ddacf4293c8b0,0x3450bc589d93bad1b1a48f8013289ad52f6bacfd,0.0
17028640,1681262507.0,0x519bbb369c2e278e958852cbf38ddacf4293c8b0,0x3450bc589d93bad1b1a48f8013289ad52f6bacfd,0.0
17035664,1681349747.0,0x519bbb369c2e278e958852cbf38ddacf4293c8b0,0x3450bc589d93bad1b1a48f8013289ad52f6bacfd,0.0
17116964,1682349239.0,0x519bbb369c2e278e958852cbf38ddacf4293c8b0,0x3450bc589d93bad1b1a48f8013289ad52f6bacfd,0.0
17131307,1682523047.0,0x519bbb369c2e278e958852cbf38ddacf4293c8b0,0x3450bc589d93bad1b1a48f8013289ad52f6bacfd,0.0
17131357,1682523647.0,0x519bbb369c2e278e958852cbf38ddacf4293c8b0,0x3450bc589d93bad1b1a48f8013289ad52f6bacfd,0.0
17134258,1682558951.0,0x519bbb369c2e278e958852cbf38ddacf4293c8b0,0x3450bc589d93bad1b1a48f8013289ad52f6bacfd,0.0
17137441,1682597651.0,0x519bbb369c2e278e958852cbf38ddacf4293c8b0,0x3450bc589d93bad1b1a48f8013289ad52f6bacfd,0.0
17194862,1683294923.0,0x519bbb369c2e278e958852cbf38ddacf4293c8b0,0x3450bc589d93bad1b1a48f8013289ad52f6bacfd,0.0
17237304,1683810431.0,0x519bbb369c2e278e958852cbf38ddacf4293c8b0,0x3450bc589d93bad1b1a48f8013289ad52f6bacfd,0.0
17293921,1684504019.0,0x519bbb369c2e278e958852cbf38ddacf4293c8b0,0x3450bc589d93bad1b1a48f8013289ad52f6bacfd,0.0
17334669,1684999523.0,0x519bbb369c2e278e958852cbf38ddacf4293c8b0,0x3450bc589d93bad1b1a48f8013289ad52f6bacfd,0.0
17370694,1685436875.0,0x519bbb369c2e278e958852cbf38ddacf4293c8b0,0x3450bc589d93bad1b1a48f8013289ad52f6bacfd,0.0
17372286,1685456291.0,0x519bbb369c2e278e958852cbf38ddacf4293c8b0,0x3450bc589d93bad1b1a48f8013289ad52f6bacfd,0.0
17386112,1685624375.0,0x519bbb369c2e278e958852cbf38ddacf4293c8b0,0x3450bc589d93bad1b1a48f8013289ad52f6bacfd,0.0
17450075,1686403775.0,0x519bbb369c2e278e958852cbf38ddacf4293c8b0,0x3450bc589d93bad1b1a48f8013289ad52f6bacfd,0.0
17512202,1687158431.0,0x519bbb369c2e278e958852cbf38ddacf4293c8b0,0x3450bc589d93bad1b1a48f8013289ad52f6bacfd,0.0
17625914,1688538647.0,0x519bbb369c2e278e958852cbf38ddacf4293c8b0,0x3450bc589d93bad1b1a48f8013289ad52f6bacfd,0.0
17643496,1688751995.0,0x519bbb369c2e278e958852cbf38ddacf4293c8b0,0x3450bc589d93bad1b1a48f8013289ad52f6bacfd,0.0
17647281,1688797871.0,0x519bbb369c2e278e958852cbf38ddacf4293c8b0,0x3450bc589d93bad1b1a48f8013289ad52f6bacfd,0.0
