BlockHeight,TimeStamp,From,To,Value
14467681,1648376929.0,0xcad05c4cc05062b1c488151cca86dcef9e30acae,,0.0
14468277,1648384799.0,0x821e0f80697a6ca8058d60cf66dfc60d2fa743e9,0x35e93c60b9f0b9d85933e48434ba9ccd970c7a4e,0.0
14468299,1648385147.0,0x821e0f80697a6ca8058d60cf66dfc60d2fa743e9,0x35e93c60b9f0b9d85933e48434ba9ccd970c7a4e,0.0
14468388,1648386358.0,0xcad05c4cc05062b1c488151cca86dcef9e30acae,0x35e93c60b9f0b9d85933e48434ba9ccd970c7a4e,0.0
14468442,1648387066.0,0xcad05c4cc05062b1c488151cca86dcef9e30acae,0x35e93c60b9f0b9d85933e48434ba9ccd970c7a4e,0.0
14468467,1648387359.0,0xcad05c4cc05062b1c488151cca86dcef9e30acae,0x35e93c60b9f0b9d85933e48434ba9ccd970c7a4e,0.0
14468472,1648387440.0,0xcad05c4cc05062b1c488151cca86dcef9e30acae,0x35e93c60b9f0b9d85933e48434ba9ccd970c7a4e,0.0
14468653,1648389684.0,0xcad05c4cc05062b1c488151cca86dcef9e30acae,0x35e93c60b9f0b9d85933e48434ba9ccd970c7a4e,0.0
14468893,1648392694.0,0xcad05c4cc05062b1c488151cca86dcef9e30acae,0x35e93c60b9f0b9d85933e48434ba9ccd970c7a4e,0.0
14469135,1648395414.0,0xcad05c4cc05062b1c488151cca86dcef9e30acae,0x35e93c60b9f0b9d85933e48434ba9ccd970c7a4e,0.0
14469221,1648396759.0,0xcad05c4cc05062b1c488151cca86dcef9e30acae,0x35e93c60b9f0b9d85933e48434ba9ccd970c7a4e,0.0
14469447,1648399919.0,0xcad05c4cc05062b1c488151cca86dcef9e30acae,0x35e93c60b9f0b9d85933e48434ba9ccd970c7a4e,0.0
14469900,1648405781.0,0xcad05c4cc05062b1c488151cca86dcef9e30acae,0x35e93c60b9f0b9d85933e48434ba9ccd970c7a4e,0.0
14470027,1648407524.0,0xcad05c4cc05062b1c488151cca86dcef9e30acae,0x35e93c60b9f0b9d85933e48434ba9ccd970c7a4e,0.0
14470211,1648410075.0,0xcad05c4cc05062b1c488151cca86dcef9e30acae,0x35e93c60b9f0b9d85933e48434ba9ccd970c7a4e,0.0
14470295,1648411332.0,0xcad05c4cc05062b1c488151cca86dcef9e30acae,0x35e93c60b9f0b9d85933e48434ba9ccd970c7a4e,0.0
14470696,1648416814.0,0xfa377eed778f74266cfabca542e61dccb1215bc9,0x35e93c60b9f0b9d85933e48434ba9ccd970c7a4e,0.3
14470879,1648419440.0,0xcad05c4cc05062b1c488151cca86dcef9e30acae,0x35e93c60b9f0b9d85933e48434ba9ccd970c7a4e,0.0
14471380,1648426508.0,0xcad05c4cc05062b1c488151cca86dcef9e30acae,0x35e93c60b9f0b9d85933e48434ba9ccd970c7a4e,0.0
14471575,1648428902.0,0xcad05c4cc05062b1c488151cca86dcef9e30acae,0x35e93c60b9f0b9d85933e48434ba9ccd970c7a4e,0.0
14471708,1648430485.0,0xcad05c4cc05062b1c488151cca86dcef9e30acae,0x35e93c60b9f0b9d85933e48434ba9ccd970c7a4e,0.0
14471709,1648430525.0,0xcad05c4cc05062b1c488151cca86dcef9e30acae,0x35e93c60b9f0b9d85933e48434ba9ccd970c7a4e,0.0
14471772,1648431303.0,0xcad05c4cc05062b1c488151cca86dcef9e30acae,0x35e93c60b9f0b9d85933e48434ba9ccd970c7a4e,0.0
14471822,1648431861.0,0xcad05c4cc05062b1c488151cca86dcef9e30acae,0x35e93c60b9f0b9d85933e48434ba9ccd970c7a4e,0.0
14471951,1648433694.0,0xcad05c4cc05062b1c488151cca86dcef9e30acae,0x35e93c60b9f0b9d85933e48434ba9ccd970c7a4e,0.0
14472092,1648435684.0,0xcad05c4cc05062b1c488151cca86dcef9e30acae,0x35e93c60b9f0b9d85933e48434ba9ccd970c7a4e,0.0
14472130,1648436111.0,0xcad05c4cc05062b1c488151cca86dcef9e30acae,0x35e93c60b9f0b9d85933e48434ba9ccd970c7a4e,0.0
14472179,1648436681.0,0xcad05c4cc05062b1c488151cca86dcef9e30acae,0x35e93c60b9f0b9d85933e48434ba9ccd970c7a4e,0.0
14472320,1648438498.0,0xcad05c4cc05062b1c488151cca86dcef9e30acae,0x35e93c60b9f0b9d85933e48434ba9ccd970c7a4e,0.0
14472330,1648438611.0,0xae53bb79511d4cc1ade1693e21fd8adf3f2d1fbc,0x35e93c60b9f0b9d85933e48434ba9ccd970c7a4e,0.75
14472349,1648438768.0,0xae53bb79511d4cc1ade1693e21fd8adf3f2d1fbc,0x35e93c60b9f0b9d85933e48434ba9ccd970c7a4e,0.15
14472408,1648439714.0,0xcad05c4cc05062b1c488151cca86dcef9e30acae,0x35e93c60b9f0b9d85933e48434ba9ccd970c7a4e,0.0
14472499,1648440921.0,0xcad05c4cc05062b1c488151cca86dcef9e30acae,0x35e93c60b9f0b9d85933e48434ba9ccd970c7a4e,0.0
14472585,1648442107.0,0xcad05c4cc05062b1c488151cca86dcef9e30acae,0x35e93c60b9f0b9d85933e48434ba9ccd970c7a4e,0.0
14472662,1648443289.0,0xcad05c4cc05062b1c488151cca86dcef9e30acae,0x35e93c60b9f0b9d85933e48434ba9ccd970c7a4e,0.0
14472752,1648444507.0,0xcad05c4cc05062b1c488151cca86dcef9e30acae,0x35e93c60b9f0b9d85933e48434ba9ccd970c7a4e,0.0
14472844,1648445709.0,0xcad05c4cc05062b1c488151cca86dcef9e30acae,0x35e93c60b9f0b9d85933e48434ba9ccd970c7a4e,0.0
14472929,1648446910.0,0xcad05c4cc05062b1c488151cca86dcef9e30acae,0x35e93c60b9f0b9d85933e48434ba9ccd970c7a4e,0.0
14472966,1648447380.0,0x9b3ed4da0689b8e08513d8f4ace4bc76fb6deb23,0x35e93c60b9f0b9d85933e48434ba9ccd970c7a4e,0.15
14473016,1648448089.0,0xcad05c4cc05062b1c488151cca86dcef9e30acae,0x35e93c60b9f0b9d85933e48434ba9ccd970c7a4e,0.0
14473105,1648449311.0,0xcad05c4cc05062b1c488151cca86dcef9e30acae,0x35e93c60b9f0b9d85933e48434ba9ccd970c7a4e,0.0
14473203,1648450456.0,0xcad05c4cc05062b1c488151cca86dcef9e30acae,0x35e93c60b9f0b9d85933e48434ba9ccd970c7a4e,0.0
14473261,1648451180.0,0xef07b30c0b1726b2de9c53d3575c6cf5b8553a20,0x35e93c60b9f0b9d85933e48434ba9ccd970c7a4e,0.75
14473302,1648451715.0,0xcad05c4cc05062b1c488151cca86dcef9e30acae,0x35e93c60b9f0b9d85933e48434ba9ccd970c7a4e,0.0
14473386,1648452918.0,0xcad05c4cc05062b1c488151cca86dcef9e30acae,0x35e93c60b9f0b9d85933e48434ba9ccd970c7a4e,0.0
14473478,1648454094.0,0xcad05c4cc05062b1c488151cca86dcef9e30acae,0x35e93c60b9f0b9d85933e48434ba9ccd970c7a4e,0.0
14473574,1648455311.0,0xcad05c4cc05062b1c488151cca86dcef9e30acae,0x35e93c60b9f0b9d85933e48434ba9ccd970c7a4e,0.0
14473666,1648456512.0,0xcad05c4cc05062b1c488151cca86dcef9e30acae,0x35e93c60b9f0b9d85933e48434ba9ccd970c7a4e,0.0
14473754,1648457738.0,0xcad05c4cc05062b1c488151cca86dcef9e30acae,0x35e93c60b9f0b9d85933e48434ba9ccd970c7a4e,0.0
14473841,1648458899.0,0xcad05c4cc05062b1c488151cca86dcef9e30acae,0x35e93c60b9f0b9d85933e48434ba9ccd970c7a4e,0.0
14473929,1648460089.0,0xcad05c4cc05062b1c488151cca86dcef9e30acae,0x35e93c60b9f0b9d85933e48434ba9ccd970c7a4e,0.0
14474004,1648461289.0,0xcad05c4cc05062b1c488151cca86dcef9e30acae,0x35e93c60b9f0b9d85933e48434ba9ccd970c7a4e,0.0
14474083,1648462495.0,0xcad05c4cc05062b1c488151cca86dcef9e30acae,0x35e93c60b9f0b9d85933e48434ba9ccd970c7a4e,0.0
14474183,1648463756.0,0xcad05c4cc05062b1c488151cca86dcef9e30acae,0x35e93c60b9f0b9d85933e48434ba9ccd970c7a4e,0.0
14474261,1648464916.0,0xcad05c4cc05062b1c488151cca86dcef9e30acae,0x35e93c60b9f0b9d85933e48434ba9ccd970c7a4e,0.0
14474364,1648466107.0,0xcad05c4cc05062b1c488151cca86dcef9e30acae,0x35e93c60b9f0b9d85933e48434ba9ccd970c7a4e,0.0
14474444,1648467337.0,0xcad05c4cc05062b1c488151cca86dcef9e30acae,0x35e93c60b9f0b9d85933e48434ba9ccd970c7a4e,0.0
14474526,1648468509.0,0xcad05c4cc05062b1c488151cca86dcef9e30acae,0x35e93c60b9f0b9d85933e48434ba9ccd970c7a4e,0.0
14474615,1648469800.0,0xcad05c4cc05062b1c488151cca86dcef9e30acae,0x35e93c60b9f0b9d85933e48434ba9ccd970c7a4e,0.0
14474689,1648470912.0,0xcad05c4cc05062b1c488151cca86dcef9e30acae,0x35e93c60b9f0b9d85933e48434ba9ccd970c7a4e,0.0
14474772,1648472114.0,0xcad05c4cc05062b1c488151cca86dcef9e30acae,0x35e93c60b9f0b9d85933e48434ba9ccd970c7a4e,0.0
14474884,1648473522.0,0xcad05c4cc05062b1c488151cca86dcef9e30acae,0x35e93c60b9f0b9d85933e48434ba9ccd970c7a4e,0.0
14475066,1648476012.0,0xcad05c4cc05062b1c488151cca86dcef9e30acae,0x35e93c60b9f0b9d85933e48434ba9ccd970c7a4e,0.0
14475301,1648479092.0,0xcad05c4cc05062b1c488151cca86dcef9e30acae,0x35e93c60b9f0b9d85933e48434ba9ccd970c7a4e,0.0
14475603,1648483094.0,0xcad05c4cc05062b1c488151cca86dcef9e30acae,0x35e93c60b9f0b9d85933e48434ba9ccd970c7a4e,0.0
14475614,1648483264.0,0xcad05c4cc05062b1c488151cca86dcef9e30acae,0x35e93c60b9f0b9d85933e48434ba9ccd970c7a4e,0.0
14475706,1648484570.0,0x6adfc0072837f4316e10227b035100a8deeb7cb3,0x35e93c60b9f0b9d85933e48434ba9ccd970c7a4e,0.3
14475711,1648484625.0,0x6adfc0072837f4316e10227b035100a8deeb7cb3,0x35e93c60b9f0b9d85933e48434ba9ccd970c7a4e,0.15
14476328,1648492781.0,0xcad05c4cc05062b1c488151cca86dcef9e30acae,0x35e93c60b9f0b9d85933e48434ba9ccd970c7a4e,0.0
14476328,1648492781.0,0x35e93c60b9f0b9d85933e48434ba9ccd970c7a4e,0xe28b21be6ed14a9b7c7ad52f3aade9a846b16381,2.55
