BlockHeight,TimeStamp,From,To,Value
14180226,1644521758.0,0xf93bf9a2392d32adbb6c723519e334ed67fd1fd2,,0.0
14180244,1644522035.0,0xf93bf9a2392d32adbb6c723519e334ed67fd1fd2,0x3610d80ef3e2ca614b940a43b8b3add4fd09a61b,0.0
14180267,1644522415.0,0xf93bf9a2392d32adbb6c723519e334ed67fd1fd2,0x3610d80ef3e2ca614b940a43b8b3add4fd09a61b,0.0
14181304,1644535968.0,0xf93bf9a2392d32adbb6c723519e334ed67fd1fd2,0x3610d80ef3e2ca614b940a43b8b3add4fd09a61b,0.0
14181758,1644542124.0,0xf93bf9a2392d32adbb6c723519e334ed67fd1fd2,0x3610d80ef3e2ca614b940a43b8b3add4fd09a61b,0.0
14181858,1644543377.0,0xf93bf9a2392d32adbb6c723519e334ed67fd1fd2,0x3610d80ef3e2ca614b940a43b8b3add4fd09a61b,0.0
14181874,1644543617.0,0x7471fc6a25a8c88303b0d4503e162d2d439eb241,0x3610d80ef3e2ca614b940a43b8b3add4fd09a61b,0.0
14181888,1644543837.0,0xd601bb155f746b6f234856038e18ce26df5635d7,0x3610d80ef3e2ca614b940a43b8b3add4fd09a61b,0.0
14181962,1644545054.0,0xf93bf9a2392d32adbb6c723519e334ed67fd1fd2,0x3610d80ef3e2ca614b940a43b8b3add4fd09a61b,0.0
14181997,1644545470.0,0x91ae2b9d1957c1234d2238555e2a6f2223799f49,0x3610d80ef3e2ca614b940a43b8b3add4fd09a61b,0.0
14182033,1644546027.0,0xf93bf9a2392d32adbb6c723519e334ed67fd1fd2,0x3610d80ef3e2ca614b940a43b8b3add4fd09a61b,0.0
14182040,1644546173.0,0x25d7739b8f9eab4e455adad1831e8545dae6df10,0x3610d80ef3e2ca614b940a43b8b3add4fd09a61b,0.0
14185781,1644596302.0,0xf93bf9a2392d32adbb6c723519e334ed67fd1fd2,0x3610d80ef3e2ca614b940a43b8b3add4fd09a61b,0.0
14185805,1644596573.0,0xcc8ff335d3e955299a20234ea6314581a22b38ae,0x3610d80ef3e2ca614b940a43b8b3add4fd09a61b,0.0
14185808,1644596634.0,0xcc8ff335d3e955299a20234ea6314581a22b38ae,0x3610d80ef3e2ca614b940a43b8b3add4fd09a61b,0.0
14185814,1644596682.0,0xcc8ff335d3e955299a20234ea6314581a22b38ae,0x3610d80ef3e2ca614b940a43b8b3add4fd09a61b,0.0
14186171,1644601449.0,0xcc8ff335d3e955299a20234ea6314581a22b38ae,0x3610d80ef3e2ca614b940a43b8b3add4fd09a61b,0.0
14186186,1644601611.0,0xcc8ff335d3e955299a20234ea6314581a22b38ae,0x3610d80ef3e2ca614b940a43b8b3add4fd09a61b,0.0
14187023,1644612674.0,0xf93bf9a2392d32adbb6c723519e334ed67fd1fd2,0x3610d80ef3e2ca614b940a43b8b3add4fd09a61b,0.0
14188195,1644627495.0,0xf93bf9a2392d32adbb6c723519e334ed67fd1fd2,0x3610d80ef3e2ca614b940a43b8b3add4fd09a61b,0.0
