BlockHeight,TimeStamp,From,To,Value
16096234,1669973387.0,0xac4f70ec8b5e1fcdc78c3fc95b3f36851fb7e75a,,0.03
16096234,1669973387.0,0x383fb7a8610c078cb106ef69eaba9eacb4873b64,0x75eee167d2e5cc675f5b07f95d6a93e7088d6c34,0.03
16096243,1669973495.0,0xac4f70ec8b5e1fcdc78c3fc95b3f36851fb7e75a,0x383fb7a8610c078cb106ef69eaba9eacb4873b64,0.0
16096285,1669973999.0,0xac4f70ec8b5e1fcdc78c3fc95b3f36851fb7e75a,0x383fb7a8610c078cb106ef69eaba9eacb4873b64,0.0
16097092,1669983719.0,0xac4f70ec8b5e1fcdc78c3fc95b3f36851fb7e75a,0x383fb7a8610c078cb106ef69eaba9eacb4873b64,0.0
16097235,1669985459.0,0xac4f70ec8b5e1fcdc78c3fc95b3f36851fb7e75a,0x383fb7a8610c078cb106ef69eaba9eacb4873b64,0.0
16125039,1670321111.0,0xac4f70ec8b5e1fcdc78c3fc95b3f36851fb7e75a,0x383fb7a8610c078cb106ef69eaba9eacb4873b64,0.0
16125282,1670324027.0,0xac4f70ec8b5e1fcdc78c3fc95b3f36851fb7e75a,0x383fb7a8610c078cb106ef69eaba9eacb4873b64,0.0
16132499,1670412131.0,0xac4f70ec8b5e1fcdc78c3fc95b3f36851fb7e75a,0x383fb7a8610c078cb106ef69eaba9eacb4873b64,0.0
16132853,1670416439.0,0xac4f70ec8b5e1fcdc78c3fc95b3f36851fb7e75a,0x383fb7a8610c078cb106ef69eaba9eacb4873b64,0.0
16232385,1671617339.0,0xe032246f9f8ac2ddcbc20f71ba1cd456fd6d952e,0x383fb7a8610c078cb106ef69eaba9eacb4873b64,0.0
