BlockHeight,TimeStamp,From,To,Value
15075226,1656927224.0,0xc6112c61a36da24cbc972588ef9dd9eeb41d5ce7,,0.0
15075232,1656927278.0,0xc6112c61a36da24cbc972588ef9dd9eeb41d5ce7,0x386dffc97d6d0e7badb263c40401fdf87b302b76,0.0
15075234,1656927306.0,0xc6112c61a36da24cbc972588ef9dd9eeb41d5ce7,0x386dffc97d6d0e7badb263c40401fdf87b302b76,0.0
15075383,1656929144.0,0xc6112c61a36da24cbc972588ef9dd9eeb41d5ce7,0x386dffc97d6d0e7badb263c40401fdf87b302b76,0.0
15075388,1656929164.0,0xc6112c61a36da24cbc972588ef9dd9eeb41d5ce7,0x386dffc97d6d0e7badb263c40401fdf87b302b76,0.0
15075395,1656929344.0,0xc6112c61a36da24cbc972588ef9dd9eeb41d5ce7,0x386dffc97d6d0e7badb263c40401fdf87b302b76,0.0
15075395,1656929344.0,0xc6112c61a36da24cbc972588ef9dd9eeb41d5ce7,0x386dffc97d6d0e7badb263c40401fdf87b302b76,0.0
15075395,1656929344.0,0xc6112c61a36da24cbc972588ef9dd9eeb41d5ce7,0x386dffc97d6d0e7badb263c40401fdf87b302b76,0.0
15075395,1656929344.0,0xc6112c61a36da24cbc972588ef9dd9eeb41d5ce7,0x386dffc97d6d0e7badb263c40401fdf87b302b76,0.0
15075395,1656929344.0,0xc6112c61a36da24cbc972588ef9dd9eeb41d5ce7,0x386dffc97d6d0e7badb263c40401fdf87b302b76,0.0
15075395,1656929344.0,0xc6112c61a36da24cbc972588ef9dd9eeb41d5ce7,0x386dffc97d6d0e7badb263c40401fdf87b302b76,0.0
15075395,1656929344.0,0xc6112c61a36da24cbc972588ef9dd9eeb41d5ce7,0x386dffc97d6d0e7badb263c40401fdf87b302b76,0.0
15075409,1656929507.0,0xc6112c61a36da24cbc972588ef9dd9eeb41d5ce7,0x386dffc97d6d0e7badb263c40401fdf87b302b76,0.0
15075410,1656929521.0,0xc6112c61a36da24cbc972588ef9dd9eeb41d5ce7,0x386dffc97d6d0e7badb263c40401fdf87b302b76,0.0
15075410,1656929521.0,0xc6112c61a36da24cbc972588ef9dd9eeb41d5ce7,0x386dffc97d6d0e7badb263c40401fdf87b302b76,0.0
15075410,1656929521.0,0xc6112c61a36da24cbc972588ef9dd9eeb41d5ce7,0x386dffc97d6d0e7badb263c40401fdf87b302b76,0.0
15075410,1656929521.0,0xc6112c61a36da24cbc972588ef9dd9eeb41d5ce7,0x386dffc97d6d0e7badb263c40401fdf87b302b76,0.0
15075411,1656929528.0,0xc6112c61a36da24cbc972588ef9dd9eeb41d5ce7,0x386dffc97d6d0e7badb263c40401fdf87b302b76,0.0
15075412,1656929529.0,0xc6112c61a36da24cbc972588ef9dd9eeb41d5ce7,0x386dffc97d6d0e7badb263c40401fdf87b302b76,0.0
15075412,1656929529.0,0xc6112c61a36da24cbc972588ef9dd9eeb41d5ce7,0x386dffc97d6d0e7badb263c40401fdf87b302b76,0.0
15075412,1656929529.0,0xc6112c61a36da24cbc972588ef9dd9eeb41d5ce7,0x386dffc97d6d0e7badb263c40401fdf87b302b76,0.0
15075436,1656929792.0,0xc6112c61a36da24cbc972588ef9dd9eeb41d5ce7,0x386dffc97d6d0e7badb263c40401fdf87b302b76,0.0
15075436,1656929792.0,0xc6112c61a36da24cbc972588ef9dd9eeb41d5ce7,0x386dffc97d6d0e7badb263c40401fdf87b302b76,0.0
15075436,1656929792.0,0xc6112c61a36da24cbc972588ef9dd9eeb41d5ce7,0x386dffc97d6d0e7badb263c40401fdf87b302b76,0.0
15075447,1656929900.0,0xc6112c61a36da24cbc972588ef9dd9eeb41d5ce7,0x386dffc97d6d0e7badb263c40401fdf87b302b76,0.0
15075447,1656929900.0,0xc6112c61a36da24cbc972588ef9dd9eeb41d5ce7,0x386dffc97d6d0e7badb263c40401fdf87b302b76,0.0
15075447,1656929900.0,0xc6112c61a36da24cbc972588ef9dd9eeb41d5ce7,0x386dffc97d6d0e7badb263c40401fdf87b302b76,0.0
15075447,1656929900.0,0xc6112c61a36da24cbc972588ef9dd9eeb41d5ce7,0x386dffc97d6d0e7badb263c40401fdf87b302b76,0.0
15075447,1656929900.0,0xc6112c61a36da24cbc972588ef9dd9eeb41d5ce7,0x386dffc97d6d0e7badb263c40401fdf87b302b76,0.0
15075447,1656929900.0,0xc6112c61a36da24cbc972588ef9dd9eeb41d5ce7,0x386dffc97d6d0e7badb263c40401fdf87b302b76,0.0
15075455,1656929965.0,0xf5c566a9c5801fd12294e405550fd9c38afbd4b9,0x386dffc97d6d0e7badb263c40401fdf87b302b76,0.0
15075458,1656929988.0,0xc6112c61a36da24cbc972588ef9dd9eeb41d5ce7,0x386dffc97d6d0e7badb263c40401fdf87b302b76,0.0
15075461,1656930002.0,0xc6112c61a36da24cbc972588ef9dd9eeb41d5ce7,0x386dffc97d6d0e7badb263c40401fdf87b302b76,0.0
15075469,1656930062.0,0x5cb8db8812c4b69d9cd21ed656ff46681e350b3c,0x386dffc97d6d0e7badb263c40401fdf87b302b76,0.0
15075485,1656930351.0,0x57f152e9fc65f42ceea28500bb99dc360d5ee368,0x386dffc97d6d0e7badb263c40401fdf87b302b76,0.0
15075498,1656930566.0,0xc6112c61a36da24cbc972588ef9dd9eeb41d5ce7,0x386dffc97d6d0e7badb263c40401fdf87b302b76,0.0
15075500,1656930591.0,0xc6112c61a36da24cbc972588ef9dd9eeb41d5ce7,0x386dffc97d6d0e7badb263c40401fdf87b302b76,0.0
15075501,1656930594.0,0x57f152e9fc65f42ceea28500bb99dc360d5ee368,0x386dffc97d6d0e7badb263c40401fdf87b302b76,0.0
15075512,1656930700.0,0xc6112c61a36da24cbc972588ef9dd9eeb41d5ce7,0x386dffc97d6d0e7badb263c40401fdf87b302b76,0.0
15075543,1656931241.0,0xc6112c61a36da24cbc972588ef9dd9eeb41d5ce7,0x386dffc97d6d0e7badb263c40401fdf87b302b76,0.0
15075553,1656931372.0,0x1ec64f674f32307373e24d629062c966a4a74552,0x386dffc97d6d0e7badb263c40401fdf87b302b76,0.0
15075580,1656931796.0,0x83b86bdedaaf1326cef355c34bd128904901f6a9,0x386dffc97d6d0e7badb263c40401fdf87b302b76,0.0
15075794,1656934371.0,0x87ee1761320a8f696fa7386715428c21f4c43c11,0x386dffc97d6d0e7badb263c40401fdf87b302b76,0.0
15075848,1656935159.0,0x2911becd4d8f0c27535ccf82cb1c0faa9171e3b0,0x386dffc97d6d0e7badb263c40401fdf87b302b76,0.0
15075946,1656936278.0,0xc6112c61a36da24cbc972588ef9dd9eeb41d5ce7,0x386dffc97d6d0e7badb263c40401fdf87b302b76,0.0
15076039,1656937552.0,0xf1aef7803b91c7ed8aa951b119010f78160e9d18,0x386dffc97d6d0e7badb263c40401fdf87b302b76,0.0
15076074,1656938054.0,0xa123183678d60f3a69b5b1ca2a13a94e7f62a48c,0x386dffc97d6d0e7badb263c40401fdf87b302b76,0.0
