BlockHeight,TimeStamp,From,To,Value
15641197,1664481059.0,0xf08e4eb80048891e0e3cee254617dcdec4c775d7,0x399fd6630756103deadaa6eefcd5cc08acb597b0,0.1
15641331,1664482691.0,0x77eda2bda77f79d3fd597f62675425f32a36e457,0x399fd6630756103deadaa6eefcd5cc08acb597b0,0.1
15641331,1664482691.0,0x77eda2bda77f79d3fd597f62675425f32a36e457,0x399fd6630756103deadaa6eefcd5cc08acb597b0,0.1
15644316,1664518739.0,0x399fd6630756103deadaa6eefcd5cc08acb597b0,0xc2f41455c4bd5e3e7c215826a28a117c5ac9cd2c,0.2995
15682589,1664981207.0,0xc2b91b0a2779c450fdf8ddef2a3ff70101d344bc,0x399fd6630756103deadaa6eefcd5cc08acb597b0,0.099
15682591,1664981231.0,0xc2b91b0a2779c450fdf8ddef2a3ff70101d344bc,0x399fd6630756103deadaa6eefcd5cc08acb597b0,0.099
15692098,1665095951.0,0x399fd6630756103deadaa6eefcd5cc08acb597b0,0x446d150ff311247b802955fd7593be084a005e05,0.198020578801835
15709789,1665309443.0,0x53347ef29b22ca55e73d03d66c6040772d6af292,0x399fd6630756103deadaa6eefcd5cc08acb597b0,0.099
15712766,1665345371.0,0x399fd6630756103deadaa6eefcd5cc08acb597b0,0x5049abfee55dc85ead7a9eab92a8783e24bb744f,0.01004428
15712799,1665345767.0,0x399fd6630756103deadaa6eefcd5cc08acb597b0,0xb50eeed63f999586b73a59e534fa103438ebc7dc,0.00636313
15712946,1665347543.0,0x399fd6630756103deadaa6eefcd5cc08acb597b0,0x1fb4ee94826c9c536e3d4ff4cee3107e9ab66f99,0.00790187
15715883,1665382919.0,0x399fd6630756103deadaa6eefcd5cc08acb597b0,0x3b3cf80c3af2b360003cb65f6da977b472264cae,0.00789424
15718930,1665419747.0,0x399fd6630756103deadaa6eefcd5cc08acb597b0,0x0b63f804316de885a15c7cda86845c94dbb5d23c,0.016
15734488,1665607391.0,0x399fd6630756103deadaa6eefcd5cc08acb597b0,0x6d6a888880e08e609369987c2e3049434bdff77f,0.039
15777534,1666126739.0,0x399fd6630756103deadaa6eefcd5cc08acb597b0,0x6e03f976c77d421b59e37c2c18023a988f944fba,0.0016038296390768
