BlockHeight,TimeStamp,From,To,Value
15064900,1656788771.0,0x38f68a5243809e3982b89a81bfec1f1393e57a63,,0.0
15064908,1656788942.0,0x38f68a5243809e3982b89a81bfec1f1393e57a63,0x39ea2b4cbd087f7c2abb5fa2ab2416a24f2b4a9f,0.0
15064912,1656788999.0,0x38f68a5243809e3982b89a81bfec1f1393e57a63,0x39ea2b4cbd087f7c2abb5fa2ab2416a24f2b4a9f,0.0
15064944,1656789400.0,0x38f68a5243809e3982b89a81bfec1f1393e57a63,0x39ea2b4cbd087f7c2abb5fa2ab2416a24f2b4a9f,0.0
15064944,1656789400.0,0x38f68a5243809e3982b89a81bfec1f1393e57a63,0x39ea2b4cbd087f7c2abb5fa2ab2416a24f2b4a9f,0.0
15064944,1656789400.0,0x38f68a5243809e3982b89a81bfec1f1393e57a63,0x39ea2b4cbd087f7c2abb5fa2ab2416a24f2b4a9f,0.0
15064944,1656789400.0,0x38f68a5243809e3982b89a81bfec1f1393e57a63,0x39ea2b4cbd087f7c2abb5fa2ab2416a24f2b4a9f,0.0
15064944,1656789400.0,0x38f68a5243809e3982b89a81bfec1f1393e57a63,0x39ea2b4cbd087f7c2abb5fa2ab2416a24f2b4a9f,0.0
15064944,1656789400.0,0x38f68a5243809e3982b89a81bfec1f1393e57a63,0x39ea2b4cbd087f7c2abb5fa2ab2416a24f2b4a9f,0.0
15064944,1656789400.0,0x38f68a5243809e3982b89a81bfec1f1393e57a63,0x39ea2b4cbd087f7c2abb5fa2ab2416a24f2b4a9f,0.0
15064944,1656789400.0,0x38f68a5243809e3982b89a81bfec1f1393e57a63,0x39ea2b4cbd087f7c2abb5fa2ab2416a24f2b4a9f,0.0
15064944,1656789400.0,0x38f68a5243809e3982b89a81bfec1f1393e57a63,0x39ea2b4cbd087f7c2abb5fa2ab2416a24f2b4a9f,0.0
15064945,1656789421.0,0x38f68a5243809e3982b89a81bfec1f1393e57a63,0x39ea2b4cbd087f7c2abb5fa2ab2416a24f2b4a9f,0.0
15064945,1656789421.0,0x38f68a5243809e3982b89a81bfec1f1393e57a63,0x39ea2b4cbd087f7c2abb5fa2ab2416a24f2b4a9f,0.0
15064945,1656789421.0,0x38f68a5243809e3982b89a81bfec1f1393e57a63,0x39ea2b4cbd087f7c2abb5fa2ab2416a24f2b4a9f,0.0
15064945,1656789421.0,0x38f68a5243809e3982b89a81bfec1f1393e57a63,0x39ea2b4cbd087f7c2abb5fa2ab2416a24f2b4a9f,0.0
15064945,1656789421.0,0x38f68a5243809e3982b89a81bfec1f1393e57a63,0x39ea2b4cbd087f7c2abb5fa2ab2416a24f2b4a9f,0.0
15064945,1656789421.0,0x38f68a5243809e3982b89a81bfec1f1393e57a63,0x39ea2b4cbd087f7c2abb5fa2ab2416a24f2b4a9f,0.0
15064945,1656789421.0,0x38f68a5243809e3982b89a81bfec1f1393e57a63,0x39ea2b4cbd087f7c2abb5fa2ab2416a24f2b4a9f,0.0
15064945,1656789421.0,0x38f68a5243809e3982b89a81bfec1f1393e57a63,0x39ea2b4cbd087f7c2abb5fa2ab2416a24f2b4a9f,0.0
15064945,1656789421.0,0x38f68a5243809e3982b89a81bfec1f1393e57a63,0x39ea2b4cbd087f7c2abb5fa2ab2416a24f2b4a9f,0.0
15064945,1656789421.0,0x38f68a5243809e3982b89a81bfec1f1393e57a63,0x39ea2b4cbd087f7c2abb5fa2ab2416a24f2b4a9f,0.0
15064945,1656789421.0,0x38f68a5243809e3982b89a81bfec1f1393e57a63,0x39ea2b4cbd087f7c2abb5fa2ab2416a24f2b4a9f,0.0
15064945,1656789421.0,0x38f68a5243809e3982b89a81bfec1f1393e57a63,0x39ea2b4cbd087f7c2abb5fa2ab2416a24f2b4a9f,0.0
15064945,1656789421.0,0x38f68a5243809e3982b89a81bfec1f1393e57a63,0x39ea2b4cbd087f7c2abb5fa2ab2416a24f2b4a9f,0.0
15064946,1656789424.0,0x38f68a5243809e3982b89a81bfec1f1393e57a63,0x39ea2b4cbd087f7c2abb5fa2ab2416a24f2b4a9f,0.0
15064951,1656789523.0,0x6f2cebc6aa83730dd8c00b479e1a0637dff14e5b,0x39ea2b4cbd087f7c2abb5fa2ab2416a24f2b4a9f,0.0
15064957,1656789566.0,0xdce4799a9fbab63a5d2b6f19d7c5f85fbb512efb,0x39ea2b4cbd087f7c2abb5fa2ab2416a24f2b4a9f,0.0
15064958,1656789585.0,0x38f68a5243809e3982b89a81bfec1f1393e57a63,0x39ea2b4cbd087f7c2abb5fa2ab2416a24f2b4a9f,0.0
15064958,1656789585.0,0x38f68a5243809e3982b89a81bfec1f1393e57a63,0x39ea2b4cbd087f7c2abb5fa2ab2416a24f2b4a9f,0.0
15064958,1656789585.0,0x38f68a5243809e3982b89a81bfec1f1393e57a63,0x39ea2b4cbd087f7c2abb5fa2ab2416a24f2b4a9f,0.0
15064958,1656789585.0,0x38f68a5243809e3982b89a81bfec1f1393e57a63,0x39ea2b4cbd087f7c2abb5fa2ab2416a24f2b4a9f,0.0
15064958,1656789585.0,0x38f68a5243809e3982b89a81bfec1f1393e57a63,0x39ea2b4cbd087f7c2abb5fa2ab2416a24f2b4a9f,0.0
15064958,1656789585.0,0x38f68a5243809e3982b89a81bfec1f1393e57a63,0x39ea2b4cbd087f7c2abb5fa2ab2416a24f2b4a9f,0.0
15064958,1656789585.0,0x38f68a5243809e3982b89a81bfec1f1393e57a63,0x39ea2b4cbd087f7c2abb5fa2ab2416a24f2b4a9f,0.0
15064958,1656789585.0,0x38f68a5243809e3982b89a81bfec1f1393e57a63,0x39ea2b4cbd087f7c2abb5fa2ab2416a24f2b4a9f,0.0
15064958,1656789585.0,0x38f68a5243809e3982b89a81bfec1f1393e57a63,0x39ea2b4cbd087f7c2abb5fa2ab2416a24f2b4a9f,0.0
15064958,1656789585.0,0x38f68a5243809e3982b89a81bfec1f1393e57a63,0x39ea2b4cbd087f7c2abb5fa2ab2416a24f2b4a9f,0.0
15064958,1656789585.0,0x38f68a5243809e3982b89a81bfec1f1393e57a63,0x39ea2b4cbd087f7c2abb5fa2ab2416a24f2b4a9f,0.0
15064958,1656789585.0,0x38f68a5243809e3982b89a81bfec1f1393e57a63,0x39ea2b4cbd087f7c2abb5fa2ab2416a24f2b4a9f,0.0
15064958,1656789585.0,0x38f68a5243809e3982b89a81bfec1f1393e57a63,0x39ea2b4cbd087f7c2abb5fa2ab2416a24f2b4a9f,0.0
15064958,1656789585.0,0x38f68a5243809e3982b89a81bfec1f1393e57a63,0x39ea2b4cbd087f7c2abb5fa2ab2416a24f2b4a9f,0.0
15064958,1656789585.0,0x38f68a5243809e3982b89a81bfec1f1393e57a63,0x39ea2b4cbd087f7c2abb5fa2ab2416a24f2b4a9f,0.0
15064959,1656789619.0,0x38f68a5243809e3982b89a81bfec1f1393e57a63,0x39ea2b4cbd087f7c2abb5fa2ab2416a24f2b4a9f,0.0
15064959,1656789619.0,0x38f68a5243809e3982b89a81bfec1f1393e57a63,0x39ea2b4cbd087f7c2abb5fa2ab2416a24f2b4a9f,0.0
15064960,1656789621.0,0xa393a6d7195f27009225d1a6a2c78fa79f1c6a8b,0x39ea2b4cbd087f7c2abb5fa2ab2416a24f2b4a9f,0.0
15064960,1656789621.0,0x38f68a5243809e3982b89a81bfec1f1393e57a63,0x39ea2b4cbd087f7c2abb5fa2ab2416a24f2b4a9f,0.0
15064960,1656789621.0,0x38f68a5243809e3982b89a81bfec1f1393e57a63,0x39ea2b4cbd087f7c2abb5fa2ab2416a24f2b4a9f,0.0
15064960,1656789621.0,0x38f68a5243809e3982b89a81bfec1f1393e57a63,0x39ea2b4cbd087f7c2abb5fa2ab2416a24f2b4a9f,0.0
15064973,1656789856.0,0x38f68a5243809e3982b89a81bfec1f1393e57a63,0x39ea2b4cbd087f7c2abb5fa2ab2416a24f2b4a9f,0.0
15064973,1656789856.0,0x38f68a5243809e3982b89a81bfec1f1393e57a63,0x39ea2b4cbd087f7c2abb5fa2ab2416a24f2b4a9f,0.0
15064974,1656789873.0,0x38f68a5243809e3982b89a81bfec1f1393e57a63,0x39ea2b4cbd087f7c2abb5fa2ab2416a24f2b4a9f,0.0
15064974,1656789873.0,0x38f68a5243809e3982b89a81bfec1f1393e57a63,0x39ea2b4cbd087f7c2abb5fa2ab2416a24f2b4a9f,0.0
15064974,1656789873.0,0x38f68a5243809e3982b89a81bfec1f1393e57a63,0x39ea2b4cbd087f7c2abb5fa2ab2416a24f2b4a9f,0.0
15064974,1656789873.0,0x38f68a5243809e3982b89a81bfec1f1393e57a63,0x39ea2b4cbd087f7c2abb5fa2ab2416a24f2b4a9f,0.0
15064974,1656789873.0,0x38f68a5243809e3982b89a81bfec1f1393e57a63,0x39ea2b4cbd087f7c2abb5fa2ab2416a24f2b4a9f,0.0
15064974,1656789873.0,0x38f68a5243809e3982b89a81bfec1f1393e57a63,0x39ea2b4cbd087f7c2abb5fa2ab2416a24f2b4a9f,0.0
15064974,1656789873.0,0x38f68a5243809e3982b89a81bfec1f1393e57a63,0x39ea2b4cbd087f7c2abb5fa2ab2416a24f2b4a9f,0.0
15064974,1656789873.0,0x38f68a5243809e3982b89a81bfec1f1393e57a63,0x39ea2b4cbd087f7c2abb5fa2ab2416a24f2b4a9f,0.0
15064974,1656789873.0,0x38f68a5243809e3982b89a81bfec1f1393e57a63,0x39ea2b4cbd087f7c2abb5fa2ab2416a24f2b4a9f,0.0
15064974,1656789873.0,0x38f68a5243809e3982b89a81bfec1f1393e57a63,0x39ea2b4cbd087f7c2abb5fa2ab2416a24f2b4a9f,0.0
15064974,1656789873.0,0x38f68a5243809e3982b89a81bfec1f1393e57a63,0x39ea2b4cbd087f7c2abb5fa2ab2416a24f2b4a9f,0.0
15064974,1656789873.0,0x38f68a5243809e3982b89a81bfec1f1393e57a63,0x39ea2b4cbd087f7c2abb5fa2ab2416a24f2b4a9f,0.0
15064974,1656789873.0,0x38f68a5243809e3982b89a81bfec1f1393e57a63,0x39ea2b4cbd087f7c2abb5fa2ab2416a24f2b4a9f,0.0
15064974,1656789873.0,0x38f68a5243809e3982b89a81bfec1f1393e57a63,0x39ea2b4cbd087f7c2abb5fa2ab2416a24f2b4a9f,0.0
15064974,1656789873.0,0x38f68a5243809e3982b89a81bfec1f1393e57a63,0x39ea2b4cbd087f7c2abb5fa2ab2416a24f2b4a9f,0.0
15064974,1656789873.0,0x38f68a5243809e3982b89a81bfec1f1393e57a63,0x39ea2b4cbd087f7c2abb5fa2ab2416a24f2b4a9f,0.0
15064975,1656789901.0,0x38f68a5243809e3982b89a81bfec1f1393e57a63,0x39ea2b4cbd087f7c2abb5fa2ab2416a24f2b4a9f,0.0
15064975,1656789901.0,0x38f68a5243809e3982b89a81bfec1f1393e57a63,0x39ea2b4cbd087f7c2abb5fa2ab2416a24f2b4a9f,0.0
15064975,1656789901.0,0x38f68a5243809e3982b89a81bfec1f1393e57a63,0x39ea2b4cbd087f7c2abb5fa2ab2416a24f2b4a9f,0.0
15064994,1656790216.0,0x38f68a5243809e3982b89a81bfec1f1393e57a63,0x39ea2b4cbd087f7c2abb5fa2ab2416a24f2b4a9f,0.0
15064995,1656790219.0,0x38f68a5243809e3982b89a81bfec1f1393e57a63,0x39ea2b4cbd087f7c2abb5fa2ab2416a24f2b4a9f,0.0
15064995,1656790219.0,0x38f68a5243809e3982b89a81bfec1f1393e57a63,0x39ea2b4cbd087f7c2abb5fa2ab2416a24f2b4a9f,0.0
15064995,1656790219.0,0x38f68a5243809e3982b89a81bfec1f1393e57a63,0x39ea2b4cbd087f7c2abb5fa2ab2416a24f2b4a9f,0.0
15064995,1656790219.0,0x38f68a5243809e3982b89a81bfec1f1393e57a63,0x39ea2b4cbd087f7c2abb5fa2ab2416a24f2b4a9f,0.0
15064995,1656790219.0,0x38f68a5243809e3982b89a81bfec1f1393e57a63,0x39ea2b4cbd087f7c2abb5fa2ab2416a24f2b4a9f,0.0
15064995,1656790219.0,0x38f68a5243809e3982b89a81bfec1f1393e57a63,0x39ea2b4cbd087f7c2abb5fa2ab2416a24f2b4a9f,0.0
15064998,1656790319.0,0xf2c0b7e8bd81794d5568d9503ee4e0c84ad222bd,0x39ea2b4cbd087f7c2abb5fa2ab2416a24f2b4a9f,0.0
15065002,1656790350.0,0x56871d2b76c17d089a731258916d34a5bc421643,0x39ea2b4cbd087f7c2abb5fa2ab2416a24f2b4a9f,0.0
15065003,1656790383.0,0xd8da96674a70b9143cb8f36baa1d6b971c789d93,0x39ea2b4cbd087f7c2abb5fa2ab2416a24f2b4a9f,0.0
15065003,1656790383.0,0x4cf1534bd71c396a3041c4dbd83592d5af341546,0x39ea2b4cbd087f7c2abb5fa2ab2416a24f2b4a9f,0.0
15065090,1656791519.0,0x5f40324ed97badd9079e67e162c83b1fb9168a12,0x39ea2b4cbd087f7c2abb5fa2ab2416a24f2b4a9f,0.0
15065164,1656792594.0,0x228ee76f11c5e9bd5c09807ae0f6394a1a57bd9a,0x39ea2b4cbd087f7c2abb5fa2ab2416a24f2b4a9f,0.0
15065166,1656792622.0,0x228ee76f11c5e9bd5c09807ae0f6394a1a57bd9a,0x39ea2b4cbd087f7c2abb5fa2ab2416a24f2b4a9f,0.0
15401874,1661329814.0,0x5f40324ed97badd9079e67e162c83b1fb9168a12,0x39ea2b4cbd087f7c2abb5fa2ab2416a24f2b4a9f,0.0
15447684,1661963589.0,0x5f40324ed97badd9079e67e162c83b1fb9168a12,0x39ea2b4cbd087f7c2abb5fa2ab2416a24f2b4a9f,0.0
15447684,1661963589.0,0x5f40324ed97badd9079e67e162c83b1fb9168a12,0x39ea2b4cbd087f7c2abb5fa2ab2416a24f2b4a9f,0.0
15447701,1661963805.0,0x5f40324ed97badd9079e67e162c83b1fb9168a12,0x39ea2b4cbd087f7c2abb5fa2ab2416a24f2b4a9f,0.0
