BlockHeight,TimeStamp,From,To,Value
15152099,1657952804.0,0x12ad29ec858ed25f6e640cc41668fa4fa5a2973b,,0.0
15152104,1657952887.0,0x12ad29ec858ed25f6e640cc41668fa4fa5a2973b,0x39cf57b4decb8ae3dec0dfca1e2ea2c320416288,0.0
15152115,1657953000.0,0x12ad29ec858ed25f6e640cc41668fa4fa5a2973b,0x39cf57b4decb8ae3dec0dfca1e2ea2c320416288,0.0
15152117,1657953014.0,0x12ad29ec858ed25f6e640cc41668fa4fa5a2973b,0x39cf57b4decb8ae3dec0dfca1e2ea2c320416288,0.0
15152163,1657953663.0,0x12ad29ec858ed25f6e640cc41668fa4fa5a2973b,0x39cf57b4decb8ae3dec0dfca1e2ea2c320416288,0.0
15152176,1657953798.0,0x12ad29ec858ed25f6e640cc41668fa4fa5a2973b,0x39cf57b4decb8ae3dec0dfca1e2ea2c320416288,0.0
15152181,1657953849.0,0x12ad29ec858ed25f6e640cc41668fa4fa5a2973b,0x39cf57b4decb8ae3dec0dfca1e2ea2c320416288,0.0
15152184,1657953932.0,0x12ad29ec858ed25f6e640cc41668fa4fa5a2973b,0x39cf57b4decb8ae3dec0dfca1e2ea2c320416288,0.0
15152226,1657954544.0,0x12ad29ec858ed25f6e640cc41668fa4fa5a2973b,0x39cf57b4decb8ae3dec0dfca1e2ea2c320416288,0.0
15152237,1657954663.0,0x12ad29ec858ed25f6e640cc41668fa4fa5a2973b,0x39cf57b4decb8ae3dec0dfca1e2ea2c320416288,0.0
15152635,1657959799.0,0xab74e0e265775b307024c8b5dc0db7635d33129c,0x39cf57b4decb8ae3dec0dfca1e2ea2c320416288,0.0
15152677,1657960270.0,0x70e7b7cde0d81b50efd242e17da72db5f4c3f198,0x39cf57b4decb8ae3dec0dfca1e2ea2c320416288,0.0
15218259,1658840633.0,0xd03383b13f469ea47fc1c08ddf8e7bc5fb8a8baf,0x39cf57b4decb8ae3dec0dfca1e2ea2c320416288,0.0
15232040,1659025235.0,0xb8172cc271a9926f7e77b3864ef00039f9f734b1,0x39cf57b4decb8ae3dec0dfca1e2ea2c320416288,0.0
15232131,1659026666.0,0xb8172cc271a9926f7e77b3864ef00039f9f734b1,0x39cf57b4decb8ae3dec0dfca1e2ea2c320416288,0.0
15252970,1659307044.0,0x36f8a9ebb4479b1b877920b4ce0a11ee25c29a8b,0x39cf57b4decb8ae3dec0dfca1e2ea2c320416288,0.0
15284778,1659735575.0,0xf57b87b1e16bdb6d793c51451338790282d09ce6,0x39cf57b4decb8ae3dec0dfca1e2ea2c320416288,0.0
15313539,1660123275.0,0xa12205022e9665668114a5a2006d7cd718f19720,0x39cf57b4decb8ae3dec0dfca1e2ea2c320416288,0.0
15325786,1660290506.0,0x155301c59ff55c74cc921da6745c86390ed13424,0x39cf57b4decb8ae3dec0dfca1e2ea2c320416288,0.0
15456591,1662086282.0,0x119460ecc4c538a02307e5d4f687bb83eddc5cf9,0x39cf57b4decb8ae3dec0dfca1e2ea2c320416288,0.0
15456615,1662086609.0,0x119460ecc4c538a02307e5d4f687bb83eddc5cf9,0x39cf57b4decb8ae3dec0dfca1e2ea2c320416288,0.0
15551788,1663399319.0,0x6ced59a8d2da7bdf3e6c2920f632421a8f3c34d1,0x39cf57b4decb8ae3dec0dfca1e2ea2c320416288,0.0
15706356,1665268079.0,0x8951c9be881f79c3a937edc519a61696828271a3,0x39cf57b4decb8ae3dec0dfca1e2ea2c320416288,0.0
15730374,1665557711.0,0x435679fb7629bd8d0fa14676d9c7adc4e380f575,0x39cf57b4decb8ae3dec0dfca1e2ea2c320416288,0.0
15730460,1665558743.0,0x435679fb7629bd8d0fa14676d9c7adc4e380f575,0x39cf57b4decb8ae3dec0dfca1e2ea2c320416288,0.0
15741097,1665687095.0,0xa6ad4f864a713f76765c0f7ef343f3ec55e2fccf,0x39cf57b4decb8ae3dec0dfca1e2ea2c320416288,0.0
15744839,1665732275.0,0xd3e4c2c60bc49ef22fbb7be135509e33a62c4d9f,0x39cf57b4decb8ae3dec0dfca1e2ea2c320416288,0.0
15772638,1666067723.0,0xb0c5744824a692c208bc9f32bb98b1ac44d00418,0x39cf57b4decb8ae3dec0dfca1e2ea2c320416288,0.0
15901862,1667627735.0,0xe5050cf68741535fb796b3aa4d6a04bf8e3d3edd,0x39cf57b4decb8ae3dec0dfca1e2ea2c320416288,0.0
15947620,1668179915.0,0xb5d764f957068968e34e163bac04c0d600c3d082,0x39cf57b4decb8ae3dec0dfca1e2ea2c320416288,0.0
16295738,1672381007.0,0x16deaa7adee82463ea617dfb931a6bf2b41bf428,0x39cf57b4decb8ae3dec0dfca1e2ea2c320416288,0.0
16559001,1675556939.0,0x4dc8420a5364c11234dc9308173614281f9dbd40,0x39cf57b4decb8ae3dec0dfca1e2ea2c320416288,0.0
17588568,1688085395.0,0x5ecddc1ac099074ae965d140a7c62bd71b7fc80a,0x39cf57b4decb8ae3dec0dfca1e2ea2c320416288,0.0
17941080,1692354527.0,0x26dec7f4f956261b868e86c009c97a09714b6f1f,0x39cf57b4decb8ae3dec0dfca1e2ea2c320416288,0.0
18765670,1702330439.0,0x0c35c7f1657f7c80c0e8c55185448b1dfa6c3790,0x39cf57b4decb8ae3dec0dfca1e2ea2c320416288,0.0
18891655,1703857931.0,0x1d778f619cb27c80cf2a314380533a0e3d6eff31,0x39cf57b4decb8ae3dec0dfca1e2ea2c320416288,0.0
18891663,1703858027.0,0x1d778f619cb27c80cf2a314380533a0e3d6eff31,0x39cf57b4decb8ae3dec0dfca1e2ea2c320416288,0.0
