BlockHeight,TimeStamp,From,To,Value
14413356,1647646181.0,0xeb2629a2734e272bcc07bda959863f316f4bd4cf,0x3a3a38ee839bab29dbcbc185bd95238eb7cb3d01,1.00368413
14417320,1647699229.0,0x3a3a38ee839bab29dbcbc185bd95238eb7cb3d01,0x1fbcef6da63a39093396bf8adb7d2cd66074d6f3,0.8475935934572864
14423171,1647777969.0,0x3a3a38ee839bab29dbcbc185bd95238eb7cb3d01,0x1a43f93de9661b7667d66358ac4142b14e6d66e6,0.0691114859764781
14515201,1649016463.0,0x3a3a38ee839bab29dbcbc185bd95238eb7cb3d01,0x27f8c2d5b2a44b42bc387054a74ebec963cb539a,0.0286242261664278
14515661,1649022871.0,0x3a3a38ee839bab29dbcbc185bd95238eb7cb3d01,0xc778ccec68284f3f6df2ccbba71a842c59b58d56,0.0085377267146039
14515672,1649022983.0,0x3a3a38ee839bab29dbcbc185bd95238eb7cb3d01,0x27f8c2d5b2a44b42bc387054a74ebec963cb539a,0.0227569093807405
15102864,1657295989.0,0x3a3a38ee839bab29dbcbc185bd95238eb7cb3d01,0x4d224452801aced8b2f0aebe155379bb5d594381,0.0
15102867,1657296032.0,0x3a3a38ee839bab29dbcbc185bd95238eb7cb3d01,0x6b0f372f99d7e947df8e92520da7f0e6cc03be2b,0.0201444083483657
15605658,1664051951.0,0x3a3a38ee839bab29dbcbc185bd95238eb7cb3d01,0x781a5f7ab393c2007cb08578efc4a9a541cdd73a,0.000145371279522
