BlockHeight,TimeStamp,From,To,Value
14838075,1653428217.0,0x98ec77e2e8f663bc93fddb58a4b157e64b6d3c42,0x3bfc08db3882eaa21db6a77902210739c4e4ac3c,85.46391091601132
14838243,1653430480.0,0x3bfc08db3882eaa21db6a77902210739c4e4ac3c,0xd90e2f925da726b50c4ed8d0fb90ad053324f31b,1.0
14838246,1653430517.0,0x3bfc08db3882eaa21db6a77902210739c4e4ac3c,0xd90e2f925da726b50c4ed8d0fb90ad053324f31b,1.0
14838248,1653430537.0,0x3bfc08db3882eaa21db6a77902210739c4e4ac3c,0xd90e2f925da726b50c4ed8d0fb90ad053324f31b,1.0
14838260,1653430671.0,0x3bfc08db3882eaa21db6a77902210739c4e4ac3c,0xd90e2f925da726b50c4ed8d0fb90ad053324f31b,1.0
14838261,1653430696.0,0x3bfc08db3882eaa21db6a77902210739c4e4ac3c,0xd90e2f925da726b50c4ed8d0fb90ad053324f31b,1.0
14838264,1653430711.0,0x3bfc08db3882eaa21db6a77902210739c4e4ac3c,0xd90e2f925da726b50c4ed8d0fb90ad053324f31b,1.0
14838265,1653430717.0,0x3bfc08db3882eaa21db6a77902210739c4e4ac3c,0xd90e2f925da726b50c4ed8d0fb90ad053324f31b,1.0
14838266,1653430754.0,0x3bfc08db3882eaa21db6a77902210739c4e4ac3c,0xd90e2f925da726b50c4ed8d0fb90ad053324f31b,1.0
14838269,1653430797.0,0x3bfc08db3882eaa21db6a77902210739c4e4ac3c,0xd90e2f925da726b50c4ed8d0fb90ad053324f31b,1.0
14838270,1653430845.0,0x3bfc08db3882eaa21db6a77902210739c4e4ac3c,0xd90e2f925da726b50c4ed8d0fb90ad053324f31b,1.0
14838271,1653430870.0,0x3bfc08db3882eaa21db6a77902210739c4e4ac3c,0xd90e2f925da726b50c4ed8d0fb90ad053324f31b,1.0
14838273,1653430916.0,0x3bfc08db3882eaa21db6a77902210739c4e4ac3c,0xd90e2f925da726b50c4ed8d0fb90ad053324f31b,1.0
14838274,1653430929.0,0x3bfc08db3882eaa21db6a77902210739c4e4ac3c,0xd90e2f925da726b50c4ed8d0fb90ad053324f31b,1.0
14838276,1653430966.0,0x3bfc08db3882eaa21db6a77902210739c4e4ac3c,0xd90e2f925da726b50c4ed8d0fb90ad053324f31b,1.0
14838277,1653430977.0,0x3bfc08db3882eaa21db6a77902210739c4e4ac3c,0xd90e2f925da726b50c4ed8d0fb90ad053324f31b,1.0
14838278,1653430983.0,0x3bfc08db3882eaa21db6a77902210739c4e4ac3c,0xd90e2f925da726b50c4ed8d0fb90ad053324f31b,1.0
14838279,1653430990.0,0x3bfc08db3882eaa21db6a77902210739c4e4ac3c,0xd90e2f925da726b50c4ed8d0fb90ad053324f31b,1.0
14838282,1653431028.0,0x3bfc08db3882eaa21db6a77902210739c4e4ac3c,0xd90e2f925da726b50c4ed8d0fb90ad053324f31b,1.0
14838285,1653431064.0,0x3bfc08db3882eaa21db6a77902210739c4e4ac3c,0xd90e2f925da726b50c4ed8d0fb90ad053324f31b,1.0
14838286,1653431067.0,0x3bfc08db3882eaa21db6a77902210739c4e4ac3c,0xd90e2f925da726b50c4ed8d0fb90ad053324f31b,1.0
14838288,1653431085.0,0x3bfc08db3882eaa21db6a77902210739c4e4ac3c,0xd90e2f925da726b50c4ed8d0fb90ad053324f31b,1.0
14838290,1653431094.0,0x3bfc08db3882eaa21db6a77902210739c4e4ac3c,0xd90e2f925da726b50c4ed8d0fb90ad053324f31b,1.0
14838291,1653431142.0,0x3bfc08db3882eaa21db6a77902210739c4e4ac3c,0xd90e2f925da726b50c4ed8d0fb90ad053324f31b,1.0
14838292,1653431158.0,0x3bfc08db3882eaa21db6a77902210739c4e4ac3c,0xd90e2f925da726b50c4ed8d0fb90ad053324f31b,1.0
14838294,1653431183.0,0x3bfc08db3882eaa21db6a77902210739c4e4ac3c,0xd90e2f925da726b50c4ed8d0fb90ad053324f31b,1.0
14838296,1653431189.0,0x3bfc08db3882eaa21db6a77902210739c4e4ac3c,0xd90e2f925da726b50c4ed8d0fb90ad053324f31b,1.0
14838299,1653431209.0,0x3bfc08db3882eaa21db6a77902210739c4e4ac3c,0xd90e2f925da726b50c4ed8d0fb90ad053324f31b,1.0
14838300,1653431213.0,0x3bfc08db3882eaa21db6a77902210739c4e4ac3c,0xd90e2f925da726b50c4ed8d0fb90ad053324f31b,1.0
14838304,1653431268.0,0x3bfc08db3882eaa21db6a77902210739c4e4ac3c,0xd90e2f925da726b50c4ed8d0fb90ad053324f31b,1.0
14838305,1653431282.0,0x3bfc08db3882eaa21db6a77902210739c4e4ac3c,0xd90e2f925da726b50c4ed8d0fb90ad053324f31b,1.0
14838306,1653431299.0,0x3bfc08db3882eaa21db6a77902210739c4e4ac3c,0xd90e2f925da726b50c4ed8d0fb90ad053324f31b,1.0
14838308,1653431328.0,0x3bfc08db3882eaa21db6a77902210739c4e4ac3c,0xd90e2f925da726b50c4ed8d0fb90ad053324f31b,1.0
14838309,1653431347.0,0x3bfc08db3882eaa21db6a77902210739c4e4ac3c,0xd90e2f925da726b50c4ed8d0fb90ad053324f31b,1.0
14838311,1653431391.0,0x3bfc08db3882eaa21db6a77902210739c4e4ac3c,0xd90e2f925da726b50c4ed8d0fb90ad053324f31b,1.0
14838312,1653431413.0,0x3bfc08db3882eaa21db6a77902210739c4e4ac3c,0xd90e2f925da726b50c4ed8d0fb90ad053324f31b,1.0
14838314,1653431454.0,0x3bfc08db3882eaa21db6a77902210739c4e4ac3c,0xd90e2f925da726b50c4ed8d0fb90ad053324f31b,1.0
14838315,1653431460.0,0x3bfc08db3882eaa21db6a77902210739c4e4ac3c,0xd90e2f925da726b50c4ed8d0fb90ad053324f31b,1.0
14838317,1653431492.0,0x3bfc08db3882eaa21db6a77902210739c4e4ac3c,0xd90e2f925da726b50c4ed8d0fb90ad053324f31b,1.0
14838318,1653431505.0,0x3bfc08db3882eaa21db6a77902210739c4e4ac3c,0xd90e2f925da726b50c4ed8d0fb90ad053324f31b,1.0
14838319,1653431530.0,0x3bfc08db3882eaa21db6a77902210739c4e4ac3c,0xd90e2f925da726b50c4ed8d0fb90ad053324f31b,1.0
14838321,1653431558.0,0x3bfc08db3882eaa21db6a77902210739c4e4ac3c,0xd90e2f925da726b50c4ed8d0fb90ad053324f31b,1.0
14838323,1653431570.0,0x3bfc08db3882eaa21db6a77902210739c4e4ac3c,0xd90e2f925da726b50c4ed8d0fb90ad053324f31b,1.0
14838326,1653431595.0,0x3bfc08db3882eaa21db6a77902210739c4e4ac3c,0xd90e2f925da726b50c4ed8d0fb90ad053324f31b,1.0
14838327,1653431642.0,0x3bfc08db3882eaa21db6a77902210739c4e4ac3c,0xd90e2f925da726b50c4ed8d0fb90ad053324f31b,1.0
14838329,1653431708.0,0x3bfc08db3882eaa21db6a77902210739c4e4ac3c,0xd90e2f925da726b50c4ed8d0fb90ad053324f31b,1.0
14838330,1653431712.0,0x3bfc08db3882eaa21db6a77902210739c4e4ac3c,0xd90e2f925da726b50c4ed8d0fb90ad053324f31b,1.0
14838332,1653431737.0,0x3bfc08db3882eaa21db6a77902210739c4e4ac3c,0xd90e2f925da726b50c4ed8d0fb90ad053324f31b,1.0
14838333,1653431751.0,0x3bfc08db3882eaa21db6a77902210739c4e4ac3c,0xd90e2f925da726b50c4ed8d0fb90ad053324f31b,1.0
14838335,1653431818.0,0x3bfc08db3882eaa21db6a77902210739c4e4ac3c,0xd90e2f925da726b50c4ed8d0fb90ad053324f31b,1.0
14838336,1653431820.0,0x3bfc08db3882eaa21db6a77902210739c4e4ac3c,0xd90e2f925da726b50c4ed8d0fb90ad053324f31b,1.0
14838337,1653431839.0,0x3bfc08db3882eaa21db6a77902210739c4e4ac3c,0xd90e2f925da726b50c4ed8d0fb90ad053324f31b,1.0
14838339,1653431866.0,0x3bfc08db3882eaa21db6a77902210739c4e4ac3c,0xd90e2f925da726b50c4ed8d0fb90ad053324f31b,1.0
14838340,1653431873.0,0x3bfc08db3882eaa21db6a77902210739c4e4ac3c,0xd90e2f925da726b50c4ed8d0fb90ad053324f31b,1.0
14838341,1653431885.0,0x3bfc08db3882eaa21db6a77902210739c4e4ac3c,0xd90e2f925da726b50c4ed8d0fb90ad053324f31b,1.0
14838344,1653431905.0,0x3bfc08db3882eaa21db6a77902210739c4e4ac3c,0xd90e2f925da726b50c4ed8d0fb90ad053324f31b,1.0
14838346,1653431935.0,0x3bfc08db3882eaa21db6a77902210739c4e4ac3c,0xd90e2f925da726b50c4ed8d0fb90ad053324f31b,1.0
14838348,1653431964.0,0x3bfc08db3882eaa21db6a77902210739c4e4ac3c,0xd90e2f925da726b50c4ed8d0fb90ad053324f31b,1.0
14838350,1653432038.0,0x3bfc08db3882eaa21db6a77902210739c4e4ac3c,0xd90e2f925da726b50c4ed8d0fb90ad053324f31b,1.0
14838351,1653432049.0,0x3bfc08db3882eaa21db6a77902210739c4e4ac3c,0xd90e2f925da726b50c4ed8d0fb90ad053324f31b,1.0
14838353,1653432087.0,0x3bfc08db3882eaa21db6a77902210739c4e4ac3c,0xd90e2f925da726b50c4ed8d0fb90ad053324f31b,1.0
14838355,1653432122.0,0x3bfc08db3882eaa21db6a77902210739c4e4ac3c,0xd90e2f925da726b50c4ed8d0fb90ad053324f31b,1.0
14838356,1653432137.0,0x3bfc08db3882eaa21db6a77902210739c4e4ac3c,0xd90e2f925da726b50c4ed8d0fb90ad053324f31b,1.0
14838357,1653432158.0,0x3bfc08db3882eaa21db6a77902210739c4e4ac3c,0xd90e2f925da726b50c4ed8d0fb90ad053324f31b,1.0
14838358,1653432167.0,0x3bfc08db3882eaa21db6a77902210739c4e4ac3c,0xd90e2f925da726b50c4ed8d0fb90ad053324f31b,1.0
14838359,1653432177.0,0x3bfc08db3882eaa21db6a77902210739c4e4ac3c,0xd90e2f925da726b50c4ed8d0fb90ad053324f31b,1.0
14838360,1653432193.0,0x3bfc08db3882eaa21db6a77902210739c4e4ac3c,0xd90e2f925da726b50c4ed8d0fb90ad053324f31b,1.0
14838362,1653432209.0,0x3bfc08db3882eaa21db6a77902210739c4e4ac3c,0xd90e2f925da726b50c4ed8d0fb90ad053324f31b,1.0
14838364,1653432220.0,0x3bfc08db3882eaa21db6a77902210739c4e4ac3c,0xd90e2f925da726b50c4ed8d0fb90ad053324f31b,1.0
14838367,1653432253.0,0x3bfc08db3882eaa21db6a77902210739c4e4ac3c,0xd90e2f925da726b50c4ed8d0fb90ad053324f31b,1.0
14838368,1653432268.0,0x3bfc08db3882eaa21db6a77902210739c4e4ac3c,0xd90e2f925da726b50c4ed8d0fb90ad053324f31b,1.0
14838371,1653432301.0,0x3bfc08db3882eaa21db6a77902210739c4e4ac3c,0xd90e2f925da726b50c4ed8d0fb90ad053324f31b,1.0
14838372,1653432304.0,0x3bfc08db3882eaa21db6a77902210739c4e4ac3c,0xd90e2f925da726b50c4ed8d0fb90ad053324f31b,1.0
14838373,1653432317.0,0x3bfc08db3882eaa21db6a77902210739c4e4ac3c,0xd90e2f925da726b50c4ed8d0fb90ad053324f31b,1.0
14838375,1653432347.0,0x3bfc08db3882eaa21db6a77902210739c4e4ac3c,0xd90e2f925da726b50c4ed8d0fb90ad053324f31b,1.0
14838376,1653432366.0,0x3bfc08db3882eaa21db6a77902210739c4e4ac3c,0xd90e2f925da726b50c4ed8d0fb90ad053324f31b,1.0
14838377,1653432420.0,0x3bfc08db3882eaa21db6a77902210739c4e4ac3c,0xd90e2f925da726b50c4ed8d0fb90ad053324f31b,1.0
14838379,1653432434.0,0x3bfc08db3882eaa21db6a77902210739c4e4ac3c,0xd90e2f925da726b50c4ed8d0fb90ad053324f31b,1.0
14838381,1653432453.0,0x3bfc08db3882eaa21db6a77902210739c4e4ac3c,0xd90e2f925da726b50c4ed8d0fb90ad053324f31b,1.0
14838383,1653432556.0,0x3bfc08db3882eaa21db6a77902210739c4e4ac3c,0xd90e2f925da726b50c4ed8d0fb90ad053324f31b,1.0
14838384,1653432585.0,0x3bfc08db3882eaa21db6a77902210739c4e4ac3c,0xd90e2f925da726b50c4ed8d0fb90ad053324f31b,1.0
14838385,1653432604.0,0x3bfc08db3882eaa21db6a77902210739c4e4ac3c,0xd90e2f925da726b50c4ed8d0fb90ad053324f31b,1.0
14838386,1653432619.0,0x3bfc08db3882eaa21db6a77902210739c4e4ac3c,0xd90e2f925da726b50c4ed8d0fb90ad053324f31b,1.0
14838388,1653432633.0,0x3bfc08db3882eaa21db6a77902210739c4e4ac3c,0xd90e2f925da726b50c4ed8d0fb90ad053324f31b,1.0
14838396,1653432740.0,0x3bfc08db3882eaa21db6a77902210739c4e4ac3c,0xd90e2f925da726b50c4ed8d0fb90ad053324f31b,0.1
14838398,1653432788.0,0x3bfc08db3882eaa21db6a77902210739c4e4ac3c,0xd90e2f925da726b50c4ed8d0fb90ad053324f31b,0.1
14838399,1653432793.0,0x3bfc08db3882eaa21db6a77902210739c4e4ac3c,0xd90e2f925da726b50c4ed8d0fb90ad053324f31b,0.1
14838403,1653432890.0,0x3bfc08db3882eaa21db6a77902210739c4e4ac3c,0xd90e2f925da726b50c4ed8d0fb90ad053324f31b,0.1
