BlockHeight,TimeStamp,From,To,Value
13932177,1641209063.0,0x3e0defb880cd8e163bad68abe66437f99a7a8a74,0x52de8d3febd3a06d3c627f59d56e6892b80dcf12,0.006514
13932183,1641209163.0,0x3e0defb880cd8e163bad68abe66437f99a7a8a74,0x52de8d3febd3a06d3c627f59d56e6892b80dcf12,0.006514
13932899,1641218597.0,0x3e0defb880cd8e163bad68abe66437f99a7a8a74,0xa5409ec958c83c3f309868babaca7c86dcb077c1,0.0
13932907,1641218781.0,0x3e0defb880cd8e163bad68abe66437f99a7a8a74,0x35ede6d25fafc93938d9c0530f1f5c0edc9d3845,0.0
13933031,1641220571.0,0x3e0defb880cd8e163bad68abe66437f99a7a8a74,0x60f80121c31a0d46b5279700f9df786054aa5ee5,0.0
14043559,1642696477.0,0x3e0defb880cd8e163bad68abe66437f99a7a8a74,0x35ede6d25fafc93938d9c0530f1f5c0edc9d3845,0.0
14047576,1642749886.0,0x3e0defb880cd8e163bad68abe66437f99a7a8a74,0x7be8076f4ea4a4ad08075c2508e481d6c946d12b,0.0
14048309,1642759543.0,0x3e0defb880cd8e163bad68abe66437f99a7a8a74,0xfdb57f73ab472471b1a5791588461059f51f6ccf,0.005226
14054605,1642843872.0,0x3e0defb880cd8e163bad68abe66437f99a7a8a74,,0.0
14055622,1642857113.0,0x3e0defb880cd8e163bad68abe66437f99a7a8a74,0x196a374b9efdcdef12a38489aa8a50237a3ef594,0.0081
14056113,1642863889.0,0x3e0defb880cd8e163bad68abe66437f99a7a8a74,0x29b9373e428711c8fdd936a389bf05ce7d35dda2,0.00177759
14056629,1642870829.0,0x3e0defb880cd8e163bad68abe66437f99a7a8a74,0x347e8f059af5839c7d7b652492da2ce1077575a9,0.011875
14057486,1642882363.0,0x3e0defb880cd8e163bad68abe66437f99a7a8a74,0x5d7dca3bcb1029e8a151066583f31115bd6003ad,0.024892
14063616,1642963705.0,0x3e0defb880cd8e163bad68abe66437f99a7a8a74,0x1c5d1d8c2b9dd7fed558b8ba686c1535e990049a,0.032724
14077215,1643146597.0,0x3e0defb880cd8e163bad68abe66437f99a7a8a74,0x4db8def9725152bf56e8b9d78077367daaa10663,0.0190391
14088511,1643297792.0,0x3e0defb880cd8e163bad68abe66437f99a7a8a74,0xf143d76c38412568e1b0792741f80242f11cc13b,0.015
14088634,1643299190.0,0x3e0defb880cd8e163bad68abe66437f99a7a8a74,0xed5d4a2d8c41a5b7f709da413f8b8bc83f9dfdd3,0.0108087
14088648,1643299319.0,0x3e0defb880cd8e163bad68abe66437f99a7a8a74,0x4316a97378a02f2269c1eee2d22c2b837fc203d8,0.0121
14102607,1643485319.0,0x3e0defb880cd8e163bad68abe66437f99a7a8a74,0x7da60a6c2792104045c20b95dd793588983fd8fb,0.0056392
14102809,1643488038.0,0x3e0defb880cd8e163bad68abe66437f99a7a8a74,0x520c52bbd6ec7cb5c450a4469e59d4936208b78a,0.00347456
14104708,1643513082.0,0x3e0defb880cd8e163bad68abe66437f99a7a8a74,0xa648633594c3536953a525c28c3cbdaea47add94,0.01355108
14108351,1643561525.0,0x3e0defb880cd8e163bad68abe66437f99a7a8a74,0x7d58bbfe63872a8c2697e6320749bbc67c98204d,0.02501559
14108419,1643562375.0,0x3e0defb880cd8e163bad68abe66437f99a7a8a74,0x7d58bbfe63872a8c2697e6320749bbc67c98204d,0.03470803
14113528,1643630587.0,0x3e0defb880cd8e163bad68abe66437f99a7a8a74,0xa648633594c3536953a525c28c3cbdaea47add94,0.03738398
14134383,1643909575.0,0x3e0defb880cd8e163bad68abe66437f99a7a8a74,0x4253f2ff9dae66e3b7ac2dcc50fdc00058f5ad5b,0.004
14139733,1643980649.0,0x3e0defb880cd8e163bad68abe66437f99a7a8a74,0xf89b36e0c176b057275e6fcf453b704bac58bc55,0.00259226
14146645,1644072769.0,0x3e0defb880cd8e163bad68abe66437f99a7a8a74,0xa648633594c3536953a525c28c3cbdaea47add94,0.0215271
14161115,1644265815.0,0x3e0defb880cd8e163bad68abe66437f99a7a8a74,0x343289ba22376ddfa97208ba7c34ddfa5d2f1405,0.02402902
14238192,1645297018.0,0x3e0defb880cd8e163bad68abe66437f99a7a8a74,0xa2c0946ad444dccf990394c5cbe019a858a945bd,0.0
14238220,1645297320.0,0xc02aaa39b223fe8d0a0e5c4f27ead9083c756cc2,0x3e0defb880cd8e163bad68abe66437f99a7a8a74,0.09
14238220,1645297320.0,0x3e0defb880cd8e163bad68abe66437f99a7a8a74,0xc02aaa39b223fe8d0a0e5c4f27ead9083c756cc2,0.0
14238385,1645299523.0,0x3e0defb880cd8e163bad68abe66437f99a7a8a74,0xa2c0946ad444dccf990394c5cbe019a858a945bd,0.0
14238394,1645299616.0,0x3e0defb880cd8e163bad68abe66437f99a7a8a74,0xed5af388653567af2f388e6224dc7c4b3241c544,0.0
14238440,1645300218.0,0x7f268357a8c2552623316e2562d90e642bb538e5,0x3e0defb880cd8e163bad68abe66437f99a7a8a74,11.9325
14239021,1645307849.0,0x3e0defb880cd8e163bad68abe66437f99a7a8a74,0xa2c0946ad444dccf990394c5cbe019a858a945bd,0.0
14239023,1645307879.0,0x3e0defb880cd8e163bad68abe66437f99a7a8a74,0x6be69b2a9b153737887cfcdca7781ed1511c7e36,0.0
14239028,1645307919.0,0x3e0defb880cd8e163bad68abe66437f99a7a8a74,0x10daa9f4c0f985430fde4959adb2c791ef2ccf83,0.0
14239030,1645307999.0,0x3e0defb880cd8e163bad68abe66437f99a7a8a74,0x1a92f7381b9f03921564a437210bb9396471050c,0.0
14239062,1645308409.0,0x3e0defb880cd8e163bad68abe66437f99a7a8a74,0x210a4439749c93f31c06bfd530dc09e5a678a60d,0.0
14239085,1645308636.0,0x3e0defb880cd8e163bad68abe66437f99a7a8a74,0x210a4439749c93f31c06bfd530dc09e5a678a60d,0.0
14239089,1645308696.0,0x3e0defb880cd8e163bad68abe66437f99a7a8a74,0xa2c0946ad444dccf990394c5cbe019a858a945bd,0.0
14239091,1645308747.0,0x3e0defb880cd8e163bad68abe66437f99a7a8a74,0x210a4439749c93f31c06bfd530dc09e5a678a60d,0.0
14239093,1645308765.0,0x7f268357a8c2552623316e2562d90e642bb538e5,0x3e0defb880cd8e163bad68abe66437f99a7a8a74,12.395
14239102,1645308975.0,0x3e0defb880cd8e163bad68abe66437f99a7a8a74,0xc92ceddfb8dd984a89fb494c376f9a48b999aafc,0.0
14239102,1645308975.0,0x3e0defb880cd8e163bad68abe66437f99a7a8a74,0xc92ceddfb8dd984a89fb494c376f9a48b999aafc,0.0
14239102,1645308975.0,0x3e0defb880cd8e163bad68abe66437f99a7a8a74,0x77640cf3f89a4f1b5ca3a1e5c87f3f5b12ebf87e,0.0
14239103,1645308976.0,0x3e0defb880cd8e163bad68abe66437f99a7a8a74,0xc8adfb4d437357d0a656d4e62fd9a6d22e401aa0,0.0
14239103,1645308976.0,0x3e0defb880cd8e163bad68abe66437f99a7a8a74,0xc6ec80029cd2aa4b0021ceb11248c07b25d2de34,0.0
14239103,1645308976.0,0x3e0defb880cd8e163bad68abe66437f99a7a8a74,0x87e738a3d5e5345d6212d8982205a564289e6324,0.0
14239103,1645308976.0,0x3e0defb880cd8e163bad68abe66437f99a7a8a74,0xcb4307f1c3b5556256748ddf5b86e81258990b3c,0.0
14239106,1645308995.0,0x3e0defb880cd8e163bad68abe66437f99a7a8a74,0x210a4439749c93f31c06bfd530dc09e5a678a60d,0.0
14239133,1645309337.0,0x7f268357a8c2552623316e2562d90e642bb538e5,0x3e0defb880cd8e163bad68abe66437f99a7a8a74,12.4875
14239140,1645309488.0,0x3e0defb880cd8e163bad68abe66437f99a7a8a74,0x9c57d0278199c931cf149cc769f37bb7847091e7,0.0
14239142,1645309499.0,0x3e0defb880cd8e163bad68abe66437f99a7a8a74,0x95784f7b5c8849b0104eaf5d13d6341d8cc40750,0.0
14239161,1645309837.0,0x3e0defb880cd8e163bad68abe66437f99a7a8a74,0xa2c0946ad444dccf990394c5cbe019a858a945bd,0.0
14239162,1645309873.0,0x3e0defb880cd8e163bad68abe66437f99a7a8a74,0x9c57d0278199c931cf149cc769f37bb7847091e7,0.0
14239165,1645309928.0,0x3e0defb880cd8e163bad68abe66437f99a7a8a74,0x95784f7b5c8849b0104eaf5d13d6341d8cc40750,0.0
14239167,1645309955.0,0x3e0defb880cd8e163bad68abe66437f99a7a8a74,0xcbc67ea382f8a006d46eeeb7255876beb7d7f14d,0.0
14239170,1645310042.0,0x3e0defb880cd8e163bad68abe66437f99a7a8a74,0x18487d2cac946c7fe800855c4039aac210f68baa,0.0
14239172,1645310067.0,0x3e0defb880cd8e163bad68abe66437f99a7a8a74,0x18df6c571f6fe9283b87f910e41dc5c8b77b7da5,0.0
14239174,1645310096.0,0x3e0defb880cd8e163bad68abe66437f99a7a8a74,0x210a4439749c93f31c06bfd530dc09e5a678a60d,0.0
14239231,1645310769.0,0x3e0defb880cd8e163bad68abe66437f99a7a8a74,0xa2c0946ad444dccf990394c5cbe019a858a945bd,0.0
14239234,1645310788.0,0x3e0defb880cd8e163bad68abe66437f99a7a8a74,0x837704ec8dfec198789baf061d6e93b0e1555da6,0.0
14239234,1645310788.0,0x7f268357a8c2552623316e2562d90e642bb538e5,0x3e0defb880cd8e163bad68abe66437f99a7a8a74,12.4875
14239237,1645310813.0,0x3e0defb880cd8e163bad68abe66437f99a7a8a74,0xdfe3ac769b2d8e382cb86143e0b0b497e1ed5447,0.0
14239239,1645310834.0,0x3e0defb880cd8e163bad68abe66437f99a7a8a74,0x1e87ee9249cc647af9edeecb73d6b76af14d8c27,0.0
14239240,1645310862.0,0x3e0defb880cd8e163bad68abe66437f99a7a8a74,0xf4ee95274741437636e748ddac70818b4ed7d043,0.0
14239241,1645310882.0,0x3e0defb880cd8e163bad68abe66437f99a7a8a74,0xccc441ac31f02cd96c153db6fd5fe0a2f4e6a68d,0.0
14239242,1645310901.0,0x3e0defb880cd8e163bad68abe66437f99a7a8a74,0xf87e31492faf9a91b02ee0deaad50d51d56d5d4d,0.0
14239244,1645310948.0,0x3e0defb880cd8e163bad68abe66437f99a7a8a74,0x210a4439749c93f31c06bfd530dc09e5a678a60d,0.0
14239289,1645311481.0,0x3e0defb880cd8e163bad68abe66437f99a7a8a74,0xa2c0946ad444dccf990394c5cbe019a858a945bd,0.0
14239291,1645311492.0,0x3e0defb880cd8e163bad68abe66437f99a7a8a74,0xd7edd06f6300c04ac453e33dd726096be2d49efa,0.0
14239293,1645311517.0,0x3e0defb880cd8e163bad68abe66437f99a7a8a74,0xa342f5d851e866e18ff98f351f2c6637f4478db5,0.0
14239294,1645311522.0,0x3e0defb880cd8e163bad68abe66437f99a7a8a74,0x5c1a0cc6dadf4d0fb31425461df35ba80fcbc110,0.0
14239294,1645311522.0,0x3e0defb880cd8e163bad68abe66437f99a7a8a74,0x966731dfd9b9925dd105ff465687f5aa8f54ee9f,0.0
14239294,1645311522.0,0x3e0defb880cd8e163bad68abe66437f99a7a8a74,0x6a47f2e78e6a594e594fd3e318f301e987b60d55,0.0
14239296,1645311552.0,0x3e0defb880cd8e163bad68abe66437f99a7a8a74,0x1685133a98e1d4fc1fe8e25b7493d186c37b6b24,0.0
14239297,1645311562.0,0x3e0defb880cd8e163bad68abe66437f99a7a8a74,0x0c2e57efddba8c768147d1fdf9176a0a6ebd5d83,0.0
14239297,1645311562.0,0x3e0defb880cd8e163bad68abe66437f99a7a8a74,0xf54cc94f1f2f5de012b6aa51f1e7ebdc43ef5afc,0.0
14239298,1645311586.0,0x3e0defb880cd8e163bad68abe66437f99a7a8a74,0x36d30b3b85255473d27dd0f7fd8f35e36a9d6f06,0.0
14239300,1645311602.0,0x3e0defb880cd8e163bad68abe66437f99a7a8a74,0x210a4439749c93f31c06bfd530dc09e5a678a60d,0.0
14239309,1645311686.0,0x7f268357a8c2552623316e2562d90e642bb538e5,0x3e0defb880cd8e163bad68abe66437f99a7a8a74,10.07
14239322,1645311863.0,0x7f268357a8c2552623316e2562d90e642bb538e5,0x3e0defb880cd8e163bad68abe66437f99a7a8a74,1.5555
14239322,1645311863.0,0x7f268357a8c2552623316e2562d90e642bb538e5,0x3e0defb880cd8e163bad68abe66437f99a7a8a74,1.5555
14239323,1645311906.0,0x3e0defb880cd8e163bad68abe66437f99a7a8a74,0xa2c0946ad444dccf990394c5cbe019a858a945bd,0.0
14239325,1645311919.0,0x3e0defb880cd8e163bad68abe66437f99a7a8a74,0x17ed38f5f519c6ed563be6486e629041bed3dfbc,0.0
14239326,1645311933.0,0x3e0defb880cd8e163bad68abe66437f99a7a8a74,0x8ee9a60cb5c0e7db414031856cb9e0f1f05988d1,0.0
14239327,1645311954.0,0x3e0defb880cd8e163bad68abe66437f99a7a8a74,0x818a19a6d3f0859b68e8490a6e945a51060caad1,0.0
14239328,1645311955.0,0x3e0defb880cd8e163bad68abe66437f99a7a8a74,0x628e1ae54610f6c553ec227019526776351cb6d4,0.0
14239329,1645311962.0,0x3e0defb880cd8e163bad68abe66437f99a7a8a74,0xa17f63bcd85fd3b01c5996da0327f84c6ae86a82,0.0
14239329,1645311962.0,0x3e0defb880cd8e163bad68abe66437f99a7a8a74,0x9eeaecbe2884aa7e82f450e3fc174f30fc2a8de3,0.0
14239330,1645311987.0,0x3e0defb880cd8e163bad68abe66437f99a7a8a74,0x5be99338289909d6dbbc57bb791140ef85ccbcab,0.0
14239331,1645311991.0,0x3e0defb880cd8e163bad68abe66437f99a7a8a74,0x226bf5293692610692e2c996c9875c914d2a7f73,0.0
14239332,1645311997.0,0x3e0defb880cd8e163bad68abe66437f99a7a8a74,0x49cf6f5d44e70224e2e23fdcdd2c053f30ada28b,0.0
14239335,1645312054.0,0x3e0defb880cd8e163bad68abe66437f99a7a8a74,0x210a4439749c93f31c06bfd530dc09e5a678a60d,0.0
14239340,1645312163.0,0x7f268357a8c2552623316e2562d90e642bb538e5,0x3e0defb880cd8e163bad68abe66437f99a7a8a74,4.3875
14239344,1645312237.0,0x3e0defb880cd8e163bad68abe66437f99a7a8a74,0xa2c0946ad444dccf990394c5cbe019a858a945bd,0.0
14239347,1645312258.0,0x3e0defb880cd8e163bad68abe66437f99a7a8a74,0xaadc2d4261199ce24a4b0a57370c4fcf43bb60aa,0.0
14239350,1645312297.0,0x3e0defb880cd8e163bad68abe66437f99a7a8a74,0x210a4439749c93f31c06bfd530dc09e5a678a60d,0.0
14239352,1645312317.0,0x3e0defb880cd8e163bad68abe66437f99a7a8a74,0xa2c0946ad444dccf990394c5cbe019a858a945bd,0.0
14239354,1645312348.0,0x3e0defb880cd8e163bad68abe66437f99a7a8a74,0xe39fb076bd6be0bbf400db0dfad28104fdc5ff46,0.0
14239355,1645312355.0,0x3e0defb880cd8e163bad68abe66437f99a7a8a74,0x4f7e2a72a99d45f4fd5a2fc211f8dc5c36a049bd,0.0
14239357,1645312373.0,0x3e0defb880cd8e163bad68abe66437f99a7a8a74,0x6fd053bff10512d743fa36c859e49351a4920df6,0.0
14239357,1645312373.0,0x7f268357a8c2552623316e2562d90e642bb538e5,0x3e0defb880cd8e163bad68abe66437f99a7a8a74,12.4875
14239357,1645312373.0,0x3e0defb880cd8e163bad68abe66437f99a7a8a74,0x63fa29fec10c997851ccd2466dad20e51b17c8af,0.0
14239379,1645312750.0,0x7f268357a8c2552623316e2562d90e642bb538e5,0x3e0defb880cd8e163bad68abe66437f99a7a8a74,12.4875
14239384,1645312792.0,0x3e0defb880cd8e163bad68abe66437f99a7a8a74,0x28472a58a490c5e09a238847f66a68a47cc76f0f,0.0
14239385,1645312808.0,0x3e0defb880cd8e163bad68abe66437f99a7a8a74,0xa2c0946ad444dccf990394c5cbe019a858a945bd,0.0
14239392,1645312877.0,0x3e0defb880cd8e163bad68abe66437f99a7a8a74,0x5bdf397bb2912859dbd8011f320a222f79a28d2e,0.0
14239393,1645312895.0,0x3e0defb880cd8e163bad68abe66437f99a7a8a74,0x8ff1523091c9517bc328223d50b52ef450200339,0.0
14239396,1645312901.0,0x3e0defb880cd8e163bad68abe66437f99a7a8a74,0x1d20a51f088492a0f1c57f047a9e30c9ab5c07ea,0.0
14239397,1645312917.0,0x3e0defb880cd8e163bad68abe66437f99a7a8a74,0xaec4ea20cff1897cdf8b7be329b0e2d1d49b9817,0.0
14239398,1645312927.0,0x3e0defb880cd8e163bad68abe66437f99a7a8a74,0x52e66ca968010d064938a8099a172cbaaf08c125,0.0
14239406,1645313025.0,0x7f268357a8c2552623316e2562d90e642bb538e5,0x3e0defb880cd8e163bad68abe66437f99a7a8a74,4.3875
14239409,1645313062.0,0x3e0defb880cd8e163bad68abe66437f99a7a8a74,0x32ddbb0fc65bb53e1f7d6dc1c2a713e9a695b75b,0.0
14239409,1645313062.0,0x3e0defb880cd8e163bad68abe66437f99a7a8a74,0xd78b76fcc33cd416da9d3d42f72649a23d7ac647,0.0
14239410,1645313079.0,0x3e0defb880cd8e163bad68abe66437f99a7a8a74,0xb7be4001bff2c5f4a61dd2435e4c9a19d8d12343,0.0
14239414,1645313091.0,0x3e0defb880cd8e163bad68abe66437f99a7a8a74,0x210a4439749c93f31c06bfd530dc09e5a678a60d,0.0
14239424,1645313257.0,0x7f268357a8c2552623316e2562d90e642bb538e5,0x3e0defb880cd8e163bad68abe66437f99a7a8a74,12.4875
14239424,1645313257.0,0x3e0defb880cd8e163bad68abe66437f99a7a8a74,0xa2c0946ad444dccf990394c5cbe019a858a945bd,0.0
14239431,1645313310.0,0x3e0defb880cd8e163bad68abe66437f99a7a8a74,0x7deb7bce4d360ebe68278dee6054b882aa62d19c,0.0
14239434,1645313342.0,0x3e0defb880cd8e163bad68abe66437f99a7a8a74,0xd6f4a923e2ecd9ab7391840ac78d04bfe40bd5e1,0.0
14239437,1645313373.0,0x3e0defb880cd8e163bad68abe66437f99a7a8a74,0xfcb1315c4273954f74cb16d5b663dbf479eec62e,0.0
14239440,1645313411.0,0x3e0defb880cd8e163bad68abe66437f99a7a8a74,0x210a4439749c93f31c06bfd530dc09e5a678a60d,0.0
14239443,1645313439.0,0x3e0defb880cd8e163bad68abe66437f99a7a8a74,0x7bd29408f11d2bfc23c34f18275bbf23bb716bc7,0.0
14239445,1645313464.0,0x3e0defb880cd8e163bad68abe66437f99a7a8a74,0x86825dfca7a6224cfbd2da48e85df2fc3aa7c4b1,0.0
14239445,1645313464.0,0x7f268357a8c2552623316e2562d90e642bb538e5,0x3e0defb880cd8e163bad68abe66437f99a7a8a74,12.4875
14239447,1645313504.0,0x7f268357a8c2552623316e2562d90e642bb538e5,0x3e0defb880cd8e163bad68abe66437f99a7a8a74,2.73
14239447,1645313504.0,0x7f268357a8c2552623316e2562d90e642bb538e5,0x3e0defb880cd8e163bad68abe66437f99a7a8a74,12.4875
14239476,1645313909.0,0x3e0defb880cd8e163bad68abe66437f99a7a8a74,0xa2c0946ad444dccf990394c5cbe019a858a945bd,0.0
14239478,1645313931.0,0x3e0defb880cd8e163bad68abe66437f99a7a8a74,0x123b30e25973fecd8354dd5f41cc45a3065ef88c,0.0
14239479,1645313961.0,0x3e0defb880cd8e163bad68abe66437f99a7a8a74,0x79fcdef22feed20eddacbb2587640e45491b757f,0.0
14239480,1645313998.0,0x3e0defb880cd8e163bad68abe66437f99a7a8a74,0x210a4439749c93f31c06bfd530dc09e5a678a60d,0.0
14239534,1645314676.0,0x7f268357a8c2552623316e2562d90e642bb538e5,0x3e0defb880cd8e163bad68abe66437f99a7a8a74,20.35
14239582,1645315401.0,0x7f268357a8c2552623316e2562d90e642bb538e5,0x3e0defb880cd8e163bad68abe66437f99a7a8a74,12.4875
14239604,1645315744.0,0x3e0defb880cd8e163bad68abe66437f99a7a8a74,0xa2c0946ad444dccf990394c5cbe019a858a945bd,0.0
14239607,1645315791.0,0x3e0defb880cd8e163bad68abe66437f99a7a8a74,0xb5c747561a185a146f83cfff25bdfd2455b31ff4,0.0
14239608,1645315800.0,0x3e0defb880cd8e163bad68abe66437f99a7a8a74,0x6f24a2a5ecfffb0610f69929e9aa7fcef441897a,0.0
14239609,1645315810.0,0x3e0defb880cd8e163bad68abe66437f99a7a8a74,0xbd3531da5cf5857e7cfaa92426877b022e612cf8,0.0
14239613,1645315844.0,0x3e0defb880cd8e163bad68abe66437f99a7a8a74,0x8a90cab2b38dba80c64b7734e58ee1db38b8992e,0.0
14239617,1645315888.0,0x3e0defb880cd8e163bad68abe66437f99a7a8a74,0x210a4439749c93f31c06bfd530dc09e5a678a60d,0.0
14239644,1645316292.0,0x3e0defb880cd8e163bad68abe66437f99a7a8a74,0xa2c0946ad444dccf990394c5cbe019a858a945bd,0.0
14239644,1645316292.0,0x7f268357a8c2552623316e2562d90e642bb538e5,0x3e0defb880cd8e163bad68abe66437f99a7a8a74,46.25
14239645,1645316312.0,0x3e0defb880cd8e163bad68abe66437f99a7a8a74,0x8d4100897447d173289560bc85c5c432be4f44e4,0.0
14239645,1645316312.0,0x3e0defb880cd8e163bad68abe66437f99a7a8a74,0xbd4455da5929d5639ee098abfaa3241e9ae111af,0.0
14239646,1645316363.0,0x3e0defb880cd8e163bad68abe66437f99a7a8a74,0x210a4439749c93f31c06bfd530dc09e5a678a60d,0.0
14239651,1645316438.0,0x7f268357a8c2552623316e2562d90e642bb538e5,0x3e0defb880cd8e163bad68abe66437f99a7a8a74,12.395
14239657,1645316520.0,0x7f268357a8c2552623316e2562d90e642bb538e5,0x3e0defb880cd8e163bad68abe66437f99a7a8a74,12.4875
14239658,1645316540.0,0x7f268357a8c2552623316e2562d90e642bb538e5,0x3e0defb880cd8e163bad68abe66437f99a7a8a74,12.395
14239661,1645316572.0,0x7f268357a8c2552623316e2562d90e642bb538e5,0x3e0defb880cd8e163bad68abe66437f99a7a8a74,12.395
14239679,1645316780.0,0x7f268357a8c2552623316e2562d90e642bb538e5,0x3e0defb880cd8e163bad68abe66437f99a7a8a74,11.73825
14239681,1645316800.0,0x7f268357a8c2552623316e2562d90e642bb538e5,0x3e0defb880cd8e163bad68abe66437f99a7a8a74,11.264
14239691,1645316850.0,0x7f268357a8c2552623316e2562d90e642bb538e5,0x3e0defb880cd8e163bad68abe66437f99a7a8a74,11.264
14239691,1645316850.0,0x7f268357a8c2552623316e2562d90e642bb538e5,0x3e0defb880cd8e163bad68abe66437f99a7a8a74,11.2552
14239692,1645316879.0,0x7f268357a8c2552623316e2562d90e642bb538e5,0x3e0defb880cd8e163bad68abe66437f99a7a8a74,11.2552
14239692,1645316879.0,0x7f268357a8c2552623316e2562d90e642bb538e5,0x3e0defb880cd8e163bad68abe66437f99a7a8a74,11.2552
14239696,1645316917.0,0x7f268357a8c2552623316e2562d90e642bb538e5,0x3e0defb880cd8e163bad68abe66437f99a7a8a74,11.2552
14239698,1645316936.0,0x7f268357a8c2552623316e2562d90e642bb538e5,0x3e0defb880cd8e163bad68abe66437f99a7a8a74,11.2552
14239698,1645316936.0,0x7f268357a8c2552623316e2562d90e642bb538e5,0x3e0defb880cd8e163bad68abe66437f99a7a8a74,11.2552
14239698,1645316936.0,0x7f268357a8c2552623316e2562d90e642bb538e5,0x3e0defb880cd8e163bad68abe66437f99a7a8a74,11.2464
14239699,1645316978.0,0x7f268357a8c2552623316e2562d90e642bb538e5,0x3e0defb880cd8e163bad68abe66437f99a7a8a74,11.2464
14239699,1645316978.0,0x7f268357a8c2552623316e2562d90e642bb538e5,0x3e0defb880cd8e163bad68abe66437f99a7a8a74,11.2552
14239702,1645316986.0,0x7f268357a8c2552623316e2562d90e642bb538e5,0x3e0defb880cd8e163bad68abe66437f99a7a8a74,11.2464
14239703,1645316988.0,0x7f268357a8c2552623316e2562d90e642bb538e5,0x3e0defb880cd8e163bad68abe66437f99a7a8a74,11.73825
14239705,1645317012.0,0x7f268357a8c2552623316e2562d90e642bb538e5,0x3e0defb880cd8e163bad68abe66437f99a7a8a74,11.2464
14239705,1645317012.0,0x7f268357a8c2552623316e2562d90e642bb538e5,0x3e0defb880cd8e163bad68abe66437f99a7a8a74,11.264
14239705,1645317012.0,0x7f268357a8c2552623316e2562d90e642bb538e5,0x3e0defb880cd8e163bad68abe66437f99a7a8a74,11.2464
14239706,1645317027.0,0x7f268357a8c2552623316e2562d90e642bb538e5,0x3e0defb880cd8e163bad68abe66437f99a7a8a74,11.2464
14239712,1645317056.0,0x7f268357a8c2552623316e2562d90e642bb538e5,0x3e0defb880cd8e163bad68abe66437f99a7a8a74,11.2464
14239714,1645317095.0,0x7f268357a8c2552623316e2562d90e642bb538e5,0x3e0defb880cd8e163bad68abe66437f99a7a8a74,11.2552
14239717,1645317111.0,0x7f268357a8c2552623316e2562d90e642bb538e5,0x3e0defb880cd8e163bad68abe66437f99a7a8a74,11.73825
14239719,1645317131.0,0x7f268357a8c2552623316e2562d90e642bb538e5,0x3e0defb880cd8e163bad68abe66437f99a7a8a74,11.2464
14239723,1645317157.0,0x7f268357a8c2552623316e2562d90e642bb538e5,0x3e0defb880cd8e163bad68abe66437f99a7a8a74,11.264
14239723,1645317157.0,0x7f268357a8c2552623316e2562d90e642bb538e5,0x3e0defb880cd8e163bad68abe66437f99a7a8a74,11.24332
14239726,1645317238.0,0x321c4be89541cf0b5db9f13e712f4fed3723424a,0x3e0defb880cd8e163bad68abe66437f99a7a8a74,0.0
14239728,1645317268.0,0x3e0defb880cd8e163bad68abe66437f99a7a8a74,0xa2c0946ad444dccf990394c5cbe019a858a945bd,0.0
14239733,1645317314.0,0x3e0defb880cd8e163bad68abe66437f99a7a8a74,0xa5c0bd78d1667c13bfb403e2a3336871396713c5,0.0
14239733,1645317314.0,0x3e0defb880cd8e163bad68abe66437f99a7a8a74,0x3fe1a4c1481c8351e91b64d5c398b159de07cbc5,0.0
14239736,1645317361.0,0x7f268357a8c2552623316e2562d90e642bb538e5,0x3e0defb880cd8e163bad68abe66437f99a7a8a74,4.2
14239750,1645317491.0,0x3e0defb880cd8e163bad68abe66437f99a7a8a74,0x614917f589593189ac27ac8b81064cbe450c35e3,0.0
14239751,1645317494.0,0x3e0defb880cd8e163bad68abe66437f99a7a8a74,0x210a4439749c93f31c06bfd530dc09e5a678a60d,0.0
14239764,1645317652.0,0x76b36fa9b4bc0fd574f8abed7815f6968122c44f,0x3e0defb880cd8e163bad68abe66437f99a7a8a74,0.0
14239773,1645317763.0,0x3e0defb880cd8e163bad68abe66437f99a7a8a74,0xbc4ca0eda7647a8ab7c2061c2e118a18a936f13d,0.0
14239774,1645317774.0,0x3e0defb880cd8e163bad68abe66437f99a7a8a74,0x60e4d786628fea6478f785a6d7e704777c86a7c6,0.0
14239774,1645317774.0,0x7f268357a8c2552623316e2562d90e642bb538e5,0x3e0defb880cd8e163bad68abe66437f99a7a8a74,11.7475
14239776,1645317846.0,0x7f268357a8c2552623316e2562d90e642bb538e5,0x3e0defb880cd8e163bad68abe66437f99a7a8a74,12.395
14239777,1645317883.0,0x7f268357a8c2552623316e2562d90e642bb538e5,0x3e0defb880cd8e163bad68abe66437f99a7a8a74,12.395
14239790,1645318085.0,0x8cbb3c83ebe7c8ce7dd2e794a3eb0d6392190a37,0x3e0defb880cd8e163bad68abe66437f99a7a8a74,0.001
14239793,1645318145.0,0x7f268357a8c2552623316e2562d90e642bb538e5,0x3e0defb880cd8e163bad68abe66437f99a7a8a74,11.264
14239819,1645318459.0,0x3e0defb880cd8e163bad68abe66437f99a7a8a74,0xa2c0946ad444dccf990394c5cbe019a858a945bd,0.0
14239836,1645318599.0,0x7f268357a8c2552623316e2562d90e642bb538e5,0x3e0defb880cd8e163bad68abe66437f99a7a8a74,12.4875
14239842,1645318666.0,0x7f268357a8c2552623316e2562d90e642bb538e5,0x3e0defb880cd8e163bad68abe66437f99a7a8a74,18.5
14239847,1645318728.0,0x7f268357a8c2552623316e2562d90e642bb538e5,0x3e0defb880cd8e163bad68abe66437f99a7a8a74,19.0
14239847,1645318728.0,0x7f268357a8c2552623316e2562d90e642bb538e5,0x3e0defb880cd8e163bad68abe66437f99a7a8a74,11.7475
14239847,1645318728.0,0x7f268357a8c2552623316e2562d90e642bb538e5,0x3e0defb880cd8e163bad68abe66437f99a7a8a74,12.3025
14239848,1645318751.0,0x7f268357a8c2552623316e2562d90e642bb538e5,0x3e0defb880cd8e163bad68abe66437f99a7a8a74,19.0
14239848,1645318751.0,0x31054bd50389148fe595e3a31a1cf58bdbddbe06,0x3e0defb880cd8e163bad68abe66437f99a7a8a74,0.0
14239849,1645318768.0,0x7f268357a8c2552623316e2562d90e642bb538e5,0x3e0defb880cd8e163bad68abe66437f99a7a8a74,12.3025
14239856,1645318919.0,0x7f268357a8c2552623316e2562d90e642bb538e5,0x3e0defb880cd8e163bad68abe66437f99a7a8a74,12.3025
14239869,1645319165.0,0x3e0defb880cd8e163bad68abe66437f99a7a8a74,0x9640c1a69eadd073d273d75028a1d233cd63016c,0.0
14239880,1645319333.0,0x3e0defb880cd8e163bad68abe66437f99a7a8a74,0xaa6612f03443517ced2bdcf27958c22353ceeab9,0.0
14239882,1645319395.0,0x3e0defb880cd8e163bad68abe66437f99a7a8a74,0x7afeda4c714e1c0a2a1248332c100924506ac8e6,0.0
14239886,1645319474.0,0x3e0defb880cd8e163bad68abe66437f99a7a8a74,0x55fd7945c833ad75ca6d267b06e4b2186c9a0fb9,0.0
14239888,1645319514.0,0x3e0defb880cd8e163bad68abe66437f99a7a8a74,0x14efa0d4b0f9850ba1787edc730324962446d7cc,0.0
14239888,1645319514.0,0x3e0defb880cd8e163bad68abe66437f99a7a8a74,0x14efa0d4b0f9850ba1787edc730324962446d7cc,0.0
14239888,1645319514.0,0x3e0defb880cd8e163bad68abe66437f99a7a8a74,0x7afeda4c714e1c0a2a1248332c100924506ac8e6,0.0
14239888,1645319514.0,0x3e0defb880cd8e163bad68abe66437f99a7a8a74,0xaa6612f03443517ced2bdcf27958c22353ceeab9,0.0
14239888,1645319514.0,0x3e0defb880cd8e163bad68abe66437f99a7a8a74,0x55fd7945c833ad75ca6d267b06e4b2186c9a0fb9,0.0
14239888,1645319514.0,0x3e0defb880cd8e163bad68abe66437f99a7a8a74,0x14efa0d4b0f9850ba1787edc730324962446d7cc,0.0
14239892,1645319550.0,0x3e0defb880cd8e163bad68abe66437f99a7a8a74,0x210a4439749c93f31c06bfd530dc09e5a678a60d,0.0
14239900,1645319709.0,0x7f268357a8c2552623316e2562d90e642bb538e5,0x3e0defb880cd8e163bad68abe66437f99a7a8a74,12.395
14239915,1645319830.0,0x3e0defb880cd8e163bad68abe66437f99a7a8a74,0xa2c0946ad444dccf990394c5cbe019a858a945bd,0.0
14239917,1645319876.0,0x3e0defb880cd8e163bad68abe66437f99a7a8a74,0xba30e5f9bb24caa003e9f2f0497ad287fdf95623,0.0
14239921,1645319922.0,0x56a13996bcafa78d9d120fcc9501f1b26cb9660d,0x3e0defb880cd8e163bad68abe66437f99a7a8a74,0.001
14239921,1645319922.0,0x3e0defb880cd8e163bad68abe66437f99a7a8a74,0x210a4439749c93f31c06bfd530dc09e5a678a60d,0.0
14239932,1645320081.0,0x3e0defb880cd8e163bad68abe66437f99a7a8a74,0xa2c0946ad444dccf990394c5cbe019a858a945bd,0.0
14239938,1645320192.0,0x3e0defb880cd8e163bad68abe66437f99a7a8a74,0x60e4d786628fea6478f785a6d7e704777c86a7c6,0.0
14239941,1645320207.0,0x3e0defb880cd8e163bad68abe66437f99a7a8a74,0x210a4439749c93f31c06bfd530dc09e5a678a60d,0.0
14239969,1645320467.0,0x3e0defb880cd8e163bad68abe66437f99a7a8a74,0x54b174179ae825ed630da40b625bb3c883cd40ae,50.0
14240003,1645320912.0,0x6e04fb8949dff69c067e1107aa712d5382451100,0x3e0defb880cd8e163bad68abe66437f99a7a8a74,0.0
14240021,1645321109.0,0xb0823a4068e8dd62252fad3bebd054ce3f7791d0,0x3e0defb880cd8e163bad68abe66437f99a7a8a74,0.0042
14240023,1645321127.0,0xd7550dfce6d2fbf82eca9b22dd062030bbbfba5b,0x3e0defb880cd8e163bad68abe66437f99a7a8a74,0.0
14240026,1645321216.0,0x9a6a069d683aa700d472e573a47af721faebfc75,0x3e0defb880cd8e163bad68abe66437f99a7a8a74,0.00911
14240038,1645321373.0,0x562a4747618c680427903ac730d4ccdc84a11ac0,0x3e0defb880cd8e163bad68abe66437f99a7a8a74,0.0
14240048,1645321600.0,0x15a5695ce570836725d1b3b604d2e6b50a46c593,0x3e0defb880cd8e163bad68abe66437f99a7a8a74,6.9e-08
14240058,1645321675.0,0xfab2e6f3b9ca8c472c4700328d49f6f1931228d2,0x3e0defb880cd8e163bad68abe66437f99a7a8a74,0.01337
14240059,1645321681.0,0x0af8ed828b4c428bd29cce6f6d2275555c9ade04,0x3e0defb880cd8e163bad68abe66437f99a7a8a74,0.0
14240063,1645321723.0,0x892107a41674dda459d08ca8da5bbe940fd58055,0x3e0defb880cd8e163bad68abe66437f99a7a8a74,0.001
14240082,1645321922.0,0x3bb80c8e770e7ee810ca7015fb8213fe616f183b,0x3e0defb880cd8e163bad68abe66437f99a7a8a74,0.01
14240085,1645321981.0,0x9558d884a255f942b3c8ee6629ba39b2d0b13d0e,0x3e0defb880cd8e163bad68abe66437f99a7a8a74,0.00080085
14240090,1645322042.0,0xff00122fe9261f1ac3784228086142f8426d4640,0x3e0defb880cd8e163bad68abe66437f99a7a8a74,6.969e-05
14240111,1645322414.0,0x61087346faf37eeab79a8e7a8c94f5b97eb51a4d,0x3e0defb880cd8e163bad68abe66437f99a7a8a74,0.006942
14240123,1645322540.0,0xd97f90dcdf7d0178e55109e0e43541f46ca790cf,0x3e0defb880cd8e163bad68abe66437f99a7a8a74,0.0
14240130,1645322645.0,0xf636983e2f5b9cdbe98097db133de0243c9e9347,0x3e0defb880cd8e163bad68abe66437f99a7a8a74,0.001
14240132,1645322654.0,0x3c16d4b59027e3c3e1d62b5b08e0051f7448d840,0x3e0defb880cd8e163bad68abe66437f99a7a8a74,0.0069
14240142,1645322857.0,0x199f25d1fa35e582bfb7d4917a1c75d631500521,0x3e0defb880cd8e163bad68abe66437f99a7a8a74,0.0001
14240162,1645323065.0,0xad154a1653ce0ab9788ddbcaee02fbf6b01cde2d,0x3e0defb880cd8e163bad68abe66437f99a7a8a74,5e-05
14240222,1645323770.0,0x01b3cc1f9be8a25de5cbff824867ddc6cafef61a,0x3e0defb880cd8e163bad68abe66437f99a7a8a74,0.001337
14240225,1645323818.0,0x01b3cc1f9be8a25de5cbff824867ddc6cafef61a,0x3e0defb880cd8e163bad68abe66437f99a7a8a74,0.01337
14240292,1645324823.0,0x40d015d66e14d24b3acb0923ec5845fc1e377da8,0x3e0defb880cd8e163bad68abe66437f99a7a8a74,0.002
14240310,1645325189.0,0x37d6acea3e5b150968331d272b9ca778781f9cb5,0x3e0defb880cd8e163bad68abe66437f99a7a8a74,0.0
14240361,1645325943.0,0xcb7d40babe4422a3ad844eb22d851e034680a377,0x3e0defb880cd8e163bad68abe66437f99a7a8a74,4e-05
14240449,1645326795.0,0x038a5465ca95131af7cc3030505242ba64b53f87,0x3e0defb880cd8e163bad68abe66437f99a7a8a74,0.0036822647401057
14240465,1645326962.0,0xc9ab73fb1b9eddd7e3d2e228907cd79826a5c791,0x3e0defb880cd8e163bad68abe66437f99a7a8a74,0.0001
14240521,1645327646.0,0x4c5433403b3013ab4da1c60f8c374ce1daf4ea3d,0x3e0defb880cd8e163bad68abe66437f99a7a8a74,0.0001
14240549,1645328056.0,0x6fb3fe8b8a9e5a3396b5fce9f61cae179a8d1e2b,0x3e0defb880cd8e163bad68abe66437f99a7a8a74,0.0
14240549,1645328056.0,0x6fb3fe8b8a9e5a3396b5fce9f61cae179a8d1e2b,0x3e0defb880cd8e163bad68abe66437f99a7a8a74,0.0
14240549,1645328056.0,0x6fb3fe8b8a9e5a3396b5fce9f61cae179a8d1e2b,0x3e0defb880cd8e163bad68abe66437f99a7a8a74,0.0
14240549,1645328056.0,0x6fb3fe8b8a9e5a3396b5fce9f61cae179a8d1e2b,0x3e0defb880cd8e163bad68abe66437f99a7a8a74,0.0
14240549,1645328056.0,0x6fb3fe8b8a9e5a3396b5fce9f61cae179a8d1e2b,0x3e0defb880cd8e163bad68abe66437f99a7a8a74,0.0
14240549,1645328056.0,0x6fb3fe8b8a9e5a3396b5fce9f61cae179a8d1e2b,0x3e0defb880cd8e163bad68abe66437f99a7a8a74,0.0
14240550,1645328068.0,0x6fb3fe8b8a9e5a3396b5fce9f61cae179a8d1e2b,0x3e0defb880cd8e163bad68abe66437f99a7a8a74,0.0
14240550,1645328068.0,0x6fb3fe8b8a9e5a3396b5fce9f61cae179a8d1e2b,0x3e0defb880cd8e163bad68abe66437f99a7a8a74,0.0
14240550,1645328068.0,0x6fb3fe8b8a9e5a3396b5fce9f61cae179a8d1e2b,0x3e0defb880cd8e163bad68abe66437f99a7a8a74,0.0
14240550,1645328068.0,0x6fb3fe8b8a9e5a3396b5fce9f61cae179a8d1e2b,0x3e0defb880cd8e163bad68abe66437f99a7a8a74,0.0
14240550,1645328068.0,0x6fb3fe8b8a9e5a3396b5fce9f61cae179a8d1e2b,0x3e0defb880cd8e163bad68abe66437f99a7a8a74,0.0
14240550,1645328068.0,0x6fb3fe8b8a9e5a3396b5fce9f61cae179a8d1e2b,0x3e0defb880cd8e163bad68abe66437f99a7a8a74,0.0
14240550,1645328068.0,0x6fb3fe8b8a9e5a3396b5fce9f61cae179a8d1e2b,0x3e0defb880cd8e163bad68abe66437f99a7a8a74,0.0
14240550,1645328068.0,0x6fb3fe8b8a9e5a3396b5fce9f61cae179a8d1e2b,0x3e0defb880cd8e163bad68abe66437f99a7a8a74,0.0
14240550,1645328068.0,0x6fb3fe8b8a9e5a3396b5fce9f61cae179a8d1e2b,0x3e0defb880cd8e163bad68abe66437f99a7a8a74,0.0
14240550,1645328068.0,0x6fb3fe8b8a9e5a3396b5fce9f61cae179a8d1e2b,0x3e0defb880cd8e163bad68abe66437f99a7a8a74,0.0
14240550,1645328068.0,0x6fb3fe8b8a9e5a3396b5fce9f61cae179a8d1e2b,0x3e0defb880cd8e163bad68abe66437f99a7a8a74,0.0
14240550,1645328068.0,0x6fb3fe8b8a9e5a3396b5fce9f61cae179a8d1e2b,0x3e0defb880cd8e163bad68abe66437f99a7a8a74,0.0
14240550,1645328068.0,0x6fb3fe8b8a9e5a3396b5fce9f61cae179a8d1e2b,0x3e0defb880cd8e163bad68abe66437f99a7a8a74,0.0
14240550,1645328068.0,0x6fb3fe8b8a9e5a3396b5fce9f61cae179a8d1e2b,0x3e0defb880cd8e163bad68abe66437f99a7a8a74,0.0
14240550,1645328068.0,0x6fb3fe8b8a9e5a3396b5fce9f61cae179a8d1e2b,0x3e0defb880cd8e163bad68abe66437f99a7a8a74,0.0
14240550,1645328068.0,0x6fb3fe8b8a9e5a3396b5fce9f61cae179a8d1e2b,0x3e0defb880cd8e163bad68abe66437f99a7a8a74,0.0
14240550,1645328068.0,0x6fb3fe8b8a9e5a3396b5fce9f61cae179a8d1e2b,0x3e0defb880cd8e163bad68abe66437f99a7a8a74,0.0
14240559,1645328181.0,0x4c5433403b3013ab4da1c60f8c374ce1daf4ea3d,0x3e0defb880cd8e163bad68abe66437f99a7a8a74,6.9e-05
14240581,1645328523.0,0x2e2a5f6bae8de7606d9174f6a4b0acca62a33baf,0x3e0defb880cd8e163bad68abe66437f99a7a8a74,0.0
14241172,1645336057.0,0x698e41734141ab1557a6c9e1bfdfbc875248336b,0x3e0defb880cd8e163bad68abe66437f99a7a8a74,0.0001
14241325,1645338338.0,0xdd02dd6b8f147cc6f96fa33b91fbfb27dfdcef8f,0x3e0defb880cd8e163bad68abe66437f99a7a8a74,0.0037953688908793
14242044,1645348231.0,0x077d9955290d7457fcd211504ac4bd2de29b45bd,0x3e0defb880cd8e163bad68abe66437f99a7a8a74,0.0001
14242069,1645348549.0,0x077d9955290d7457fcd211504ac4bd2de29b45bd,0x3e0defb880cd8e163bad68abe66437f99a7a8a74,0.0
14242090,1645348793.0,0x6bd3f81a9a8adb4cb0ad56802c89576d242e4086,0x3e0defb880cd8e163bad68abe66437f99a7a8a74,0.0
14242091,1645348809.0,0x077d9955290d7457fcd211504ac4bd2de29b45bd,0x3e0defb880cd8e163bad68abe66437f99a7a8a74,0.0
14242117,1645349230.0,0x077d9955290d7457fcd211504ac4bd2de29b45bd,0x3e0defb880cd8e163bad68abe66437f99a7a8a74,0.0
14242156,1645349703.0,0x6bd3f81a9a8adb4cb0ad56802c89576d242e4086,0x3e0defb880cd8e163bad68abe66437f99a7a8a74,0.0
14242156,1645349703.0,0x6bd3f81a9a8adb4cb0ad56802c89576d242e4086,0x3e0defb880cd8e163bad68abe66437f99a7a8a74,0.0
14242156,1645349703.0,0x6bd3f81a9a8adb4cb0ad56802c89576d242e4086,0x3e0defb880cd8e163bad68abe66437f99a7a8a74,0.0
14242241,1645350877.0,0x2e070c673f054268b9aadf3add348e8cfae1254e,0x3e0defb880cd8e163bad68abe66437f99a7a8a74,0.001
14242423,1645353022.0,0x3e0defb880cd8e163bad68abe66437f99a7a8a74,0x722122df12d4e14e13ac3b6895a86e84145b6967,10.0
14242558,1645355012.0,0x3e0defb880cd8e163bad68abe66437f99a7a8a74,0x60e4d786628fea6478f785a6d7e704777c86a7c6,0.0
14242560,1645355055.0,0x3e0defb880cd8e163bad68abe66437f99a7a8a74,0x59728544b08ab483533076417fbbb2fd0b17ce3a,0.0
14242560,1645355055.0,0x3e0defb880cd8e163bad68abe66437f99a7a8a74,0x60e4d786628fea6478f785a6d7e704777c86a7c6,0.0
14242561,1645355084.0,0x3e0defb880cd8e163bad68abe66437f99a7a8a74,0x59728544b08ab483533076417fbbb2fd0b17ce3a,0.0
14242561,1645355084.0,0x3e0defb880cd8e163bad68abe66437f99a7a8a74,0xbc4ca0eda7647a8ab7c2061c2e118a18a936f13d,0.0
14242562,1645355117.0,0x3e0defb880cd8e163bad68abe66437f99a7a8a74,0x1a92f7381b9f03921564a437210bb9396471050c,0.0
14242567,1645355195.0,0x3e0defb880cd8e163bad68abe66437f99a7a8a74,0x8a90cab2b38dba80c64b7734e58ee1db38b8992e,0.0
14242567,1645355195.0,0x3e0defb880cd8e163bad68abe66437f99a7a8a74,0x59728544b08ab483533076417fbbb2fd0b17ce3a,0.0
14242571,1645355228.0,0x3e0defb880cd8e163bad68abe66437f99a7a8a74,0x59728544b08ab483533076417fbbb2fd0b17ce3a,0.0
14242571,1645355228.0,0x3e0defb880cd8e163bad68abe66437f99a7a8a74,0xed5af388653567af2f388e6224dc7c4b3241c544,0.0
14242576,1645355299.0,0x6bd3f81a9a8adb4cb0ad56802c89576d242e4086,0x3e0defb880cd8e163bad68abe66437f99a7a8a74,0.0
14242580,1645355330.0,0x6bd3f81a9a8adb4cb0ad56802c89576d242e4086,0x3e0defb880cd8e163bad68abe66437f99a7a8a74,0.0
14242582,1645355339.0,0x3e0defb880cd8e163bad68abe66437f99a7a8a74,0x49cf6f5d44e70224e2e23fdcdd2c053f30ada28b,0.0
14242583,1645355360.0,0x6bd3f81a9a8adb4cb0ad56802c89576d242e4086,0x3e0defb880cd8e163bad68abe66437f99a7a8a74,0.0
14242584,1645355386.0,0x6bd3f81a9a8adb4cb0ad56802c89576d242e4086,0x3e0defb880cd8e163bad68abe66437f99a7a8a74,0.0003
14242586,1645355405.0,0x6bd3f81a9a8adb4cb0ad56802c89576d242e4086,0x3e0defb880cd8e163bad68abe66437f99a7a8a74,3e-06
14242587,1645355426.0,0x3e0defb880cd8e163bad68abe66437f99a7a8a74,0xa5c0bd78d1667c13bfb403e2a3336871396713c5,0.0
14242591,1645355481.0,0x6bd3f81a9a8adb4cb0ad56802c89576d242e4086,0x3e0defb880cd8e163bad68abe66437f99a7a8a74,0.0005
14242591,1645355481.0,0x3e0defb880cd8e163bad68abe66437f99a7a8a74,0x59728544b08ab483533076417fbbb2fd0b17ce3a,0.0
14242592,1645355508.0,0x6bd3f81a9a8adb4cb0ad56802c89576d242e4086,0x3e0defb880cd8e163bad68abe66437f99a7a8a74,5e-05
14242597,1645355636.0,0x6bd3f81a9a8adb4cb0ad56802c89576d242e4086,0x3e0defb880cd8e163bad68abe66437f99a7a8a74,0.00066
14242597,1645355636.0,0x6bd3f81a9a8adb4cb0ad56802c89576d242e4086,0x3e0defb880cd8e163bad68abe66437f99a7a8a74,0.0
14242609,1645355787.0,0x6bd3f81a9a8adb4cb0ad56802c89576d242e4086,0x3e0defb880cd8e163bad68abe66437f99a7a8a74,2e-06
14242610,1645355809.0,0x6bd3f81a9a8adb4cb0ad56802c89576d242e4086,0x3e0defb880cd8e163bad68abe66437f99a7a8a74,1.010101e-06
14242634,1645356107.0,0x6bd3f81a9a8adb4cb0ad56802c89576d242e4086,0x3e0defb880cd8e163bad68abe66437f99a7a8a74,1.010101e-07
14242634,1645356107.0,0x6bd3f81a9a8adb4cb0ad56802c89576d242e4086,0x3e0defb880cd8e163bad68abe66437f99a7a8a74,2.020202e-07
14242639,1645356157.0,0x6bd3f81a9a8adb4cb0ad56802c89576d242e4086,0x3e0defb880cd8e163bad68abe66437f99a7a8a74,3.030303e-06
14242656,1645356390.0,0xa4a6f061dd72ffd5132a7d5765845a1fbcf6e792,0x3e0defb880cd8e163bad68abe66437f99a7a8a74,0.0001337
14242675,1645356637.0,0x3e0defb880cd8e163bad68abe66437f99a7a8a74,0xa2c0946ad444dccf990394c5cbe019a858a945bd,0.0
14242680,1645356730.0,0xf4fbacc5263d5cf362a68ce614cdf05d842b26a6,0x3e0defb880cd8e163bad68abe66437f99a7a8a74,0.00069
14242683,1645356770.0,0xf4fbacc5263d5cf362a68ce614cdf05d842b26a6,0x3e0defb880cd8e163bad68abe66437f99a7a8a74,0.00042
14242692,1645356897.0,0x6bd3f81a9a8adb4cb0ad56802c89576d242e4086,0x3e0defb880cd8e163bad68abe66437f99a7a8a74,0.0
14242696,1645356963.0,0x6bd3f81a9a8adb4cb0ad56802c89576d242e4086,0x3e0defb880cd8e163bad68abe66437f99a7a8a74,2.2222222222e-06
14242696,1645356963.0,0x6bd3f81a9a8adb4cb0ad56802c89576d242e4086,0x3e0defb880cd8e163bad68abe66437f99a7a8a74,0.0
14242699,1645357001.0,0x6bd3f81a9a8adb4cb0ad56802c89576d242e4086,0x3e0defb880cd8e163bad68abe66437f99a7a8a74,1.111111e-08
14242700,1645357021.0,0x6bd3f81a9a8adb4cb0ad56802c89576d242e4086,0x3e0defb880cd8e163bad68abe66437f99a7a8a74,1.111111e-06
14242827,1645358935.0,0x3e0defb880cd8e163bad68abe66437f99a7a8a74,0x59728544b08ab483533076417fbbb2fd0b17ce3a,0.0
14242830,1645358956.0,0x3e0defb880cd8e163bad68abe66437f99a7a8a74,0x59728544b08ab483533076417fbbb2fd0b17ce3a,0.0
14242833,1645359001.0,0x3e0defb880cd8e163bad68abe66437f99a7a8a74,0x59728544b08ab483533076417fbbb2fd0b17ce3a,0.0
14242836,1645359029.0,0x3e0defb880cd8e163bad68abe66437f99a7a8a74,0x59728544b08ab483533076417fbbb2fd0b17ce3a,0.0
14242838,1645359059.0,0x3e0defb880cd8e163bad68abe66437f99a7a8a74,0x59728544b08ab483533076417fbbb2fd0b17ce3a,0.0
14242841,1645359130.0,0x3e0defb880cd8e163bad68abe66437f99a7a8a74,0x59728544b08ab483533076417fbbb2fd0b17ce3a,0.0
14242844,1645359159.0,0x3e0defb880cd8e163bad68abe66437f99a7a8a74,0x59728544b08ab483533076417fbbb2fd0b17ce3a,0.0
14242844,1645359159.0,0xb381d2fcb4d15b2c7e4126426eb30489681fd1c7,0x3e0defb880cd8e163bad68abe66437f99a7a8a74,0.0
14242848,1645359175.0,0x3e0defb880cd8e163bad68abe66437f99a7a8a74,0x59728544b08ab483533076417fbbb2fd0b17ce3a,0.0
14242849,1645359224.0,0x3e0defb880cd8e163bad68abe66437f99a7a8a74,0x59728544b08ab483533076417fbbb2fd0b17ce3a,0.0
14242849,1645359224.0,0x3e0defb880cd8e163bad68abe66437f99a7a8a74,0x59728544b08ab483533076417fbbb2fd0b17ce3a,0.0
14242850,1645359245.0,0x3e0defb880cd8e163bad68abe66437f99a7a8a74,0x59728544b08ab483533076417fbbb2fd0b17ce3a,0.0
14242854,1645359281.0,0x3e0defb880cd8e163bad68abe66437f99a7a8a74,0x59728544b08ab483533076417fbbb2fd0b17ce3a,0.0
14242856,1645359295.0,0x3e0defb880cd8e163bad68abe66437f99a7a8a74,0x59728544b08ab483533076417fbbb2fd0b17ce3a,0.0
14242860,1645359405.0,0x6bd3f81a9a8adb4cb0ad56802c89576d242e4086,0x3e0defb880cd8e163bad68abe66437f99a7a8a74,0.0
14242860,1645359405.0,0x6bd3f81a9a8adb4cb0ad56802c89576d242e4086,0x3e0defb880cd8e163bad68abe66437f99a7a8a74,0.0
14242860,1645359405.0,0x3e0defb880cd8e163bad68abe66437f99a7a8a74,0x59728544b08ab483533076417fbbb2fd0b17ce3a,0.0
14242861,1645359432.0,0x6bd3f81a9a8adb4cb0ad56802c89576d242e4086,0x3e0defb880cd8e163bad68abe66437f99a7a8a74,0.0
14242865,1645359464.0,0x6bd3f81a9a8adb4cb0ad56802c89576d242e4086,0x3e0defb880cd8e163bad68abe66437f99a7a8a74,0.0
14242866,1645359470.0,0x3e0defb880cd8e163bad68abe66437f99a7a8a74,0xed5af388653567af2f388e6224dc7c4b3241c544,0.0
14242867,1645359497.0,0xd9e1ce17f2641f24ae83637ab66a2cca9c378b9f,0x3e0defb880cd8e163bad68abe66437f99a7a8a74,21.3834254484696
14242867,1645359497.0,0x3e0defb880cd8e163bad68abe66437f99a7a8a74,0x0fc584529a2aefa997697fafacba5831fac0c22d,0.0
14242872,1645359570.0,0x3e0defb880cd8e163bad68abe66437f99a7a8a74,0x0fc584529a2aefa997697fafacba5831fac0c22d,0.0
14242872,1645359570.0,0xd9e1ce17f2641f24ae83637ab66a2cca9c378b9f,0x3e0defb880cd8e163bad68abe66437f99a7a8a74,37.28417713894809
14242877,1645359642.0,0x6bd3f81a9a8adb4cb0ad56802c89576d242e4086,0x3e0defb880cd8e163bad68abe66437f99a7a8a74,8e-07
14242882,1645359717.0,0xa5ec502a322dd8ed24f154c3a830475ca2d71e48,0x3e0defb880cd8e163bad68abe66437f99a7a8a74,0.0001
14242884,1645359745.0,0x3e0defb880cd8e163bad68abe66437f99a7a8a74,0x59728544b08ab483533076417fbbb2fd0b17ce3a,0.0
14242891,1645359788.0,0x6bd3f81a9a8adb4cb0ad56802c89576d242e4086,0x3e0defb880cd8e163bad68abe66437f99a7a8a74,0.0
14242892,1645359813.0,0x3e0defb880cd8e163bad68abe66437f99a7a8a74,0xc02aaa39b223fe8d0a0e5c4f27ead9083c756cc2,0.0
14242892,1645359813.0,0xc02aaa39b223fe8d0a0e5c4f27ead9083c756cc2,0x3e0defb880cd8e163bad68abe66437f99a7a8a74,350.143786323
14242895,1645359838.0,0x6bd3f81a9a8adb4cb0ad56802c89576d242e4086,0x3e0defb880cd8e163bad68abe66437f99a7a8a74,0.0
14242896,1645359849.0,0x6bd3f81a9a8adb4cb0ad56802c89576d242e4086,0x3e0defb880cd8e163bad68abe66437f99a7a8a74,0.0
14242896,1645359849.0,0x3e0defb880cd8e163bad68abe66437f99a7a8a74,0x722122df12d4e14e13ac3b6895a86e84145b6967,100.0
14242900,1645359892.0,0x3e0defb880cd8e163bad68abe66437f99a7a8a74,0x59728544b08ab483533076417fbbb2fd0b17ce3a,0.0
14242902,1645359898.0,0x6bd3f81a9a8adb4cb0ad56802c89576d242e4086,0x3e0defb880cd8e163bad68abe66437f99a7a8a74,0.0
14242902,1645359898.0,0x3e0defb880cd8e163bad68abe66437f99a7a8a74,0x722122df12d4e14e13ac3b6895a86e84145b6967,100.0
14242902,1645359898.0,0x3e0defb880cd8e163bad68abe66437f99a7a8a74,0x722122df12d4e14e13ac3b6895a86e84145b6967,100.0
14242903,1645359950.0,0x6bd3f81a9a8adb4cb0ad56802c89576d242e4086,0x3e0defb880cd8e163bad68abe66437f99a7a8a74,0.0
14242906,1645359987.0,0x6bd3f81a9a8adb4cb0ad56802c89576d242e4086,0x3e0defb880cd8e163bad68abe66437f99a7a8a74,0.0
14242906,1645359987.0,0x2b5e92781608ccd5f1dd8659e4431719bdb19f37,0x3e0defb880cd8e163bad68abe66437f99a7a8a74,0.001
14242906,1645359987.0,0x3e0defb880cd8e163bad68abe66437f99a7a8a74,0xc02aaa39b223fe8d0a0e5c4f27ead9083c756cc2,0.0
14242906,1645359987.0,0x3e0defb880cd8e163bad68abe66437f99a7a8a74,0x722122df12d4e14e13ac3b6895a86e84145b6967,100.0
14242906,1645359987.0,0xc02aaa39b223fe8d0a0e5c4f27ead9083c756cc2,0x3e0defb880cd8e163bad68abe66437f99a7a8a74,68.76
14242907,1645360022.0,0x3e0defb880cd8e163bad68abe66437f99a7a8a74,0x722122df12d4e14e13ac3b6895a86e84145b6967,100.0
14242907,1645360022.0,0x3e0defb880cd8e163bad68abe66437f99a7a8a74,0x722122df12d4e14e13ac3b6895a86e84145b6967,100.0
14242908,1645360040.0,0xa5ec502a322dd8ed24f154c3a830475ca2d71e48,0x3e0defb880cd8e163bad68abe66437f99a7a8a74,0.0001
14242908,1645360040.0,0x3e0defb880cd8e163bad68abe66437f99a7a8a74,0x722122df12d4e14e13ac3b6895a86e84145b6967,100.0
14242908,1645360040.0,0x3e0defb880cd8e163bad68abe66437f99a7a8a74,0x722122df12d4e14e13ac3b6895a86e84145b6967,100.0
14242908,1645360040.0,0x3e0defb880cd8e163bad68abe66437f99a7a8a74,0x722122df12d4e14e13ac3b6895a86e84145b6967,100.0
14242908,1645360040.0,0x3e0defb880cd8e163bad68abe66437f99a7a8a74,0x722122df12d4e14e13ac3b6895a86e84145b6967,100.0
14242908,1645360040.0,0x6bd3f81a9a8adb4cb0ad56802c89576d242e4086,0x3e0defb880cd8e163bad68abe66437f99a7a8a74,0.0
14242908,1645360040.0,0x3e0defb880cd8e163bad68abe66437f99a7a8a74,0x722122df12d4e14e13ac3b6895a86e84145b6967,100.0
14242909,1645360104.0,0x6bd3f81a9a8adb4cb0ad56802c89576d242e4086,0x3e0defb880cd8e163bad68abe66437f99a7a8a74,0.0
14242912,1645360134.0,0x6bd3f81a9a8adb4cb0ad56802c89576d242e4086,0x3e0defb880cd8e163bad68abe66437f99a7a8a74,0.0
14242912,1645360134.0,0x3e0defb880cd8e163bad68abe66437f99a7a8a74,0x722122df12d4e14e13ac3b6895a86e84145b6967,1.0
14242912,1645360134.0,0x6bd3f81a9a8adb4cb0ad56802c89576d242e4086,0x3e0defb880cd8e163bad68abe66437f99a7a8a74,7.7e-06
14242915,1645360183.0,0x3e0defb880cd8e163bad68abe66437f99a7a8a74,0x722122df12d4e14e13ac3b6895a86e84145b6967,1.0
14242915,1645360183.0,0x3e0defb880cd8e163bad68abe66437f99a7a8a74,0x722122df12d4e14e13ac3b6895a86e84145b6967,1.0
14242916,1645360199.0,0x6bd3f81a9a8adb4cb0ad56802c89576d242e4086,0x3e0defb880cd8e163bad68abe66437f99a7a8a74,0.0
14242916,1645360199.0,0x3e0defb880cd8e163bad68abe66437f99a7a8a74,0x722122df12d4e14e13ac3b6895a86e84145b6967,1.0
14242917,1645360216.0,0x3e0defb880cd8e163bad68abe66437f99a7a8a74,0x722122df12d4e14e13ac3b6895a86e84145b6967,1.0
14242930,1645360312.0,0x6bd3f81a9a8adb4cb0ad56802c89576d242e4086,0x3e0defb880cd8e163bad68abe66437f99a7a8a74,0.0
14242936,1645360387.0,0x6bd3f81a9a8adb4cb0ad56802c89576d242e4086,0x3e0defb880cd8e163bad68abe66437f99a7a8a74,0.0
14242944,1645360525.0,0x6bd3f81a9a8adb4cb0ad56802c89576d242e4086,0x3e0defb880cd8e163bad68abe66437f99a7a8a74,0.0
14242946,1645360540.0,0x6bd3f81a9a8adb4cb0ad56802c89576d242e4086,0x3e0defb880cd8e163bad68abe66437f99a7a8a74,0.0
14242947,1645360568.0,0x6bd3f81a9a8adb4cb0ad56802c89576d242e4086,0x3e0defb880cd8e163bad68abe66437f99a7a8a74,0.0
14243507,1645368186.0,0x03cf40b900971561ac6bd997ef1fe939dcbc95e2,0x3e0defb880cd8e163bad68abe66437f99a7a8a74,0.0
14243508,1645368232.0,0x03cf40b900971561ac6bd997ef1fe939dcbc95e2,0x3e0defb880cd8e163bad68abe66437f99a7a8a74,0.0
14243509,1645368252.0,0x03cf40b900971561ac6bd997ef1fe939dcbc95e2,0x3e0defb880cd8e163bad68abe66437f99a7a8a74,0.0
14243509,1645368252.0,0x03cf40b900971561ac6bd997ef1fe939dcbc95e2,0x3e0defb880cd8e163bad68abe66437f99a7a8a74,0.0
14243510,1645368267.0,0x03cf40b900971561ac6bd997ef1fe939dcbc95e2,0x3e0defb880cd8e163bad68abe66437f99a7a8a74,0.0
14243510,1645368267.0,0x03cf40b900971561ac6bd997ef1fe939dcbc95e2,0x3e0defb880cd8e163bad68abe66437f99a7a8a74,0.0
14243510,1645368267.0,0x03cf40b900971561ac6bd997ef1fe939dcbc95e2,0x3e0defb880cd8e163bad68abe66437f99a7a8a74,0.0
14243510,1645368267.0,0x03cf40b900971561ac6bd997ef1fe939dcbc95e2,0x3e0defb880cd8e163bad68abe66437f99a7a8a74,0.0
14243511,1645368317.0,0x03cf40b900971561ac6bd997ef1fe939dcbc95e2,0x3e0defb880cd8e163bad68abe66437f99a7a8a74,0.0
14243511,1645368317.0,0x03cf40b900971561ac6bd997ef1fe939dcbc95e2,0x3e0defb880cd8e163bad68abe66437f99a7a8a74,0.0
14243512,1645368340.0,0x03cf40b900971561ac6bd997ef1fe939dcbc95e2,0x3e0defb880cd8e163bad68abe66437f99a7a8a74,0.0
14243513,1645368349.0,0x03cf40b900971561ac6bd997ef1fe939dcbc95e2,0x3e0defb880cd8e163bad68abe66437f99a7a8a74,0.0
14243513,1645368349.0,0x03cf40b900971561ac6bd997ef1fe939dcbc95e2,0x3e0defb880cd8e163bad68abe66437f99a7a8a74,0.0
14243514,1645368369.0,0x03cf40b900971561ac6bd997ef1fe939dcbc95e2,0x3e0defb880cd8e163bad68abe66437f99a7a8a74,0.0
14243516,1645368380.0,0x03cf40b900971561ac6bd997ef1fe939dcbc95e2,0x3e0defb880cd8e163bad68abe66437f99a7a8a74,0.0
14243517,1645368394.0,0x03cf40b900971561ac6bd997ef1fe939dcbc95e2,0x3e0defb880cd8e163bad68abe66437f99a7a8a74,0.0
14243519,1645368409.0,0x03cf40b900971561ac6bd997ef1fe939dcbc95e2,0x3e0defb880cd8e163bad68abe66437f99a7a8a74,0.0
14243519,1645368409.0,0x03cf40b900971561ac6bd997ef1fe939dcbc95e2,0x3e0defb880cd8e163bad68abe66437f99a7a8a74,0.0
14243521,1645368429.0,0x03cf40b900971561ac6bd997ef1fe939dcbc95e2,0x3e0defb880cd8e163bad68abe66437f99a7a8a74,0.0
14243521,1645368429.0,0x03cf40b900971561ac6bd997ef1fe939dcbc95e2,0x3e0defb880cd8e163bad68abe66437f99a7a8a74,0.0
14243521,1645368429.0,0x03cf40b900971561ac6bd997ef1fe939dcbc95e2,0x3e0defb880cd8e163bad68abe66437f99a7a8a74,0.0
14243522,1645368458.0,0x03cf40b900971561ac6bd997ef1fe939dcbc95e2,0x3e0defb880cd8e163bad68abe66437f99a7a8a74,0.0
14243522,1645368458.0,0x03cf40b900971561ac6bd997ef1fe939dcbc95e2,0x3e0defb880cd8e163bad68abe66437f99a7a8a74,0.0
14243522,1645368458.0,0x03cf40b900971561ac6bd997ef1fe939dcbc95e2,0x3e0defb880cd8e163bad68abe66437f99a7a8a74,0.0
14243523,1645368486.0,0x03cf40b900971561ac6bd997ef1fe939dcbc95e2,0x3e0defb880cd8e163bad68abe66437f99a7a8a74,0.0
14243524,1645368506.0,0x03cf40b900971561ac6bd997ef1fe939dcbc95e2,0x3e0defb880cd8e163bad68abe66437f99a7a8a74,0.0
14250732,1645464170.0,0xd690758a425ed7b2e3a225c2b40bc65300c67d4f,0x3e0defb880cd8e163bad68abe66437f99a7a8a74,0.0
14267456,1645687812.0,0xd152f549545093347a162dce210e7293f1452150,0x3e0defb880cd8e163bad68abe66437f99a7a8a74,0.032
14279657,1645851147.0,0x060873dcda39bcf97333424762434ca251abeb57,0x3e0defb880cd8e163bad68abe66437f99a7a8a74,1e-05
15663447,1664749667.0,0x1def12e54c45e179a3b8ac66b584972ff6673e4b,0x3e0defb880cd8e163bad68abe66437f99a7a8a74,1e-05
17018067,1681133003.0,0xef9b05f8a3fd7f6a76643eda7bfa2094b8c06ace,0x3e0defb880cd8e163bad68abe66437f99a7a8a74,0.01111
