BlockHeight,TimeStamp,From,To,Value
15813631,1666562111.0,0xcf029434161a9f94acf41ed40f9a05cc8ade03ab,,0.0
15813638,1666562207.0,0xcf029434161a9f94acf41ed40f9a05cc8ade03ab,0x40a7b518ea0dfb512e1d99e30d2a58f3c62b22b2,0.0
15813644,1666562279.0,0xcf029434161a9f94acf41ed40f9a05cc8ade03ab,0x40a7b518ea0dfb512e1d99e30d2a58f3c62b22b2,0.0
15813649,1666562339.0,0xcf029434161a9f94acf41ed40f9a05cc8ade03ab,0x40a7b518ea0dfb512e1d99e30d2a58f3c62b22b2,0.0
15813651,1666562363.0,0xcf029434161a9f94acf41ed40f9a05cc8ade03ab,0x40a7b518ea0dfb512e1d99e30d2a58f3c62b22b2,0.0
15813655,1666562411.0,0xcf029434161a9f94acf41ed40f9a05cc8ade03ab,0x40a7b518ea0dfb512e1d99e30d2a58f3c62b22b2,0.0
15813659,1666562459.0,0xcf029434161a9f94acf41ed40f9a05cc8ade03ab,0x40a7b518ea0dfb512e1d99e30d2a58f3c62b22b2,0.0
15813666,1666562543.0,0xcf029434161a9f94acf41ed40f9a05cc8ade03ab,0x40a7b518ea0dfb512e1d99e30d2a58f3c62b22b2,0.0
15813669,1666562579.0,0xcf029434161a9f94acf41ed40f9a05cc8ade03ab,0x40a7b518ea0dfb512e1d99e30d2a58f3c62b22b2,0.0
15813672,1666562615.0,0xcf029434161a9f94acf41ed40f9a05cc8ade03ab,0x40a7b518ea0dfb512e1d99e30d2a58f3c62b22b2,0.0
15813675,1666562651.0,0xcf029434161a9f94acf41ed40f9a05cc8ade03ab,0x40a7b518ea0dfb512e1d99e30d2a58f3c62b22b2,0.0
15813680,1666562711.0,0xcf029434161a9f94acf41ed40f9a05cc8ade03ab,0x40a7b518ea0dfb512e1d99e30d2a58f3c62b22b2,0.0
15813682,1666562735.0,0xcf029434161a9f94acf41ed40f9a05cc8ade03ab,0x40a7b518ea0dfb512e1d99e30d2a58f3c62b22b2,0.0
15813684,1666562759.0,0xcf029434161a9f94acf41ed40f9a05cc8ade03ab,0x40a7b518ea0dfb512e1d99e30d2a58f3c62b22b2,0.0
15813686,1666562783.0,0xcf029434161a9f94acf41ed40f9a05cc8ade03ab,0x40a7b518ea0dfb512e1d99e30d2a58f3c62b22b2,0.0
15813690,1666562831.0,0xcf029434161a9f94acf41ed40f9a05cc8ade03ab,0x40a7b518ea0dfb512e1d99e30d2a58f3c62b22b2,0.0
15813701,1666562963.0,0xcf029434161a9f94acf41ed40f9a05cc8ade03ab,0x40a7b518ea0dfb512e1d99e30d2a58f3c62b22b2,0.0
15813707,1666563035.0,0xcf029434161a9f94acf41ed40f9a05cc8ade03ab,0x40a7b518ea0dfb512e1d99e30d2a58f3c62b22b2,0.0
15813716,1666563143.0,0xcf029434161a9f94acf41ed40f9a05cc8ade03ab,0x40a7b518ea0dfb512e1d99e30d2a58f3c62b22b2,0.0
15813728,1666563287.0,0xcf029434161a9f94acf41ed40f9a05cc8ade03ab,0x40a7b518ea0dfb512e1d99e30d2a58f3c62b22b2,0.0
15813731,1666563323.0,0xcf029434161a9f94acf41ed40f9a05cc8ade03ab,0x40a7b518ea0dfb512e1d99e30d2a58f3c62b22b2,0.0
15813746,1666563515.0,0xcf029434161a9f94acf41ed40f9a05cc8ade03ab,0x40a7b518ea0dfb512e1d99e30d2a58f3c62b22b2,0.0
15815050,1666579319.0,0xb33cfb440606a433744c8cc630deb910e46740e1,0x40a7b518ea0dfb512e1d99e30d2a58f3c62b22b2,0.0
15815066,1666579511.0,0x37b139df35562511eb8ea38eb47b4dd4853c6b6e,0x40a7b518ea0dfb512e1d99e30d2a58f3c62b22b2,0.0
15815097,1666579883.0,0xcf029434161a9f94acf41ed40f9a05cc8ade03ab,0x40a7b518ea0dfb512e1d99e30d2a58f3c62b22b2,0.0
15815102,1666579943.0,0x97d8870f51569f384838488953f6a0512404e2c2,0x40a7b518ea0dfb512e1d99e30d2a58f3c62b22b2,0.0
15815112,1666580063.0,0xcf029434161a9f94acf41ed40f9a05cc8ade03ab,0x40a7b518ea0dfb512e1d99e30d2a58f3c62b22b2,0.0
15815119,1666580147.0,0xf18ea50ae523df1c2cdee081683d404740993258,0x40a7b518ea0dfb512e1d99e30d2a58f3c62b22b2,0.0
15815122,1666580183.0,0xcf029434161a9f94acf41ed40f9a05cc8ade03ab,0x40a7b518ea0dfb512e1d99e30d2a58f3c62b22b2,0.0
15815155,1666580579.0,0xcf029434161a9f94acf41ed40f9a05cc8ade03ab,0x40a7b518ea0dfb512e1d99e30d2a58f3c62b22b2,0.0
15815166,1666580711.0,0xcf029434161a9f94acf41ed40f9a05cc8ade03ab,0x40a7b518ea0dfb512e1d99e30d2a58f3c62b22b2,0.0
15815193,1666581035.0,0x1ba489f10cc3867748995aa4ae75223f0dedc5cf,0x40a7b518ea0dfb512e1d99e30d2a58f3c62b22b2,0.0
15815206,1666581203.0,0xcf029434161a9f94acf41ed40f9a05cc8ade03ab,0x40a7b518ea0dfb512e1d99e30d2a58f3c62b22b2,0.0
15815218,1666581347.0,0xcf029434161a9f94acf41ed40f9a05cc8ade03ab,0x40a7b518ea0dfb512e1d99e30d2a58f3c62b22b2,0.0
15815224,1666581419.0,0xb2fbed6506380118def42392aca40248ab0ae4a5,0x40a7b518ea0dfb512e1d99e30d2a58f3c62b22b2,0.0
15815234,1666581539.0,0xcf029434161a9f94acf41ed40f9a05cc8ade03ab,0x40a7b518ea0dfb512e1d99e30d2a58f3c62b22b2,0.0
15815239,1666581599.0,0xcf029434161a9f94acf41ed40f9a05cc8ade03ab,0x40a7b518ea0dfb512e1d99e30d2a58f3c62b22b2,0.0
15815273,1666582007.0,0xdd8873b10cf3163b1a36ba4166f41638122e1083,0x40a7b518ea0dfb512e1d99e30d2a58f3c62b22b2,0.0
15815289,1666582199.0,0x08cf361a694cf425d3b426596d5ca0c72a51423e,0x40a7b518ea0dfb512e1d99e30d2a58f3c62b22b2,0.0
15815317,1666582535.0,0xcf029434161a9f94acf41ed40f9a05cc8ade03ab,0x40a7b518ea0dfb512e1d99e30d2a58f3c62b22b2,0.0
15815335,1666582751.0,0xcf029434161a9f94acf41ed40f9a05cc8ade03ab,0x40a7b518ea0dfb512e1d99e30d2a58f3c62b22b2,0.0
15815348,1666582907.0,0xfdfe6c5ff25836cb9112ca334bbf8ba9f6311507,0x40a7b518ea0dfb512e1d99e30d2a58f3c62b22b2,0.0
15815390,1666583411.0,0x410f42da616cea6442e167e7959de0418bc9df3e,0x40a7b518ea0dfb512e1d99e30d2a58f3c62b22b2,0.0
15815392,1666583435.0,0xcf029434161a9f94acf41ed40f9a05cc8ade03ab,0x40a7b518ea0dfb512e1d99e30d2a58f3c62b22b2,0.0
15815410,1666583651.0,0xb33cfb440606a433744c8cc630deb910e46740e1,0x40a7b518ea0dfb512e1d99e30d2a58f3c62b22b2,0.0
15815429,1666583879.0,0xcf029434161a9f94acf41ed40f9a05cc8ade03ab,0x40a7b518ea0dfb512e1d99e30d2a58f3c62b22b2,0.0
15815430,1666583891.0,0x56140d87f51663489ffe3f75fbdc76fe327185b6,0x40a7b518ea0dfb512e1d99e30d2a58f3c62b22b2,0.0
15815439,1666583999.0,0xf5b9256483315de20878bee22d8fde3ca1904e91,0x40a7b518ea0dfb512e1d99e30d2a58f3c62b22b2,0.0
15815439,1666583999.0,0xf5b9256483315de20878bee22d8fde3ca1904e91,0x40a7b518ea0dfb512e1d99e30d2a58f3c62b22b2,0.0
15815449,1666584119.0,0xcf029434161a9f94acf41ed40f9a05cc8ade03ab,0x40a7b518ea0dfb512e1d99e30d2a58f3c62b22b2,0.0
15815461,1666584263.0,0xcf029434161a9f94acf41ed40f9a05cc8ade03ab,0x40a7b518ea0dfb512e1d99e30d2a58f3c62b22b2,0.0
15815534,1666585151.0,0xcf029434161a9f94acf41ed40f9a05cc8ade03ab,0x40a7b518ea0dfb512e1d99e30d2a58f3c62b22b2,0.0
15815598,1666585919.0,0x410f42da616cea6442e167e7959de0418bc9df3e,0x40a7b518ea0dfb512e1d99e30d2a58f3c62b22b2,0.0
15815722,1666587419.0,0xcf029434161a9f94acf41ed40f9a05cc8ade03ab,0x40a7b518ea0dfb512e1d99e30d2a58f3c62b22b2,0.0
