BlockHeight,TimeStamp,From,To,Value
14444475,1648064094.0,0xb3dce565bfdafbcf3c9600be892b7ce24e0d16e1,,0.0
14444491,1648064361.0,0x527f76b3af70be3871d89da347cc7a7016c1a0b3,0x416bf8ffff8e99408abbfb35536d89cd0adaa764,0.0
14444509,1648064616.0,0x527f76b3af70be3871d89da347cc7a7016c1a0b3,0x416bf8ffff8e99408abbfb35536d89cd0adaa764,0.0
14448720,1648121542.0,0x527f76b3af70be3871d89da347cc7a7016c1a0b3,0x416bf8ffff8e99408abbfb35536d89cd0adaa764,0.0
14448732,1648121689.0,0x527f76b3af70be3871d89da347cc7a7016c1a0b3,0x416bf8ffff8e99408abbfb35536d89cd0adaa764,0.0
14448737,1648121774.0,0xb3dce565bfdafbcf3c9600be892b7ce24e0d16e1,0x416bf8ffff8e99408abbfb35536d89cd0adaa764,0.0
14448785,1648122710.0,0xb3dce565bfdafbcf3c9600be892b7ce24e0d16e1,0x416bf8ffff8e99408abbfb35536d89cd0adaa764,0.0
14448864,1648123696.0,0xb3dce565bfdafbcf3c9600be892b7ce24e0d16e1,0x416bf8ffff8e99408abbfb35536d89cd0adaa764,0.0
14449012,1648125613.0,0xb3dce565bfdafbcf3c9600be892b7ce24e0d16e1,0x416bf8ffff8e99408abbfb35536d89cd0adaa764,0.0
14449235,1648128420.0,0xb3dce565bfdafbcf3c9600be892b7ce24e0d16e1,0x416bf8ffff8e99408abbfb35536d89cd0adaa764,0.0
14449304,1648129413.0,0xb3dce565bfdafbcf3c9600be892b7ce24e0d16e1,0x416bf8ffff8e99408abbfb35536d89cd0adaa764,0.0
14449948,1648137617.0,0xb3dce565bfdafbcf3c9600be892b7ce24e0d16e1,0x416bf8ffff8e99408abbfb35536d89cd0adaa764,0.0
14450992,1648151883.0,0xb3dce565bfdafbcf3c9600be892b7ce24e0d16e1,0x416bf8ffff8e99408abbfb35536d89cd0adaa764,0.0
14451381,1648157131.0,0xb3dce565bfdafbcf3c9600be892b7ce24e0d16e1,0x416bf8ffff8e99408abbfb35536d89cd0adaa764,0.0
14451429,1648157869.0,0xb3dce565bfdafbcf3c9600be892b7ce24e0d16e1,0x416bf8ffff8e99408abbfb35536d89cd0adaa764,0.0
14451556,1648159527.0,0xb3dce565bfdafbcf3c9600be892b7ce24e0d16e1,0x416bf8ffff8e99408abbfb35536d89cd0adaa764,0.0
14451653,1648160861.0,0xb3dce565bfdafbcf3c9600be892b7ce24e0d16e1,0x416bf8ffff8e99408abbfb35536d89cd0adaa764,0.0
14451821,1648163087.0,0x8e10987533afe209fb2b2295eb12172a78dede09,0x416bf8ffff8e99408abbfb35536d89cd0adaa764,0.12
14451870,1648163846.0,0xb3dce565bfdafbcf3c9600be892b7ce24e0d16e1,0x416bf8ffff8e99408abbfb35536d89cd0adaa764,0.0
14452122,1648166937.0,0xb3dce565bfdafbcf3c9600be892b7ce24e0d16e1,0x416bf8ffff8e99408abbfb35536d89cd0adaa764,0.0
14452125,1648166960.0,0xb3dce565bfdafbcf3c9600be892b7ce24e0d16e1,0x416bf8ffff8e99408abbfb35536d89cd0adaa764,0.0
14452199,1648168011.0,0xb3dce565bfdafbcf3c9600be892b7ce24e0d16e1,0x416bf8ffff8e99408abbfb35536d89cd0adaa764,0.0
14452358,1648170095.0,0xb3dce565bfdafbcf3c9600be892b7ce24e0d16e1,0x416bf8ffff8e99408abbfb35536d89cd0adaa764,0.0
14455330,1648209900.0,0xb3dce565bfdafbcf3c9600be892b7ce24e0d16e1,0x416bf8ffff8e99408abbfb35536d89cd0adaa764,0.0
14455419,1648211084.0,0xb3dce565bfdafbcf3c9600be892b7ce24e0d16e1,0x416bf8ffff8e99408abbfb35536d89cd0adaa764,0.0
14455502,1648212305.0,0xb3dce565bfdafbcf3c9600be892b7ce24e0d16e1,0x416bf8ffff8e99408abbfb35536d89cd0adaa764,0.0
14455834,1648216542.0,0xb3dce565bfdafbcf3c9600be892b7ce24e0d16e1,0x416bf8ffff8e99408abbfb35536d89cd0adaa764,0.0
14456103,1648220148.0,0xb3dce565bfdafbcf3c9600be892b7ce24e0d16e1,0x416bf8ffff8e99408abbfb35536d89cd0adaa764,0.0
14456636,1648227344.0,0xb3dce565bfdafbcf3c9600be892b7ce24e0d16e1,0x416bf8ffff8e99408abbfb35536d89cd0adaa764,0.0
14456898,1648230948.0,0xb3dce565bfdafbcf3c9600be892b7ce24e0d16e1,0x416bf8ffff8e99408abbfb35536d89cd0adaa764,0.0
14457686,1648241748.0,0xb3dce565bfdafbcf3c9600be892b7ce24e0d16e1,0x416bf8ffff8e99408abbfb35536d89cd0adaa764,0.0
14458099,1648247426.0,0xb3dce565bfdafbcf3c9600be892b7ce24e0d16e1,0x416bf8ffff8e99408abbfb35536d89cd0adaa764,0.0
14459587,1648267364.0,0xb3dce565bfdafbcf3c9600be892b7ce24e0d16e1,0x416bf8ffff8e99408abbfb35536d89cd0adaa764,0.0
14459827,1648270326.0,0xb3dce565bfdafbcf3c9600be892b7ce24e0d16e1,0x416bf8ffff8e99408abbfb35536d89cd0adaa764,0.0
14460044,1648273330.0,0xb3dce565bfdafbcf3c9600be892b7ce24e0d16e1,0x416bf8ffff8e99408abbfb35536d89cd0adaa764,0.0
14460266,1648276325.0,0xb3dce565bfdafbcf3c9600be892b7ce24e0d16e1,0x416bf8ffff8e99408abbfb35536d89cd0adaa764,0.0
14460501,1648279316.0,0xb3dce565bfdafbcf3c9600be892b7ce24e0d16e1,0x416bf8ffff8e99408abbfb35536d89cd0adaa764,0.0
14460705,1648282295.0,0xb3dce565bfdafbcf3c9600be892b7ce24e0d16e1,0x416bf8ffff8e99408abbfb35536d89cd0adaa764,0.0
14460925,1648285321.0,0xb3dce565bfdafbcf3c9600be892b7ce24e0d16e1,0x416bf8ffff8e99408abbfb35536d89cd0adaa764,0.0
14461140,1648288326.0,0xb3dce565bfdafbcf3c9600be892b7ce24e0d16e1,0x416bf8ffff8e99408abbfb35536d89cd0adaa764,0.0
14461372,1648291323.0,0xb3dce565bfdafbcf3c9600be892b7ce24e0d16e1,0x416bf8ffff8e99408abbfb35536d89cd0adaa764,0.0
14461576,1648294321.0,0xb3dce565bfdafbcf3c9600be892b7ce24e0d16e1,0x416bf8ffff8e99408abbfb35536d89cd0adaa764,0.0
14462116,1648301640.0,0xb3dce565bfdafbcf3c9600be892b7ce24e0d16e1,0x416bf8ffff8e99408abbfb35536d89cd0adaa764,0.0
14462240,1648303285.0,0xb3dce565bfdafbcf3c9600be892b7ce24e0d16e1,0x416bf8ffff8e99408abbfb35536d89cd0adaa764,0.0
14462251,1648303449.0,0xb3dce565bfdafbcf3c9600be892b7ce24e0d16e1,0x416bf8ffff8e99408abbfb35536d89cd0adaa764,0.0
14462381,1648305241.0,0xb3dce565bfdafbcf3c9600be892b7ce24e0d16e1,0x416bf8ffff8e99408abbfb35536d89cd0adaa764,0.0
14462519,1648307048.0,0xb3dce565bfdafbcf3c9600be892b7ce24e0d16e1,0x416bf8ffff8e99408abbfb35536d89cd0adaa764,0.0
14462669,1648308836.0,0xb3dce565bfdafbcf3c9600be892b7ce24e0d16e1,0x416bf8ffff8e99408abbfb35536d89cd0adaa764,0.0
14462670,1648308847.0,0xb3dce565bfdafbcf3c9600be892b7ce24e0d16e1,0x416bf8ffff8e99408abbfb35536d89cd0adaa764,0.0
14464488,1648333802.0,0xb3dce565bfdafbcf3c9600be892b7ce24e0d16e1,0x416bf8ffff8e99408abbfb35536d89cd0adaa764,0.0
14464588,1648334995.0,0xb3dce565bfdafbcf3c9600be892b7ce24e0d16e1,0x416bf8ffff8e99408abbfb35536d89cd0adaa764,0.0
14464684,1648336199.0,0xb3dce565bfdafbcf3c9600be892b7ce24e0d16e1,0x416bf8ffff8e99408abbfb35536d89cd0adaa764,0.0
14464786,1648337461.0,0xb3dce565bfdafbcf3c9600be892b7ce24e0d16e1,0x416bf8ffff8e99408abbfb35536d89cd0adaa764,0.0
14464874,1648338579.0,0xb3dce565bfdafbcf3c9600be892b7ce24e0d16e1,0x416bf8ffff8e99408abbfb35536d89cd0adaa764,0.0
14465078,1648341515.0,0xb3dce565bfdafbcf3c9600be892b7ce24e0d16e1,0x416bf8ffff8e99408abbfb35536d89cd0adaa764,0.0
14465126,1648342185.0,0xb3dce565bfdafbcf3c9600be892b7ce24e0d16e1,0x416bf8ffff8e99408abbfb35536d89cd0adaa764,0.0
14465224,1648343576.0,0xb3dce565bfdafbcf3c9600be892b7ce24e0d16e1,0x416bf8ffff8e99408abbfb35536d89cd0adaa764,0.0
14465397,1648345808.0,0xb3dce565bfdafbcf3c9600be892b7ce24e0d16e1,0x416bf8ffff8e99408abbfb35536d89cd0adaa764,0.0
14465758,1648350774.0,0xb3dce565bfdafbcf3c9600be892b7ce24e0d16e1,0x416bf8ffff8e99408abbfb35536d89cd0adaa764,0.0
14465843,1648351921.0,0xb3dce565bfdafbcf3c9600be892b7ce24e0d16e1,0x416bf8ffff8e99408abbfb35536d89cd0adaa764,0.0
14466038,1648354448.0,0xb3dce565bfdafbcf3c9600be892b7ce24e0d16e1,0x416bf8ffff8e99408abbfb35536d89cd0adaa764,0.0
14466594,1648362176.0,0xb3dce565bfdafbcf3c9600be892b7ce24e0d16e1,0x416bf8ffff8e99408abbfb35536d89cd0adaa764,0.0
14466594,1648362176.0,0x416bf8ffff8e99408abbfb35536d89cd0adaa764,0xa2c2e1af89554fc143282e776f485e5e4dc312e9,0.12
