BlockHeight,TimeStamp,From,To,Value
15793427,1666318487.0,0x4d6be4bfada38e0e7ca9d89574d134f2b7bb8193,,0.0
15793439,1666318631.0,0x4d6be4bfada38e0e7ca9d89574d134f2b7bb8193,0x433d46d0c76841ef7fe48aee4399801ada3cadda,0.0
15793442,1666318667.0,0x4d6be4bfada38e0e7ca9d89574d134f2b7bb8193,0x433d46d0c76841ef7fe48aee4399801ada3cadda,0.0
15793444,1666318691.0,0x4d6be4bfada38e0e7ca9d89574d134f2b7bb8193,0x433d46d0c76841ef7fe48aee4399801ada3cadda,0.0
15803932,1666445147.0,0xc2aa3ee2f41fb78eed080c8279399ca31c151599,0x433d46d0c76841ef7fe48aee4399801ada3cadda,0.0
15805796,1666467611.0,0xc2aa3ee2f41fb78eed080c8279399ca31c151599,0x433d46d0c76841ef7fe48aee4399801ada3cadda,0.0
15809879,1666516847.0,0xc2aa3ee2f41fb78eed080c8279399ca31c151599,0x433d46d0c76841ef7fe48aee4399801ada3cadda,0.0
15809884,1666516907.0,0xe6f25c6bfbc043ad2dd73bc94fd6d64a08c08172,0x433d46d0c76841ef7fe48aee4399801ada3cadda,0.0
15809886,1666516931.0,0xe6f25c6bfbc043ad2dd73bc94fd6d64a08c08172,0x433d46d0c76841ef7fe48aee4399801ada3cadda,0.0
15809888,1666516955.0,0xe6f25c6bfbc043ad2dd73bc94fd6d64a08c08172,0x433d46d0c76841ef7fe48aee4399801ada3cadda,0.0
15809890,1666516979.0,0xe6f25c6bfbc043ad2dd73bc94fd6d64a08c08172,0x433d46d0c76841ef7fe48aee4399801ada3cadda,0.0
15809892,1666517003.0,0xe6f25c6bfbc043ad2dd73bc94fd6d64a08c08172,0x433d46d0c76841ef7fe48aee4399801ada3cadda,0.0
15809893,1666517015.0,0xe6f25c6bfbc043ad2dd73bc94fd6d64a08c08172,0x433d46d0c76841ef7fe48aee4399801ada3cadda,0.0
15809894,1666517027.0,0xe6f25c6bfbc043ad2dd73bc94fd6d64a08c08172,0x433d46d0c76841ef7fe48aee4399801ada3cadda,0.0
15816455,1666596299.0,0xc2aa3ee2f41fb78eed080c8279399ca31c151599,0x433d46d0c76841ef7fe48aee4399801ada3cadda,0.0
15816469,1666596467.0,0xc2aa3ee2f41fb78eed080c8279399ca31c151599,0x433d46d0c76841ef7fe48aee4399801ada3cadda,0.0
15816470,1666596479.0,0xc2aa3ee2f41fb78eed080c8279399ca31c151599,0x433d46d0c76841ef7fe48aee4399801ada3cadda,0.0
15816525,1666597139.0,0x6b98cc57707ebb21a796b1df547cdffda751c71c,0x433d46d0c76841ef7fe48aee4399801ada3cadda,0.0
15816535,1666597259.0,0x6b98cc57707ebb21a796b1df547cdffda751c71c,0x433d46d0c76841ef7fe48aee4399801ada3cadda,0.0
15816536,1666597271.0,0xc2aa3ee2f41fb78eed080c8279399ca31c151599,0x433d46d0c76841ef7fe48aee4399801ada3cadda,0.0
15822556,1666670267.0,0xe6f25c6bfbc043ad2dd73bc94fd6d64a08c08172,0x433d46d0c76841ef7fe48aee4399801ada3cadda,0.0
15824647,1666695455.0,0xc2aa3ee2f41fb78eed080c8279399ca31c151599,0x433d46d0c76841ef7fe48aee4399801ada3cadda,0.0
15824654,1666695539.0,0xc2aa3ee2f41fb78eed080c8279399ca31c151599,0x433d46d0c76841ef7fe48aee4399801ada3cadda,0.0
15825021,1666699943.0,0xc2aa3ee2f41fb78eed080c8279399ca31c151599,0x433d46d0c76841ef7fe48aee4399801ada3cadda,0.0
15825022,1666699955.0,0xc2aa3ee2f41fb78eed080c8279399ca31c151599,0x433d46d0c76841ef7fe48aee4399801ada3cadda,0.0
15829278,1666751519.0,0xc2aa3ee2f41fb78eed080c8279399ca31c151599,0x433d46d0c76841ef7fe48aee4399801ada3cadda,0.0
15851340,1667017787.0,0xc2aa3ee2f41fb78eed080c8279399ca31c151599,0x433d46d0c76841ef7fe48aee4399801ada3cadda,0.0
15852161,1667027723.0,0x4d6be4bfada38e0e7ca9d89574d134f2b7bb8193,0x433d46d0c76841ef7fe48aee4399801ada3cadda,0.0
15868098,1667219975.0,0xc2aa3ee2f41fb78eed080c8279399ca31c151599,0x433d46d0c76841ef7fe48aee4399801ada3cadda,0.0
15875906,1667314511.0,0xe6f25c6bfbc043ad2dd73bc94fd6d64a08c08172,0x433d46d0c76841ef7fe48aee4399801ada3cadda,0.0
15883508,1667406263.0,0xe6f25c6bfbc043ad2dd73bc94fd6d64a08c08172,0x433d46d0c76841ef7fe48aee4399801ada3cadda,0.0
15883510,1667406287.0,0xe6f25c6bfbc043ad2dd73bc94fd6d64a08c08172,0x433d46d0c76841ef7fe48aee4399801ada3cadda,0.0
15884725,1667420915.0,0xe6f25c6bfbc043ad2dd73bc94fd6d64a08c08172,0x433d46d0c76841ef7fe48aee4399801ada3cadda,0.0
15884726,1667420927.0,0xe6f25c6bfbc043ad2dd73bc94fd6d64a08c08172,0x433d46d0c76841ef7fe48aee4399801ada3cadda,0.0
15884745,1667421155.0,0xe6f25c6bfbc043ad2dd73bc94fd6d64a08c08172,0x433d46d0c76841ef7fe48aee4399801ada3cadda,0.0
15884746,1667421167.0,0xe6f25c6bfbc043ad2dd73bc94fd6d64a08c08172,0x433d46d0c76841ef7fe48aee4399801ada3cadda,0.0
15887048,1667448983.0,0xe6f25c6bfbc043ad2dd73bc94fd6d64a08c08172,0x433d46d0c76841ef7fe48aee4399801ada3cadda,0.0
15896953,1667568551.0,0xe6f25c6bfbc043ad2dd73bc94fd6d64a08c08172,0x433d46d0c76841ef7fe48aee4399801ada3cadda,0.0
15916834,1667808287.0,0xe6f25c6bfbc043ad2dd73bc94fd6d64a08c08172,0x433d46d0c76841ef7fe48aee4399801ada3cadda,0.0
15916835,1667808299.0,0xc2aa3ee2f41fb78eed080c8279399ca31c151599,0x433d46d0c76841ef7fe48aee4399801ada3cadda,0.0
15916836,1667808311.0,0xe6f25c6bfbc043ad2dd73bc94fd6d64a08c08172,0x433d46d0c76841ef7fe48aee4399801ada3cadda,0.0
15916837,1667808323.0,0xe6f25c6bfbc043ad2dd73bc94fd6d64a08c08172,0x433d46d0c76841ef7fe48aee4399801ada3cadda,0.0
15916838,1667808335.0,0xe6f25c6bfbc043ad2dd73bc94fd6d64a08c08172,0x433d46d0c76841ef7fe48aee4399801ada3cadda,0.0
15916838,1667808335.0,0xc2aa3ee2f41fb78eed080c8279399ca31c151599,0x433d46d0c76841ef7fe48aee4399801ada3cadda,0.0
15916839,1667808347.0,0xc2aa3ee2f41fb78eed080c8279399ca31c151599,0x433d46d0c76841ef7fe48aee4399801ada3cadda,0.0
15940394,1668092687.0,0xe6f25c6bfbc043ad2dd73bc94fd6d64a08c08172,0x433d46d0c76841ef7fe48aee4399801ada3cadda,0.0
15940395,1668092699.0,0xe6f25c6bfbc043ad2dd73bc94fd6d64a08c08172,0x433d46d0c76841ef7fe48aee4399801ada3cadda,0.0
15940396,1668092711.0,0xe6f25c6bfbc043ad2dd73bc94fd6d64a08c08172,0x433d46d0c76841ef7fe48aee4399801ada3cadda,0.0
15940396,1668092711.0,0xe6f25c6bfbc043ad2dd73bc94fd6d64a08c08172,0x433d46d0c76841ef7fe48aee4399801ada3cadda,0.0
15940396,1668092711.0,0xc2aa3ee2f41fb78eed080c8279399ca31c151599,0x433d46d0c76841ef7fe48aee4399801ada3cadda,0.0
15940397,1668092723.0,0xe6f25c6bfbc043ad2dd73bc94fd6d64a08c08172,0x433d46d0c76841ef7fe48aee4399801ada3cadda,0.0
15943841,1668134267.0,0xe6f25c6bfbc043ad2dd73bc94fd6d64a08c08172,0x433d46d0c76841ef7fe48aee4399801ada3cadda,0.0
15946904,1668171287.0,0xc2aa3ee2f41fb78eed080c8279399ca31c151599,0x433d46d0c76841ef7fe48aee4399801ada3cadda,0.0
15954608,1668264251.0,0xc2aa3ee2f41fb78eed080c8279399ca31c151599,0x433d46d0c76841ef7fe48aee4399801ada3cadda,0.0
15954926,1668268079.0,0xe6f25c6bfbc043ad2dd73bc94fd6d64a08c08172,0x433d46d0c76841ef7fe48aee4399801ada3cadda,0.0
15954927,1668268091.0,0xe6f25c6bfbc043ad2dd73bc94fd6d64a08c08172,0x433d46d0c76841ef7fe48aee4399801ada3cadda,0.0
15955126,1668270479.0,0xe6f25c6bfbc043ad2dd73bc94fd6d64a08c08172,0x433d46d0c76841ef7fe48aee4399801ada3cadda,0.0
15955985,1668280799.0,0xc2aa3ee2f41fb78eed080c8279399ca31c151599,0x433d46d0c76841ef7fe48aee4399801ada3cadda,0.0
15956384,1668285623.0,0xe6f25c6bfbc043ad2dd73bc94fd6d64a08c08172,0x433d46d0c76841ef7fe48aee4399801ada3cadda,0.0
15956385,1668285635.0,0xe6f25c6bfbc043ad2dd73bc94fd6d64a08c08172,0x433d46d0c76841ef7fe48aee4399801ada3cadda,0.0
15957313,1668296807.0,0xc2aa3ee2f41fb78eed080c8279399ca31c151599,0x433d46d0c76841ef7fe48aee4399801ada3cadda,0.0
15957518,1668299267.0,0x6b98cc57707ebb21a796b1df547cdffda751c71c,0x433d46d0c76841ef7fe48aee4399801ada3cadda,0.0
15957618,1668300467.0,0x6b98cc57707ebb21a796b1df547cdffda751c71c,0x433d46d0c76841ef7fe48aee4399801ada3cadda,0.0
15957619,1668300479.0,0x6b98cc57707ebb21a796b1df547cdffda751c71c,0x433d46d0c76841ef7fe48aee4399801ada3cadda,0.0
15958767,1668314339.0,0xe6f25c6bfbc043ad2dd73bc94fd6d64a08c08172,0x433d46d0c76841ef7fe48aee4399801ada3cadda,0.0
15958767,1668314339.0,0xe6f25c6bfbc043ad2dd73bc94fd6d64a08c08172,0x433d46d0c76841ef7fe48aee4399801ada3cadda,0.0
15961798,1668350915.0,0x4d6be4bfada38e0e7ca9d89574d134f2b7bb8193,0x433d46d0c76841ef7fe48aee4399801ada3cadda,0.0
15963995,1668377315.0,0xe6f25c6bfbc043ad2dd73bc94fd6d64a08c08172,0x433d46d0c76841ef7fe48aee4399801ada3cadda,0.0
15966350,1668405683.0,0xe6f25c6bfbc043ad2dd73bc94fd6d64a08c08172,0x433d46d0c76841ef7fe48aee4399801ada3cadda,0.0
15967113,1668414887.0,0xe6f25c6bfbc043ad2dd73bc94fd6d64a08c08172,0x433d46d0c76841ef7fe48aee4399801ada3cadda,0.0
15967491,1668419459.0,0xe6f25c6bfbc043ad2dd73bc94fd6d64a08c08172,0x433d46d0c76841ef7fe48aee4399801ada3cadda,0.0
15967501,1668419579.0,0xe6f25c6bfbc043ad2dd73bc94fd6d64a08c08172,0x433d46d0c76841ef7fe48aee4399801ada3cadda,0.0
15968199,1668428015.0,0xe6f25c6bfbc043ad2dd73bc94fd6d64a08c08172,0x433d46d0c76841ef7fe48aee4399801ada3cadda,0.0
15968200,1668428027.0,0xe6f25c6bfbc043ad2dd73bc94fd6d64a08c08172,0x433d46d0c76841ef7fe48aee4399801ada3cadda,0.0
15968704,1668434099.0,0xe6f25c6bfbc043ad2dd73bc94fd6d64a08c08172,0x433d46d0c76841ef7fe48aee4399801ada3cadda,0.0
15969008,1668437747.0,0xc2aa3ee2f41fb78eed080c8279399ca31c151599,0x433d46d0c76841ef7fe48aee4399801ada3cadda,0.0
15969286,1668441095.0,0xc2aa3ee2f41fb78eed080c8279399ca31c151599,0x433d46d0c76841ef7fe48aee4399801ada3cadda,0.0
15969891,1668448367.0,0xe6f25c6bfbc043ad2dd73bc94fd6d64a08c08172,0x433d46d0c76841ef7fe48aee4399801ada3cadda,0.0
15970604,1668456959.0,0xe6f25c6bfbc043ad2dd73bc94fd6d64a08c08172,0x433d46d0c76841ef7fe48aee4399801ada3cadda,0.0
15970606,1668456983.0,0xe6f25c6bfbc043ad2dd73bc94fd6d64a08c08172,0x433d46d0c76841ef7fe48aee4399801ada3cadda,0.0
15970607,1668456995.0,0xe6f25c6bfbc043ad2dd73bc94fd6d64a08c08172,0x433d46d0c76841ef7fe48aee4399801ada3cadda,0.0
15970629,1668457271.0,0xe6f25c6bfbc043ad2dd73bc94fd6d64a08c08172,0x433d46d0c76841ef7fe48aee4399801ada3cadda,0.0
15970630,1668457283.0,0xe6f25c6bfbc043ad2dd73bc94fd6d64a08c08172,0x433d46d0c76841ef7fe48aee4399801ada3cadda,0.0
15970631,1668457295.0,0xe6f25c6bfbc043ad2dd73bc94fd6d64a08c08172,0x433d46d0c76841ef7fe48aee4399801ada3cadda,0.0
15970740,1668458615.0,0xc2aa3ee2f41fb78eed080c8279399ca31c151599,0x433d46d0c76841ef7fe48aee4399801ada3cadda,0.0
15970870,1668460187.0,0xc2aa3ee2f41fb78eed080c8279399ca31c151599,0x433d46d0c76841ef7fe48aee4399801ada3cadda,0.0
15971100,1668462947.0,0xc2aa3ee2f41fb78eed080c8279399ca31c151599,0x433d46d0c76841ef7fe48aee4399801ada3cadda,0.0
15971101,1668462959.0,0xe6f25c6bfbc043ad2dd73bc94fd6d64a08c08172,0x433d46d0c76841ef7fe48aee4399801ada3cadda,0.0
15971101,1668462959.0,0xc2aa3ee2f41fb78eed080c8279399ca31c151599,0x433d46d0c76841ef7fe48aee4399801ada3cadda,0.0
15971128,1668463283.0,0xe6f25c6bfbc043ad2dd73bc94fd6d64a08c08172,0x433d46d0c76841ef7fe48aee4399801ada3cadda,0.0
15971676,1668469895.0,0xe6f25c6bfbc043ad2dd73bc94fd6d64a08c08172,0x433d46d0c76841ef7fe48aee4399801ada3cadda,0.0
15972106,1668475103.0,0xe6f25c6bfbc043ad2dd73bc94fd6d64a08c08172,0x433d46d0c76841ef7fe48aee4399801ada3cadda,0.0
15972542,1668480383.0,0xc2aa3ee2f41fb78eed080c8279399ca31c151599,0x433d46d0c76841ef7fe48aee4399801ada3cadda,0.0
15972543,1668480395.0,0xc2aa3ee2f41fb78eed080c8279399ca31c151599,0x433d46d0c76841ef7fe48aee4399801ada3cadda,0.0
15974989,1668509891.0,0xc2aa3ee2f41fb78eed080c8279399ca31c151599,0x433d46d0c76841ef7fe48aee4399801ada3cadda,0.0
15975325,1668513947.0,0xc2aa3ee2f41fb78eed080c8279399ca31c151599,0x433d46d0c76841ef7fe48aee4399801ada3cadda,0.0
15975331,1668514019.0,0xe6f25c6bfbc043ad2dd73bc94fd6d64a08c08172,0x433d46d0c76841ef7fe48aee4399801ada3cadda,0.0
15975344,1668514175.0,0xe6f25c6bfbc043ad2dd73bc94fd6d64a08c08172,0x433d46d0c76841ef7fe48aee4399801ada3cadda,0.0
15975345,1668514187.0,0xe6f25c6bfbc043ad2dd73bc94fd6d64a08c08172,0x433d46d0c76841ef7fe48aee4399801ada3cadda,0.0
15976347,1668526295.0,0xc2aa3ee2f41fb78eed080c8279399ca31c151599,0x433d46d0c76841ef7fe48aee4399801ada3cadda,0.0
15976994,1668534155.0,0xe6f25c6bfbc043ad2dd73bc94fd6d64a08c08172,0x433d46d0c76841ef7fe48aee4399801ada3cadda,0.0
15977107,1668535535.0,0xe6f25c6bfbc043ad2dd73bc94fd6d64a08c08172,0x433d46d0c76841ef7fe48aee4399801ada3cadda,0.0
15977108,1668535547.0,0xe6f25c6bfbc043ad2dd73bc94fd6d64a08c08172,0x433d46d0c76841ef7fe48aee4399801ada3cadda,0.0
15977653,1668542147.0,0xe6f25c6bfbc043ad2dd73bc94fd6d64a08c08172,0x433d46d0c76841ef7fe48aee4399801ada3cadda,0.0
15978596,1668553523.0,0xc2aa3ee2f41fb78eed080c8279399ca31c151599,0x433d46d0c76841ef7fe48aee4399801ada3cadda,0.0
15978596,1668553523.0,0xc2aa3ee2f41fb78eed080c8279399ca31c151599,0x433d46d0c76841ef7fe48aee4399801ada3cadda,0.0
15978995,1668558335.0,0xe6f25c6bfbc043ad2dd73bc94fd6d64a08c08172,0x433d46d0c76841ef7fe48aee4399801ada3cadda,0.0
15978996,1668558347.0,0xe6f25c6bfbc043ad2dd73bc94fd6d64a08c08172,0x433d46d0c76841ef7fe48aee4399801ada3cadda,0.0
15978997,1668558359.0,0xe6f25c6bfbc043ad2dd73bc94fd6d64a08c08172,0x433d46d0c76841ef7fe48aee4399801ada3cadda,0.0
15978997,1668558359.0,0xe6f25c6bfbc043ad2dd73bc94fd6d64a08c08172,0x433d46d0c76841ef7fe48aee4399801ada3cadda,0.0
15978998,1668558371.0,0xe6f25c6bfbc043ad2dd73bc94fd6d64a08c08172,0x433d46d0c76841ef7fe48aee4399801ada3cadda,0.0
15978999,1668558383.0,0xe6f25c6bfbc043ad2dd73bc94fd6d64a08c08172,0x433d46d0c76841ef7fe48aee4399801ada3cadda,0.0
15979299,1668561983.0,0xe6f25c6bfbc043ad2dd73bc94fd6d64a08c08172,0x433d46d0c76841ef7fe48aee4399801ada3cadda,0.0
15983223,1668609407.0,0xe6f25c6bfbc043ad2dd73bc94fd6d64a08c08172,0x433d46d0c76841ef7fe48aee4399801ada3cadda,0.0
15983641,1668614483.0,0xe6f25c6bfbc043ad2dd73bc94fd6d64a08c08172,0x433d46d0c76841ef7fe48aee4399801ada3cadda,0.0
15983952,1668618227.0,0xc2aa3ee2f41fb78eed080c8279399ca31c151599,0x433d46d0c76841ef7fe48aee4399801ada3cadda,0.0
15985748,1668639935.0,0xc2aa3ee2f41fb78eed080c8279399ca31c151599,0x433d46d0c76841ef7fe48aee4399801ada3cadda,0.0
15986433,1668648203.0,0xe6f25c6bfbc043ad2dd73bc94fd6d64a08c08172,0x433d46d0c76841ef7fe48aee4399801ada3cadda,0.0
15986433,1668648203.0,0xc2aa3ee2f41fb78eed080c8279399ca31c151599,0x433d46d0c76841ef7fe48aee4399801ada3cadda,0.0
15986434,1668648215.0,0xe6f25c6bfbc043ad2dd73bc94fd6d64a08c08172,0x433d46d0c76841ef7fe48aee4399801ada3cadda,0.0
15989498,1668685151.0,0x6b98cc57707ebb21a796b1df547cdffda751c71c,0x433d46d0c76841ef7fe48aee4399801ada3cadda,0.0
15989499,1668685163.0,0x6b98cc57707ebb21a796b1df547cdffda751c71c,0x433d46d0c76841ef7fe48aee4399801ada3cadda,0.0
15989500,1668685175.0,0x6b98cc57707ebb21a796b1df547cdffda751c71c,0x433d46d0c76841ef7fe48aee4399801ada3cadda,0.0
15990844,1668701399.0,0xc2aa3ee2f41fb78eed080c8279399ca31c151599,0x433d46d0c76841ef7fe48aee4399801ada3cadda,0.0
15992792,1668724943.0,0x6b98cc57707ebb21a796b1df547cdffda751c71c,0x433d46d0c76841ef7fe48aee4399801ada3cadda,0.0
15992793,1668724955.0,0x6b98cc57707ebb21a796b1df547cdffda751c71c,0x433d46d0c76841ef7fe48aee4399801ada3cadda,0.0
15993778,1668736859.0,0x6b98cc57707ebb21a796b1df547cdffda751c71c,0x433d46d0c76841ef7fe48aee4399801ada3cadda,0.0
15996520,1668769931.0,0xe6f25c6bfbc043ad2dd73bc94fd6d64a08c08172,0x433d46d0c76841ef7fe48aee4399801ada3cadda,0.0
15996521,1668769943.0,0xe6f25c6bfbc043ad2dd73bc94fd6d64a08c08172,0x433d46d0c76841ef7fe48aee4399801ada3cadda,0.0
15996521,1668769943.0,0xe6f25c6bfbc043ad2dd73bc94fd6d64a08c08172,0x433d46d0c76841ef7fe48aee4399801ada3cadda,0.0
15996522,1668769955.0,0xe6f25c6bfbc043ad2dd73bc94fd6d64a08c08172,0x433d46d0c76841ef7fe48aee4399801ada3cadda,0.0
15996522,1668769955.0,0xe6f25c6bfbc043ad2dd73bc94fd6d64a08c08172,0x433d46d0c76841ef7fe48aee4399801ada3cadda,0.0
16002401,1668840863.0,0x6b98cc57707ebb21a796b1df547cdffda751c71c,0x433d46d0c76841ef7fe48aee4399801ada3cadda,0.0
16004152,1668861995.0,0xc2aa3ee2f41fb78eed080c8279399ca31c151599,0x433d46d0c76841ef7fe48aee4399801ada3cadda,0.0
16008086,1668909407.0,0xe6f25c6bfbc043ad2dd73bc94fd6d64a08c08172,0x433d46d0c76841ef7fe48aee4399801ada3cadda,0.0
16012498,1668962651.0,0xc2aa3ee2f41fb78eed080c8279399ca31c151599,0x433d46d0c76841ef7fe48aee4399801ada3cadda,0.0
16013375,1668973235.0,0xe6f25c6bfbc043ad2dd73bc94fd6d64a08c08172,0x433d46d0c76841ef7fe48aee4399801ada3cadda,0.0
16013376,1668973247.0,0xe6f25c6bfbc043ad2dd73bc94fd6d64a08c08172,0x433d46d0c76841ef7fe48aee4399801ada3cadda,0.0
16013377,1668973259.0,0xe6f25c6bfbc043ad2dd73bc94fd6d64a08c08172,0x433d46d0c76841ef7fe48aee4399801ada3cadda,0.0
16021161,1669067171.0,0x6b98cc57707ebb21a796b1df547cdffda751c71c,0x433d46d0c76841ef7fe48aee4399801ada3cadda,0.0
16026184,1669127807.0,0xe6f25c6bfbc043ad2dd73bc94fd6d64a08c08172,0x433d46d0c76841ef7fe48aee4399801ada3cadda,0.0
16026638,1669133291.0,0xc2aa3ee2f41fb78eed080c8279399ca31c151599,0x433d46d0c76841ef7fe48aee4399801ada3cadda,0.0
16031603,1669193327.0,0xc2aa3ee2f41fb78eed080c8279399ca31c151599,0x433d46d0c76841ef7fe48aee4399801ada3cadda,0.0
16031783,1669195487.0,0x6b98cc57707ebb21a796b1df547cdffda751c71c,0x433d46d0c76841ef7fe48aee4399801ada3cadda,0.0
16031784,1669195499.0,0x6b98cc57707ebb21a796b1df547cdffda751c71c,0x433d46d0c76841ef7fe48aee4399801ada3cadda,0.0
16038635,1669278383.0,0xe6f25c6bfbc043ad2dd73bc94fd6d64a08c08172,0x433d46d0c76841ef7fe48aee4399801ada3cadda,0.0
16039558,1669289519.0,0xe6f25c6bfbc043ad2dd73bc94fd6d64a08c08172,0x433d46d0c76841ef7fe48aee4399801ada3cadda,0.0
16040266,1669298063.0,0xc2aa3ee2f41fb78eed080c8279399ca31c151599,0x433d46d0c76841ef7fe48aee4399801ada3cadda,0.0
16040404,1669299719.0,0xc2aa3ee2f41fb78eed080c8279399ca31c151599,0x433d46d0c76841ef7fe48aee4399801ada3cadda,0.0
16040405,1669299731.0,0xc2aa3ee2f41fb78eed080c8279399ca31c151599,0x433d46d0c76841ef7fe48aee4399801ada3cadda,0.0
16040406,1669299743.0,0xc2aa3ee2f41fb78eed080c8279399ca31c151599,0x433d46d0c76841ef7fe48aee4399801ada3cadda,0.0
16041680,1669315103.0,0xe6f25c6bfbc043ad2dd73bc94fd6d64a08c08172,0x433d46d0c76841ef7fe48aee4399801ada3cadda,0.0
16041747,1669315919.0,0xc2aa3ee2f41fb78eed080c8279399ca31c151599,0x433d46d0c76841ef7fe48aee4399801ada3cadda,0.0
16041748,1669315931.0,0xc2aa3ee2f41fb78eed080c8279399ca31c151599,0x433d46d0c76841ef7fe48aee4399801ada3cadda,0.0
16042085,1669319975.0,0xc2aa3ee2f41fb78eed080c8279399ca31c151599,0x433d46d0c76841ef7fe48aee4399801ada3cadda,0.0
16042086,1669319987.0,0xe6f25c6bfbc043ad2dd73bc94fd6d64a08c08172,0x433d46d0c76841ef7fe48aee4399801ada3cadda,0.0
16042371,1669323443.0,0xc2aa3ee2f41fb78eed080c8279399ca31c151599,0x433d46d0c76841ef7fe48aee4399801ada3cadda,0.0
16042420,1669324043.0,0xc2aa3ee2f41fb78eed080c8279399ca31c151599,0x433d46d0c76841ef7fe48aee4399801ada3cadda,0.0
16044670,1669351163.0,0xe6f25c6bfbc043ad2dd73bc94fd6d64a08c08172,0x433d46d0c76841ef7fe48aee4399801ada3cadda,0.0
16044890,1669353815.0,0xc2aa3ee2f41fb78eed080c8279399ca31c151599,0x433d46d0c76841ef7fe48aee4399801ada3cadda,0.0
16045196,1669357511.0,0x6b98cc57707ebb21a796b1df547cdffda751c71c,0x433d46d0c76841ef7fe48aee4399801ada3cadda,0.0
16055308,1669479563.0,0xc2aa3ee2f41fb78eed080c8279399ca31c151599,0x433d46d0c76841ef7fe48aee4399801ada3cadda,0.0
16060791,1669545683.0,0xe6f25c6bfbc043ad2dd73bc94fd6d64a08c08172,0x433d46d0c76841ef7fe48aee4399801ada3cadda,0.0
16061443,1669553531.0,0xe6f25c6bfbc043ad2dd73bc94fd6d64a08c08172,0x433d46d0c76841ef7fe48aee4399801ada3cadda,0.0
16062354,1669564523.0,0xe6f25c6bfbc043ad2dd73bc94fd6d64a08c08172,0x433d46d0c76841ef7fe48aee4399801ada3cadda,0.0
16062610,1669567619.0,0xe6f25c6bfbc043ad2dd73bc94fd6d64a08c08172,0x433d46d0c76841ef7fe48aee4399801ada3cadda,0.0
16062616,1669567691.0,0xe6f25c6bfbc043ad2dd73bc94fd6d64a08c08172,0x433d46d0c76841ef7fe48aee4399801ada3cadda,0.0
16063602,1669579631.0,0xc2aa3ee2f41fb78eed080c8279399ca31c151599,0x433d46d0c76841ef7fe48aee4399801ada3cadda,0.0
16067238,1669623491.0,0xe6f25c6bfbc043ad2dd73bc94fd6d64a08c08172,0x433d46d0c76841ef7fe48aee4399801ada3cadda,0.0
16067898,1669631435.0,0xc2aa3ee2f41fb78eed080c8279399ca31c151599,0x433d46d0c76841ef7fe48aee4399801ada3cadda,0.0
16070505,1669662839.0,0x6b98cc57707ebb21a796b1df547cdffda751c71c,0x433d46d0c76841ef7fe48aee4399801ada3cadda,0.0
16076128,1669730687.0,0xe6f25c6bfbc043ad2dd73bc94fd6d64a08c08172,0x433d46d0c76841ef7fe48aee4399801ada3cadda,0.0
16082274,1669804919.0,0xe6f25c6bfbc043ad2dd73bc94fd6d64a08c08172,0x433d46d0c76841ef7fe48aee4399801ada3cadda,0.0
16082591,1669808723.0,0x6b98cc57707ebb21a796b1df547cdffda751c71c,0x433d46d0c76841ef7fe48aee4399801ada3cadda,0.0
16083125,1669815203.0,0xe6f25c6bfbc043ad2dd73bc94fd6d64a08c08172,0x433d46d0c76841ef7fe48aee4399801ada3cadda,0.0
16084442,1669831115.0,0xc2aa3ee2f41fb78eed080c8279399ca31c151599,0x433d46d0c76841ef7fe48aee4399801ada3cadda,0.0
16086018,1669850195.0,0xe6f25c6bfbc043ad2dd73bc94fd6d64a08c08172,0x433d46d0c76841ef7fe48aee4399801ada3cadda,0.0
16086019,1669850207.0,0xe6f25c6bfbc043ad2dd73bc94fd6d64a08c08172,0x433d46d0c76841ef7fe48aee4399801ada3cadda,0.0
16087368,1669866491.0,0x6b98cc57707ebb21a796b1df547cdffda751c71c,0x433d46d0c76841ef7fe48aee4399801ada3cadda,0.0
16087969,1669873739.0,0xe6f25c6bfbc043ad2dd73bc94fd6d64a08c08172,0x433d46d0c76841ef7fe48aee4399801ada3cadda,0.0
16089277,1669889507.0,0xe6f25c6bfbc043ad2dd73bc94fd6d64a08c08172,0x433d46d0c76841ef7fe48aee4399801ada3cadda,0.0
16089415,1669891175.0,0xc2aa3ee2f41fb78eed080c8279399ca31c151599,0x433d46d0c76841ef7fe48aee4399801ada3cadda,0.0
16090228,1669900979.0,0xe6f25c6bfbc043ad2dd73bc94fd6d64a08c08172,0x433d46d0c76841ef7fe48aee4399801ada3cadda,0.0
16090570,1669905107.0,0xe6f25c6bfbc043ad2dd73bc94fd6d64a08c08172,0x433d46d0c76841ef7fe48aee4399801ada3cadda,0.0
16091449,1669915739.0,0xe6f25c6bfbc043ad2dd73bc94fd6d64a08c08172,0x433d46d0c76841ef7fe48aee4399801ada3cadda,0.0
16093385,1669939067.0,0xe6f25c6bfbc043ad2dd73bc94fd6d64a08c08172,0x433d46d0c76841ef7fe48aee4399801ada3cadda,0.0
16097134,1669984223.0,0xe6f25c6bfbc043ad2dd73bc94fd6d64a08c08172,0x433d46d0c76841ef7fe48aee4399801ada3cadda,0.0
16097451,1669988051.0,0xe6f25c6bfbc043ad2dd73bc94fd6d64a08c08172,0x433d46d0c76841ef7fe48aee4399801ada3cadda,0.0
16097959,1669994183.0,0xc2aa3ee2f41fb78eed080c8279399ca31c151599,0x433d46d0c76841ef7fe48aee4399801ada3cadda,0.0
16100686,1670027075.0,0xe6f25c6bfbc043ad2dd73bc94fd6d64a08c08172,0x433d46d0c76841ef7fe48aee4399801ada3cadda,0.0
16103442,1670060279.0,0xe6f25c6bfbc043ad2dd73bc94fd6d64a08c08172,0x433d46d0c76841ef7fe48aee4399801ada3cadda,0.0
16105771,1670088407.0,0xe6f25c6bfbc043ad2dd73bc94fd6d64a08c08172,0x433d46d0c76841ef7fe48aee4399801ada3cadda,0.0
16105771,1670088407.0,0xe6f25c6bfbc043ad2dd73bc94fd6d64a08c08172,0x433d46d0c76841ef7fe48aee4399801ada3cadda,0.0
16105772,1670088419.0,0xe6f25c6bfbc043ad2dd73bc94fd6d64a08c08172,0x433d46d0c76841ef7fe48aee4399801ada3cadda,0.0
16105773,1670088431.0,0xe6f25c6bfbc043ad2dd73bc94fd6d64a08c08172,0x433d46d0c76841ef7fe48aee4399801ada3cadda,0.0
16105874,1670089679.0,0xe6f25c6bfbc043ad2dd73bc94fd6d64a08c08172,0x433d46d0c76841ef7fe48aee4399801ada3cadda,0.0
16105875,1670089691.0,0xc2aa3ee2f41fb78eed080c8279399ca31c151599,0x433d46d0c76841ef7fe48aee4399801ada3cadda,0.0
16105875,1670089691.0,0xe6f25c6bfbc043ad2dd73bc94fd6d64a08c08172,0x433d46d0c76841ef7fe48aee4399801ada3cadda,0.0
16105875,1670089691.0,0xe6f25c6bfbc043ad2dd73bc94fd6d64a08c08172,0x433d46d0c76841ef7fe48aee4399801ada3cadda,0.0
16105875,1670089691.0,0xe6f25c6bfbc043ad2dd73bc94fd6d64a08c08172,0x433d46d0c76841ef7fe48aee4399801ada3cadda,0.0
16105876,1670089703.0,0xe6f25c6bfbc043ad2dd73bc94fd6d64a08c08172,0x433d46d0c76841ef7fe48aee4399801ada3cadda,0.0
16105876,1670089703.0,0xe6f25c6bfbc043ad2dd73bc94fd6d64a08c08172,0x433d46d0c76841ef7fe48aee4399801ada3cadda,0.0
16105876,1670089703.0,0xe6f25c6bfbc043ad2dd73bc94fd6d64a08c08172,0x433d46d0c76841ef7fe48aee4399801ada3cadda,0.0
16105877,1670089715.0,0xe6f25c6bfbc043ad2dd73bc94fd6d64a08c08172,0x433d46d0c76841ef7fe48aee4399801ada3cadda,0.0
16105877,1670089715.0,0xe6f25c6bfbc043ad2dd73bc94fd6d64a08c08172,0x433d46d0c76841ef7fe48aee4399801ada3cadda,0.0
16105878,1670089727.0,0xe6f25c6bfbc043ad2dd73bc94fd6d64a08c08172,0x433d46d0c76841ef7fe48aee4399801ada3cadda,0.0
16105878,1670089727.0,0xe6f25c6bfbc043ad2dd73bc94fd6d64a08c08172,0x433d46d0c76841ef7fe48aee4399801ada3cadda,0.0
16105879,1670089739.0,0xe6f25c6bfbc043ad2dd73bc94fd6d64a08c08172,0x433d46d0c76841ef7fe48aee4399801ada3cadda,0.0
16105880,1670089751.0,0xe6f25c6bfbc043ad2dd73bc94fd6d64a08c08172,0x433d46d0c76841ef7fe48aee4399801ada3cadda,0.0
16105881,1670089763.0,0xe6f25c6bfbc043ad2dd73bc94fd6d64a08c08172,0x433d46d0c76841ef7fe48aee4399801ada3cadda,0.0
16106045,1670091731.0,0xe6f25c6bfbc043ad2dd73bc94fd6d64a08c08172,0x433d46d0c76841ef7fe48aee4399801ada3cadda,0.0
16107257,1670106359.0,0xe6f25c6bfbc043ad2dd73bc94fd6d64a08c08172,0x433d46d0c76841ef7fe48aee4399801ada3cadda,0.0
16108735,1670124167.0,0xe6f25c6bfbc043ad2dd73bc94fd6d64a08c08172,0x433d46d0c76841ef7fe48aee4399801ada3cadda,0.0
16109580,1670134355.0,0xe6f25c6bfbc043ad2dd73bc94fd6d64a08c08172,0x433d46d0c76841ef7fe48aee4399801ada3cadda,0.0
16110093,1670140559.0,0xe6f25c6bfbc043ad2dd73bc94fd6d64a08c08172,0x433d46d0c76841ef7fe48aee4399801ada3cadda,0.0
16111373,1670156063.0,0xe6f25c6bfbc043ad2dd73bc94fd6d64a08c08172,0x433d46d0c76841ef7fe48aee4399801ada3cadda,0.0
16112026,1670163935.0,0xc2aa3ee2f41fb78eed080c8279399ca31c151599,0x433d46d0c76841ef7fe48aee4399801ada3cadda,0.0
16112063,1670164379.0,0xe6f25c6bfbc043ad2dd73bc94fd6d64a08c08172,0x433d46d0c76841ef7fe48aee4399801ada3cadda,0.0
16112965,1670175299.0,0xe6f25c6bfbc043ad2dd73bc94fd6d64a08c08172,0x433d46d0c76841ef7fe48aee4399801ada3cadda,0.0
16114342,1670191919.0,0xe6f25c6bfbc043ad2dd73bc94fd6d64a08c08172,0x433d46d0c76841ef7fe48aee4399801ada3cadda,0.0
16117707,1670232479.0,0xe6f25c6bfbc043ad2dd73bc94fd6d64a08c08172,0x433d46d0c76841ef7fe48aee4399801ada3cadda,0.0
16117708,1670232491.0,0xe6f25c6bfbc043ad2dd73bc94fd6d64a08c08172,0x433d46d0c76841ef7fe48aee4399801ada3cadda,0.0
16117708,1670232491.0,0xe6f25c6bfbc043ad2dd73bc94fd6d64a08c08172,0x433d46d0c76841ef7fe48aee4399801ada3cadda,0.0
16119650,1670255975.0,0x6b98cc57707ebb21a796b1df547cdffda751c71c,0x433d46d0c76841ef7fe48aee4399801ada3cadda,0.0
16123715,1670305151.0,0x6b98cc57707ebb21a796b1df547cdffda751c71c,0x433d46d0c76841ef7fe48aee4399801ada3cadda,0.0
16124053,1670309219.0,0x6b98cc57707ebb21a796b1df547cdffda751c71c,0x433d46d0c76841ef7fe48aee4399801ada3cadda,0.0
16127835,1670354807.0,0xe6f25c6bfbc043ad2dd73bc94fd6d64a08c08172,0x433d46d0c76841ef7fe48aee4399801ada3cadda,0.0
16127835,1670354807.0,0xe6f25c6bfbc043ad2dd73bc94fd6d64a08c08172,0x433d46d0c76841ef7fe48aee4399801ada3cadda,0.0
16127836,1670354819.0,0xe6f25c6bfbc043ad2dd73bc94fd6d64a08c08172,0x433d46d0c76841ef7fe48aee4399801ada3cadda,0.0
16127837,1670354831.0,0xe6f25c6bfbc043ad2dd73bc94fd6d64a08c08172,0x433d46d0c76841ef7fe48aee4399801ada3cadda,0.0
16127883,1670355383.0,0xe6f25c6bfbc043ad2dd73bc94fd6d64a08c08172,0x433d46d0c76841ef7fe48aee4399801ada3cadda,0.0
16127895,1670355527.0,0xe6f25c6bfbc043ad2dd73bc94fd6d64a08c08172,0x433d46d0c76841ef7fe48aee4399801ada3cadda,0.0
16144720,1670559527.0,0xc2aa3ee2f41fb78eed080c8279399ca31c151599,0x433d46d0c76841ef7fe48aee4399801ada3cadda,0.0
16145782,1670572343.0,0xe6f25c6bfbc043ad2dd73bc94fd6d64a08c08172,0x433d46d0c76841ef7fe48aee4399801ada3cadda,0.0
16149399,1670616131.0,0xc2aa3ee2f41fb78eed080c8279399ca31c151599,0x433d46d0c76841ef7fe48aee4399801ada3cadda,0.0
16149399,1670616131.0,0xe6f25c6bfbc043ad2dd73bc94fd6d64a08c08172,0x433d46d0c76841ef7fe48aee4399801ada3cadda,0.0
16152708,1670656079.0,0xc2aa3ee2f41fb78eed080c8279399ca31c151599,0x433d46d0c76841ef7fe48aee4399801ada3cadda,0.0
16153841,1670669735.0,0x6b98cc57707ebb21a796b1df547cdffda751c71c,0x433d46d0c76841ef7fe48aee4399801ada3cadda,0.0
16161695,1670764439.0,0x6b98cc57707ebb21a796b1df547cdffda751c71c,0x433d46d0c76841ef7fe48aee4399801ada3cadda,0.0
16166229,1670819135.0,0xe6f25c6bfbc043ad2dd73bc94fd6d64a08c08172,0x433d46d0c76841ef7fe48aee4399801ada3cadda,0.0
16166449,1670821787.0,0x6b98cc57707ebb21a796b1df547cdffda751c71c,0x433d46d0c76841ef7fe48aee4399801ada3cadda,0.0
16167823,1670838371.0,0x6b98cc57707ebb21a796b1df547cdffda751c71c,0x433d46d0c76841ef7fe48aee4399801ada3cadda,0.0
16167869,1670838935.0,0xe6f25c6bfbc043ad2dd73bc94fd6d64a08c08172,0x433d46d0c76841ef7fe48aee4399801ada3cadda,0.0
16168349,1670844755.0,0xe6f25c6bfbc043ad2dd73bc94fd6d64a08c08172,0x433d46d0c76841ef7fe48aee4399801ada3cadda,0.0
16174908,1670923919.0,0xc2aa3ee2f41fb78eed080c8279399ca31c151599,0x433d46d0c76841ef7fe48aee4399801ada3cadda,0.0
16174953,1670924471.0,0x6b98cc57707ebb21a796b1df547cdffda751c71c,0x433d46d0c76841ef7fe48aee4399801ada3cadda,0.0
16178846,1670971583.0,0x6b98cc57707ebb21a796b1df547cdffda751c71c,0x433d46d0c76841ef7fe48aee4399801ada3cadda,0.0
16183503,1671027803.0,0xe6f25c6bfbc043ad2dd73bc94fd6d64a08c08172,0x433d46d0c76841ef7fe48aee4399801ada3cadda,0.0
16200589,1671233951.0,0xc2aa3ee2f41fb78eed080c8279399ca31c151599,0x433d46d0c76841ef7fe48aee4399801ada3cadda,0.0
16205594,1671294311.0,0xe6f25c6bfbc043ad2dd73bc94fd6d64a08c08172,0x433d46d0c76841ef7fe48aee4399801ada3cadda,0.0
16222039,1671492671.0,0xe6f25c6bfbc043ad2dd73bc94fd6d64a08c08172,0x433d46d0c76841ef7fe48aee4399801ada3cadda,0.0
16222039,1671492671.0,0xe6f25c6bfbc043ad2dd73bc94fd6d64a08c08172,0x433d46d0c76841ef7fe48aee4399801ada3cadda,0.0
16222040,1671492683.0,0xe6f25c6bfbc043ad2dd73bc94fd6d64a08c08172,0x433d46d0c76841ef7fe48aee4399801ada3cadda,0.0
16222041,1671492695.0,0xe6f25c6bfbc043ad2dd73bc94fd6d64a08c08172,0x433d46d0c76841ef7fe48aee4399801ada3cadda,0.0
16222041,1671492695.0,0xc2aa3ee2f41fb78eed080c8279399ca31c151599,0x433d46d0c76841ef7fe48aee4399801ada3cadda,0.0
16351711,1673055947.0,0x6b98cc57707ebb21a796b1df547cdffda751c71c,0x433d46d0c76841ef7fe48aee4399801ada3cadda,0.0
16351712,1673055959.0,0x6b98cc57707ebb21a796b1df547cdffda751c71c,0x433d46d0c76841ef7fe48aee4399801ada3cadda,0.0
16351713,1673055971.0,0x6b98cc57707ebb21a796b1df547cdffda751c71c,0x433d46d0c76841ef7fe48aee4399801ada3cadda,0.0
16384363,1673449655.0,0x6b98cc57707ebb21a796b1df547cdffda751c71c,0x433d46d0c76841ef7fe48aee4399801ada3cadda,0.0
16432584,1674031583.0,0x6b98cc57707ebb21a796b1df547cdffda751c71c,0x433d46d0c76841ef7fe48aee4399801ada3cadda,0.0
16432585,1674031595.0,0x6b98cc57707ebb21a796b1df547cdffda751c71c,0x433d46d0c76841ef7fe48aee4399801ada3cadda,0.0
16432586,1674031607.0,0x6b98cc57707ebb21a796b1df547cdffda751c71c,0x433d46d0c76841ef7fe48aee4399801ada3cadda,0.0
16435940,1674072035.0,0x6b98cc57707ebb21a796b1df547cdffda751c71c,0x433d46d0c76841ef7fe48aee4399801ada3cadda,0.0
16469729,1674479603.0,0x6b98cc57707ebb21a796b1df547cdffda751c71c,0x433d46d0c76841ef7fe48aee4399801ada3cadda,0.0
16565815,1675639091.0,0x6b98cc57707ebb21a796b1df547cdffda751c71c,0x433d46d0c76841ef7fe48aee4399801ada3cadda,0.0
16603295,1676091671.0,0x6b98cc57707ebb21a796b1df547cdffda751c71c,0x433d46d0c76841ef7fe48aee4399801ada3cadda,0.0
16603333,1676092127.0,0x6b98cc57707ebb21a796b1df547cdffda751c71c,0x433d46d0c76841ef7fe48aee4399801ada3cadda,0.0
16603400,1676092931.0,0x6b98cc57707ebb21a796b1df547cdffda751c71c,0x433d46d0c76841ef7fe48aee4399801ada3cadda,0.0
16619273,1676284499.0,0x6b98cc57707ebb21a796b1df547cdffda751c71c,0x433d46d0c76841ef7fe48aee4399801ada3cadda,0.0
16648108,1676632967.0,0x6b98cc57707ebb21a796b1df547cdffda751c71c,0x433d46d0c76841ef7fe48aee4399801ada3cadda,0.0
16655350,1676721239.0,0x6b98cc57707ebb21a796b1df547cdffda751c71c,0x433d46d0c76841ef7fe48aee4399801ada3cadda,0.0
16681478,1677038447.0,0x6b98cc57707ebb21a796b1df547cdffda751c71c,0x433d46d0c76841ef7fe48aee4399801ada3cadda,0.0
16733220,1677666995.0,0x6b98cc57707ebb21a796b1df547cdffda751c71c,0x433d46d0c76841ef7fe48aee4399801ada3cadda,0.0
16784052,1678284743.0,0x6b98cc57707ebb21a796b1df547cdffda751c71c,0x433d46d0c76841ef7fe48aee4399801ada3cadda,0.0
16784222,1678286819.0,0x6b98cc57707ebb21a796b1df547cdffda751c71c,0x433d46d0c76841ef7fe48aee4399801ada3cadda,0.0
16785530,1678302731.0,0x6b98cc57707ebb21a796b1df547cdffda751c71c,0x433d46d0c76841ef7fe48aee4399801ada3cadda,0.0
16792427,1678386503.0,0x6b98cc57707ebb21a796b1df547cdffda751c71c,0x433d46d0c76841ef7fe48aee4399801ada3cadda,0.0
16948021,1680275927.0,0x6b98cc57707ebb21a796b1df547cdffda751c71c,0x433d46d0c76841ef7fe48aee4399801ada3cadda,0.0
16963564,1680464855.0,0x6b98cc57707ebb21a796b1df547cdffda751c71c,0x433d46d0c76841ef7fe48aee4399801ada3cadda,0.0
16969969,1680542867.0,0x6b98cc57707ebb21a796b1df547cdffda751c71c,0x433d46d0c76841ef7fe48aee4399801ada3cadda,0.0
16970301,1680546887.0,0x6b98cc57707ebb21a796b1df547cdffda751c71c,0x433d46d0c76841ef7fe48aee4399801ada3cadda,0.0
17085975,1681972343.0,0x6b98cc57707ebb21a796b1df547cdffda751c71c,0x433d46d0c76841ef7fe48aee4399801ada3cadda,0.0
17327350,1684910663.0,0x6b98cc57707ebb21a796b1df547cdffda751c71c,0x433d46d0c76841ef7fe48aee4399801ada3cadda,0.0
17327377,1684911011.0,0x6b98cc57707ebb21a796b1df547cdffda751c71c,0x433d46d0c76841ef7fe48aee4399801ada3cadda,0.0
17484015,1686816659.0,0x4d6be4bfada38e0e7ca9d89574d134f2b7bb8193,0x433d46d0c76841ef7fe48aee4399801ada3cadda,0.0
17659921,1688951495.0,0x1b249d3f49830afb7395d0788f8eeaad6f8eae31,0x433d46d0c76841ef7fe48aee4399801ada3cadda,0.0
18179033,1695236159.0,0x1b249d3f49830afb7395d0788f8eeaad6f8eae31,0x433d46d0c76841ef7fe48aee4399801ada3cadda,0.0
18810095,1702868807.0,0x1b249d3f49830afb7395d0788f8eeaad6f8eae31,0x433d46d0c76841ef7fe48aee4399801ada3cadda,0.0
19140251,1706871335.0,0x1b249d3f49830afb7395d0788f8eeaad6f8eae31,0x433d46d0c76841ef7fe48aee4399801ada3cadda,0.0
