BlockHeight,TimeStamp,From,To,Value
15552758,1663411115.0,0x3b37e90a131d8c531903bf16d005254345677d04,0x43709b8a11e0870113906a62eb5c41decda9ab0a,0.05
15554828,1663436171.0,0x43709b8a11e0870113906a62eb5c41decda9ab0a,,0.0
15555065,1663439015.0,0x43709b8a11e0870113906a62eb5c41decda9ab0a,0xd18cbd6cbce919aefe027cfe361bed3882c7041c,0.0
15555155,1663440119.0,0x43709b8a11e0870113906a62eb5c41decda9ab0a,0xd18cbd6cbce919aefe027cfe361bed3882c7041c,0.0
15555160,1663440179.0,0x43709b8a11e0870113906a62eb5c41decda9ab0a,0xd18cbd6cbce919aefe027cfe361bed3882c7041c,0.0
15555162,1663440203.0,0x43709b8a11e0870113906a62eb5c41decda9ab0a,0xd18cbd6cbce919aefe027cfe361bed3882c7041c,0.0
15555164,1663440227.0,0x43709b8a11e0870113906a62eb5c41decda9ab0a,0xd18cbd6cbce919aefe027cfe361bed3882c7041c,0.0
15555164,1663440227.0,0x43709b8a11e0870113906a62eb5c41decda9ab0a,0xd18cbd6cbce919aefe027cfe361bed3882c7041c,0.0
15560224,1663501559.0,0x43709b8a11e0870113906a62eb5c41decda9ab0a,0xe1704406298ffb2a5fe22f2ecdc3c623c1c2cb7d,0.0387377757049719
