BlockHeight,TimeStamp,From,To,Value
15140009,1657791794.0,0x47ce0c6ed5b0ce3d3a51fdb1c52dc66a7c3c2936,0x43addb2a61e752aa50b9cc54ecd9c255b903276e,0.98931847292095
15148277,1657901403.0,0x43addb2a61e752aa50b9cc54ecd9c255b903276e,0x7edde0cb05ed19e03a9a47cd5e53fc57fde1c80c,0.0
15153461,1657970768.0,0x43addb2a61e752aa50b9cc54ecd9c255b903276e,0xc55c2175e90a46602fd42e931f62b3acc1a013ca,0.0
15153726,1657974232.0,0x43addb2a61e752aa50b9cc54ecd9c255b903276e,0xdac17f958d2ee523a2206206994597c13d831ec7,0.0
15155070,1657992852.0,0x43addb2a61e752aa50b9cc54ecd9c255b903276e,0xdac17f958d2ee523a2206206994597c13d831ec7,0.0
15168294,1658169403.0,0x43addb2a61e752aa50b9cc54ecd9c255b903276e,0x4d224452801aced8b2f0aebe155379bb5d594381,0.0
15171359,1658211117.0,0x43addb2a61e752aa50b9cc54ecd9c255b903276e,0x2a8e1e676ec238d8a992307b495b45b3feaa5e86,0.0
15171359,1658211117.0,0x43addb2a61e752aa50b9cc54ecd9c255b903276e,0x2a8e1e676ec238d8a992307b495b45b3feaa5e86,0.0
15174189,1658249011.0,0x43addb2a61e752aa50b9cc54ecd9c255b903276e,0x8a8116a794744977941c7d3743517410969aacbb,0.0
15181061,1658341201.0,0x43addb2a61e752aa50b9cc54ecd9c255b903276e,0xc0eb85285d83217cd7c891702bcbc0fc401e2d9d,0.0
15181069,1658341253.0,0x43addb2a61e752aa50b9cc54ecd9c255b903276e,0x467bccd9d29f223bce8043b84e8c8b282827790f,0.0
15185168,1658396425.0,0x43addb2a61e752aa50b9cc54ecd9c255b903276e,0x44017598f2af1bd733f9d87b5017b4e7c1b28dde,0.0
15187248,1658424103.0,0x43addb2a61e752aa50b9cc54ecd9c255b903276e,0x2309161a95338c2bd599aac99b83b1fe317dc020,0.1
15190732,1658470668.0,0x43addb2a61e752aa50b9cc54ecd9c255b903276e,0xce3f08e664693ca792cace4af1364d5e220827b2,0.0
15190733,1658470691.0,0x43addb2a61e752aa50b9cc54ecd9c255b903276e,0xebf2096e01455108badcbaf86ce30b6e5a72aa52,0.0
15192014,1658488354.0,0x43addb2a61e752aa50b9cc54ecd9c255b903276e,0x44709a920fccf795fbc57baa433cc3dd53c44dbe,0.0
15195507,1658533768.0,0x43addb2a61e752aa50b9cc54ecd9c255b903276e,0xc50ef449171a51fbeafd7c562b064b6471c36caa,0.0
15195507,1658533768.0,0x43addb2a61e752aa50b9cc54ecd9c255b903276e,0xc50ef449171a51fbeafd7c562b064b6471c36caa,0.0
15195515,1658533841.0,0x43addb2a61e752aa50b9cc54ecd9c255b903276e,0x9d38f670d15c14716be1f109a4f453e966a2b6d4,0.0
15196944,1658552679.0,0x43addb2a61e752aa50b9cc54ecd9c255b903276e,0x0391d2021f89dc339f60fff84546ea23e337750f,0.0
15197301,1658557357.0,0x43addb2a61e752aa50b9cc54ecd9c255b903276e,0xc50ef449171a51fbeafd7c562b064b6471c36caa,0.0
15199391,1658585436.0,0x43addb2a61e752aa50b9cc54ecd9c255b903276e,0xd13c7342e1ef687c5ad21b27c2b65d772cab5c8c,0.0
15199391,1658585436.0,0x43addb2a61e752aa50b9cc54ecd9c255b903276e,0xd13c7342e1ef687c5ad21b27c2b65d772cab5c8c,0.0
15199395,1658585569.0,0x43addb2a61e752aa50b9cc54ecd9c255b903276e,0x514910771af9ca656af840dff83e8264ecf986ca,0.0
15202535,1658627920.0,0x43addb2a61e752aa50b9cc54ecd9c255b903276e,0xf1ca9cb74685755965c7458528a36934df52a3ef,0.0
15216902,1658822039.0,0x43addb2a61e752aa50b9cc54ecd9c255b903276e,0x842b4a454e3a344d50c33e65300670a5b113a921,0.05
15218429,1658842951.0,0x43addb2a61e752aa50b9cc54ecd9c255b903276e,0xa0b86991c6218b36c1d19d4a2e9eb0ce3606eb48,0.0
15236100,1659080797.0,0x43addb2a61e752aa50b9cc54ecd9c255b903276e,0x7d1afa7b718fb893db30a3abc0cfc608aacfebb0,0.0
15250757,1659277485.0,0x43addb2a61e752aa50b9cc54ecd9c255b903276e,0x2b591e99afe9f32eaa6214f7b7629768c40eeb39,0.0
15250757,1659277485.0,0x43addb2a61e752aa50b9cc54ecd9c255b903276e,0x2b591e99afe9f32eaa6214f7b7629768c40eeb39,0.0
15250766,1659277596.0,0x43addb2a61e752aa50b9cc54ecd9c255b903276e,0xdacd69347de42babfaecd09dc88958378780fb62,0.0
15255803,1659345884.0,0x43addb2a61e752aa50b9cc54ecd9c255b903276e,0xfb5c6815ca3ac72ce9f5006869ae67f18bf77006,0.0
15262756,1659438674.0,0x43addb2a61e752aa50b9cc54ecd9c255b903276e,0x505b5eda5e25a67e1c24a2bf1a527ed9eb88bf04,0.0
15262923,1659440777.0,0x43addb2a61e752aa50b9cc54ecd9c255b903276e,0x0ab87046fbb341d058f17cbc4c1133f25a20a52f,0.0
15262924,1659440812.0,0x43addb2a61e752aa50b9cc54ecd9c255b903276e,0x0ab87046fbb341d058f17cbc4c1133f25a20a52f,0.0
15262985,1659441652.0,0x43addb2a61e752aa50b9cc54ecd9c255b903276e,0x505b5eda5e25a67e1c24a2bf1a527ed9eb88bf04,0.0
15262985,1659441652.0,0x43addb2a61e752aa50b9cc54ecd9c255b903276e,0x505b5eda5e25a67e1c24a2bf1a527ed9eb88bf04,0.0
15263121,1659443484.0,0x43addb2a61e752aa50b9cc54ecd9c255b903276e,0xdac17f958d2ee523a2206206994597c13d831ec7,0.0
15263143,1659443692.0,0x43addb2a61e752aa50b9cc54ecd9c255b903276e,0xfa14fa6958401314851a17d6c5360ca29f74b57b,0.0
15264518,1659462626.0,0x43addb2a61e752aa50b9cc54ecd9c255b903276e,0x028171bca77440897b824ca71d1c56cac55b68a3,0.0
15264518,1659462626.0,0x43addb2a61e752aa50b9cc54ecd9c255b903276e,0xbcca60bb61934080951369a648fb03df4f96263c,0.0
15269949,1659536109.0,0x43addb2a61e752aa50b9cc54ecd9c255b903276e,0xc18360217d8f7ab5e7c516566761ea12ce7f9d72,0.0
15286779,1659762338.0,0x43addb2a61e752aa50b9cc54ecd9c255b903276e,0xc12d1c73ee7dc3615ba4e37e4abfdbddfa38907e,0.0
15286783,1659762387.0,0x43addb2a61e752aa50b9cc54ecd9c255b903276e,0xc12d1c73ee7dc3615ba4e37e4abfdbddfa38907e,0.0
15286791,1659762511.0,0x43addb2a61e752aa50b9cc54ecd9c255b903276e,0xc12d1c73ee7dc3615ba4e37e4abfdbddfa38907e,0.0
15286799,1659762652.0,0x43addb2a61e752aa50b9cc54ecd9c255b903276e,0xc12d1c73ee7dc3615ba4e37e4abfdbddfa38907e,0.0
15286804,1659762767.0,0x43addb2a61e752aa50b9cc54ecd9c255b903276e,0xc12d1c73ee7dc3615ba4e37e4abfdbddfa38907e,0.0
15286804,1659762767.0,0x43addb2a61e752aa50b9cc54ecd9c255b903276e,0xc12d1c73ee7dc3615ba4e37e4abfdbddfa38907e,0.0
15286856,1659763348.0,0x43addb2a61e752aa50b9cc54ecd9c255b903276e,0xc12d1c73ee7dc3615ba4e37e4abfdbddfa38907e,0.0
15286892,1659763954.0,0x43addb2a61e752aa50b9cc54ecd9c255b903276e,0xc12d1c73ee7dc3615ba4e37e4abfdbddfa38907e,0.0
15286942,1659764618.0,0x43addb2a61e752aa50b9cc54ecd9c255b903276e,0xc12d1c73ee7dc3615ba4e37e4abfdbddfa38907e,0.0
15286993,1659765160.0,0x43addb2a61e752aa50b9cc54ecd9c255b903276e,0xc12d1c73ee7dc3615ba4e37e4abfdbddfa38907e,0.0
15287034,1659765763.0,0x43addb2a61e752aa50b9cc54ecd9c255b903276e,0xc12d1c73ee7dc3615ba4e37e4abfdbddfa38907e,0.0
15287073,1659766364.0,0x43addb2a61e752aa50b9cc54ecd9c255b903276e,0xc12d1c73ee7dc3615ba4e37e4abfdbddfa38907e,0.0
15287112,1659766930.0,0x43addb2a61e752aa50b9cc54ecd9c255b903276e,0xc12d1c73ee7dc3615ba4e37e4abfdbddfa38907e,0.0
15287156,1659767572.0,0x43addb2a61e752aa50b9cc54ecd9c255b903276e,0xc12d1c73ee7dc3615ba4e37e4abfdbddfa38907e,0.0
15287194,1659768153.0,0x43addb2a61e752aa50b9cc54ecd9c255b903276e,0xc12d1c73ee7dc3615ba4e37e4abfdbddfa38907e,0.0
15287239,1659768769.0,0x43addb2a61e752aa50b9cc54ecd9c255b903276e,0xc12d1c73ee7dc3615ba4e37e4abfdbddfa38907e,0.0
15287281,1659769351.0,0x43addb2a61e752aa50b9cc54ecd9c255b903276e,0xc12d1c73ee7dc3615ba4e37e4abfdbddfa38907e,0.0
15287323,1659769970.0,0x43addb2a61e752aa50b9cc54ecd9c255b903276e,0xc12d1c73ee7dc3615ba4e37e4abfdbddfa38907e,0.0
15287368,1659770545.0,0x43addb2a61e752aa50b9cc54ecd9c255b903276e,0xc12d1c73ee7dc3615ba4e37e4abfdbddfa38907e,0.0
15287410,1659771154.0,0x43addb2a61e752aa50b9cc54ecd9c255b903276e,0xc12d1c73ee7dc3615ba4e37e4abfdbddfa38907e,0.0
15293967,1659859372.0,0x43addb2a61e752aa50b9cc54ecd9c255b903276e,0xc12d1c73ee7dc3615ba4e37e4abfdbddfa38907e,0.0
15294369,1659864753.0,0x43addb2a61e752aa50b9cc54ecd9c255b903276e,0x77f9cf0bd8c500cffdf420e72343893aecc2ec0b,0.0
15301180,1659956734.0,0x1bf68a9d1eaee7826b3593c20a0ca93293cb489a,0x43addb2a61e752aa50b9cc54ecd9c255b903276e,0.0028113665004888
15301987,1659967347.0,0x43addb2a61e752aa50b9cc54ecd9c255b903276e,0x2f141ce366a2462f02cea3d12cf93e4dca49e4fd,0.0
15301999,1659967454.0,0x43addb2a61e752aa50b9cc54ecd9c255b903276e,0xa0b86991c6218b36c1d19d4a2e9eb0ce3606eb48,0.0
15305163,1660009740.0,0x43addb2a61e752aa50b9cc54ecd9c255b903276e,0x0cdf9acd87e940837ff21bb40c9fd55f68bba059,0.0
15308290,1660052205.0,0x43addb2a61e752aa50b9cc54ecd9c255b903276e,0xdac17f958d2ee523a2206206994597c13d831ec7,0.0
15312226,1660105116.0,0x43addb2a61e752aa50b9cc54ecd9c255b903276e,0xdac17f958d2ee523a2206206994597c13d831ec7,0.0
15313967,1660129269.0,0x43addb2a61e752aa50b9cc54ecd9c255b903276e,0x426ca1ea2406c07d75db9585f22781c096e3d0e0,0.0
15314251,1660133353.0,0x43addb2a61e752aa50b9cc54ecd9c255b903276e,0x2b591e99afe9f32eaa6214f7b7629768c40eeb39,0.0
15314253,1660133405.0,0x43addb2a61e752aa50b9cc54ecd9c255b903276e,0x3540abe4f288b280a0740ad5121aec337c404d15,0.0
15314256,1660133431.0,0x43addb2a61e752aa50b9cc54ecd9c255b903276e,0xa0b86991c6218b36c1d19d4a2e9eb0ce3606eb48,0.0
15314260,1660133466.0,0x43addb2a61e752aa50b9cc54ecd9c255b903276e,0xce3f08e664693ca792cace4af1364d5e220827b2,0.0
15314267,1660133551.0,0x43addb2a61e752aa50b9cc54ecd9c255b903276e,0xf4cd3d3fda8d7fd6c5a500203e38640a70bf9577,0.0
15320522,1660218398.0,0x43addb2a61e752aa50b9cc54ecd9c255b903276e,0x95ad61b0a150d79219dcf64e1e6cc01f0b64c4ce,0.0
15321500,1660231586.0,0x43addb2a61e752aa50b9cc54ecd9c255b903276e,0x0b452278223d3954f4ac050949d7998e373e7e43,0.0
15322835,1660250225.0,0x43addb2a61e752aa50b9cc54ecd9c255b903276e,0x993864e43caa7f7f12953ad6feb1d1ca635b875f,0.0
15334250,1660405356.0,0x43addb2a61e752aa50b9cc54ecd9c255b903276e,0x60a39010e4892b862d1bb6bdde908215ac5af6f3,0.0
15337582,1660450845.0,0x43addb2a61e752aa50b9cc54ecd9c255b903276e,0xde16ce60804a881e9f8c4ebb3824646edecd478d,0.0
15338893,1660468608.0,0x43addb2a61e752aa50b9cc54ecd9c255b903276e,0x35156b404c3f9bdaf45ab65ba315419bcde3775c,0.0
15338893,1660468608.0,0x43addb2a61e752aa50b9cc54ecd9c255b903276e,0x967da4048cd07ab37855c090aaf366e4ce1b9f48,0.0
15338901,1660468713.0,0x43addb2a61e752aa50b9cc54ecd9c255b903276e,0x426ca1ea2406c07d75db9585f22781c096e3d0e0,0.0
15339001,1660469973.0,0x43addb2a61e752aa50b9cc54ecd9c255b903276e,0x2b591e99afe9f32eaa6214f7b7629768c40eeb39,0.0
15339085,1660471122.0,0x43addb2a61e752aa50b9cc54ecd9c255b903276e,0x426ca1ea2406c07d75db9585f22781c096e3d0e0,0.0
15339111,1660471501.0,0x43addb2a61e752aa50b9cc54ecd9c255b903276e,0x426ca1ea2406c07d75db9585f22781c096e3d0e0,0.0
15339145,1660472077.0,0x43addb2a61e752aa50b9cc54ecd9c255b903276e,0x426ca1ea2406c07d75db9585f22781c096e3d0e0,0.0
15339150,1660472132.0,0x43addb2a61e752aa50b9cc54ecd9c255b903276e,0x188e817b02e635d482ae4d81e25dda98a97c4a42,0.0
15339151,1660472140.0,0x43addb2a61e752aa50b9cc54ecd9c255b903276e,0x89d24a6b4ccb1b6faa2625fe562bdd9a23260359,0.0
15339194,1660472731.0,0x43addb2a61e752aa50b9cc54ecd9c255b903276e,0x188e817b02e635d482ae4d81e25dda98a97c4a42,0.0
15339244,1660473301.0,0x43addb2a61e752aa50b9cc54ecd9c255b903276e,0x188e817b02e635d482ae4d81e25dda98a97c4a42,0.0
15339284,1660473910.0,0x43addb2a61e752aa50b9cc54ecd9c255b903276e,0x188e817b02e635d482ae4d81e25dda98a97c4a42,0.0
15339338,1660474500.0,0x43addb2a61e752aa50b9cc54ecd9c255b903276e,0x188e817b02e635d482ae4d81e25dda98a97c4a42,0.0
15340712,1660492848.0,0x43addb2a61e752aa50b9cc54ecd9c255b903276e,0xb0ebc05df959b00b4eecb8354647c71a80954df5,0.0
15340714,1660492858.0,0x43addb2a61e752aa50b9cc54ecd9c255b903276e,0x55b71cb471a2be25deee931cf1bbb81687884960,0.0
15343705,1660534129.0,0x43addb2a61e752aa50b9cc54ecd9c255b903276e,0x48c276e8d03813224bb1e55f953adb6d02fd3e02,0.0
15345692,1660562196.0,0x43addb2a61e752aa50b9cc54ecd9c255b903276e,0xdacd69347de42babfaecd09dc88958378780fb62,0.0
15351960,1660647301.0,0x43addb2a61e752aa50b9cc54ecd9c255b903276e,0xd46ba6d942050d489dbd938a2c909a5d5039a161,0.0
15352948,1660661078.0,0x43addb2a61e752aa50b9cc54ecd9c255b903276e,0xb70f8a3029cf10fd9e4a072a280484691ac4296a,0.0
15358094,1660730686.0,0x43addb2a61e752aa50b9cc54ecd9c255b903276e,0x4ad7a056191f4c9519facd6d75fa94ca26003ace,0.0
15358102,1660730785.0,0x43addb2a61e752aa50b9cc54ecd9c255b903276e,0x4ad7a056191f4c9519facd6d75fa94ca26003ace,0.0
15358108,1660730873.0,0x43addb2a61e752aa50b9cc54ecd9c255b903276e,0x4ad7a056191f4c9519facd6d75fa94ca26003ace,0.0
15358116,1660731040.0,0x43addb2a61e752aa50b9cc54ecd9c255b903276e,0x4ad7a056191f4c9519facd6d75fa94ca26003ace,0.0
15358117,1660731048.0,0x43addb2a61e752aa50b9cc54ecd9c255b903276e,0x4ad7a056191f4c9519facd6d75fa94ca26003ace,0.0
15358161,1660731666.0,0x43addb2a61e752aa50b9cc54ecd9c255b903276e,0x4ad7a056191f4c9519facd6d75fa94ca26003ace,0.0
15358206,1660732260.0,0x43addb2a61e752aa50b9cc54ecd9c255b903276e,0x4ad7a056191f4c9519facd6d75fa94ca26003ace,0.0
15358257,1660732855.0,0x43addb2a61e752aa50b9cc54ecd9c255b903276e,0x4ad7a056191f4c9519facd6d75fa94ca26003ace,0.0
15360433,1660762851.0,0x43addb2a61e752aa50b9cc54ecd9c255b903276e,0x188e817b02e635d482ae4d81e25dda98a97c4a42,0.0
15382626,1661066686.0,0x43addb2a61e752aa50b9cc54ecd9c255b903276e,0x505b5eda5e25a67e1c24a2bf1a527ed9eb88bf04,0.0
15391903,1661193290.0,0x43addb2a61e752aa50b9cc54ecd9c255b903276e,0xffe510a92434a0df346c5e72a3494b043cf249eb,0.0
15391912,1661193404.0,0x43addb2a61e752aa50b9cc54ecd9c255b903276e,0x056354f3ff20743aa4c0da365603871c7000b081,0.0
15409121,1661430880.0,0x43addb2a61e752aa50b9cc54ecd9c255b903276e,0xc02aaa39b223fe8d0a0e5c4f27ead9083c756cc2,0.0
15409121,1661430880.0,0x43addb2a61e752aa50b9cc54ecd9c255b903276e,0xc02aaa39b223fe8d0a0e5c4f27ead9083c756cc2,0.0
15409130,1661431009.0,0x43addb2a61e752aa50b9cc54ecd9c255b903276e,0x1982b2f5814301d4e9a8b0201555376e62f82428,0.0
15409141,1661431113.0,0x43addb2a61e752aa50b9cc54ecd9c255b903276e,0x1982b2f5814301d4e9a8b0201555376e62f82428,0.0
15409148,1661431226.0,0x43addb2a61e752aa50b9cc54ecd9c255b903276e,0x1982b2f5814301d4e9a8b0201555376e62f82428,0.0
15409154,1661431329.0,0x43addb2a61e752aa50b9cc54ecd9c255b903276e,0x1982b2f5814301d4e9a8b0201555376e62f82428,0.0
15409162,1661431473.0,0x43addb2a61e752aa50b9cc54ecd9c255b903276e,0x1982b2f5814301d4e9a8b0201555376e62f82428,0.0
15409521,1661436412.0,0x43addb2a61e752aa50b9cc54ecd9c255b903276e,0x1982b2f5814301d4e9a8b0201555376e62f82428,0.0
15409963,1661442411.0,0x43addb2a61e752aa50b9cc54ecd9c255b903276e,0x1982b2f5814301d4e9a8b0201555376e62f82428,0.0
15412553,1661478373.0,0x43addb2a61e752aa50b9cc54ecd9c255b903276e,0x1982b2f5814301d4e9a8b0201555376e62f82428,0.0
15414488,1661504995.0,0x46340b20830761efd32832a74d7169b29feb9758,0x43addb2a61e752aa50b9cc54ecd9c255b903276e,0.004
15415542,1661519484.0,0x43addb2a61e752aa50b9cc54ecd9c255b903276e,0x55b71cb471a2be25deee931cf1bbb81687884960,0.0
15417058,1661540452.0,0x43addb2a61e752aa50b9cc54ecd9c255b903276e,0x0f5d2fb29fb7d3cfee444a200298f468908cc942,0.0
15429195,1661708387.0,0x43addb2a61e752aa50b9cc54ecd9c255b903276e,0xf57e7e7c23978c3caec3c3548e3d615c346e79ff,0.0
15439896,1661855905.0,0x43addb2a61e752aa50b9cc54ecd9c255b903276e,0xd8912c10681d8b21fd3742244f44658dba12264e,0.0
15439896,1661855905.0,0x43addb2a61e752aa50b9cc54ecd9c255b903276e,0xd8912c10681d8b21fd3742244f44658dba12264e,0.0
15439896,1661855905.0,0x43addb2a61e752aa50b9cc54ecd9c255b903276e,0xd8912c10681d8b21fd3742244f44658dba12264e,0.0
15440583,1661865646.0,0x43addb2a61e752aa50b9cc54ecd9c255b903276e,0xdac17f958d2ee523a2206206994597c13d831ec7,0.0
15445549,1661934638.0,0x43addb2a61e752aa50b9cc54ecd9c255b903276e,0xab167e816e4d76089119900e941befdfa37d6b32,0.0
15450859,1662007598.0,0x43addb2a61e752aa50b9cc54ecd9c255b903276e,0x95aa5d2dbd3c16ee3fdea82d5c6ec3e38ce3314f,0.0
15450870,1662007696.0,0x43addb2a61e752aa50b9cc54ecd9c255b903276e,0x95aa5d2dbd3c16ee3fdea82d5c6ec3e38ce3314f,0.0
15450873,1662007719.0,0x43addb2a61e752aa50b9cc54ecd9c255b903276e,0x8a9c4dfe8b9d8962b31e4e16f8321c44d48e246e,0.0
15465906,1662215583.0,0x43addb2a61e752aa50b9cc54ecd9c255b903276e,0xb5c578947de0fd71303f71f2c3d41767438bd0de,0.0
15467208,1662233382.0,0x43addb2a61e752aa50b9cc54ecd9c255b903276e,0xdebdf24416cb3eb8e9c7fdd3bd35e33a6602876f,0.0519
15490373,1662554836.0,0x43addb2a61e752aa50b9cc54ecd9c255b903276e,0xc02aaa39b223fe8d0a0e5c4f27ead9083c756cc2,0.0
15490380,1662554903.0,0x43addb2a61e752aa50b9cc54ecd9c255b903276e,0xa0b86991c6218b36c1d19d4a2e9eb0ce3606eb48,0.0
15505847,1662770840.0,0x43addb2a61e752aa50b9cc54ecd9c255b903276e,0xdac17f958d2ee523a2206206994597c13d831ec7,0.0
15654904,1664646623.0,0x43addb2a61e752aa50b9cc54ecd9c255b903276e,0xdac17f958d2ee523a2206206994597c13d831ec7,0.0
15666453,1664785955.0,0x43addb2a61e752aa50b9cc54ecd9c255b903276e,0xdac17f958d2ee523a2206206994597c13d831ec7,0.0
15697782,1665164735.0,0x43addb2a61e752aa50b9cc54ecd9c255b903276e,0xc50ef449171a51fbeafd7c562b064b6471c36caa,0.0
15697786,1665164783.0,0x43addb2a61e752aa50b9cc54ecd9c255b903276e,0x40e0a6ef9dbadfc83c5e0d15262feb4638588d77,0.0
15697790,1665164831.0,0x43addb2a61e752aa50b9cc54ecd9c255b903276e,0x51fe2e572e97bfeb1d719809d743ec2675924edc,0.0
15697790,1665164831.0,0x43addb2a61e752aa50b9cc54ecd9c255b903276e,0xa0335820dc549dbfae5b8d691331cadfca7026e0,0.0
15697791,1665164843.0,0x43addb2a61e752aa50b9cc54ecd9c255b903276e,0xf1ca9cb74685755965c7458528a36934df52a3ef,0.0
15697792,1665164855.0,0x43addb2a61e752aa50b9cc54ecd9c255b903276e,0xf650c3d88d12db855b8bf7d11be6c55a4e07dcc9,0.0
15697793,1665164867.0,0x43addb2a61e752aa50b9cc54ecd9c255b903276e,0x69692d3345010a207b759a7d1af6fc7f38b35c5e,0.0
15697795,1665164891.0,0x43addb2a61e752aa50b9cc54ecd9c255b903276e,0xeb58343b36c7528f23caae63a150240241310049,0.0
15697796,1665164903.0,0x43addb2a61e752aa50b9cc54ecd9c255b903276e,0x7d5121505149065b562c789a0145ed750e6e8cdd,0.0
15697797,1665164915.0,0x43addb2a61e752aa50b9cc54ecd9c255b903276e,0x15d4c048f83bd7e37d49ea4c83a07267ec4203da,0.0
15697797,1665164915.0,0x43addb2a61e752aa50b9cc54ecd9c255b903276e,0xa0cf46eb152656c7090e769916eb44a138aaa406,0.0
15697797,1665164915.0,0x43addb2a61e752aa50b9cc54ecd9c255b903276e,0x028171bca77440897b824ca71d1c56cac55b68a3,0.0
15697797,1665164915.0,0x43addb2a61e752aa50b9cc54ecd9c255b903276e,0x4ad7a056191f4c9519facd6d75fa94ca26003ace,0.0
15697804,1665164999.0,0x43addb2a61e752aa50b9cc54ecd9c255b903276e,0x1f9840a85d5af5bf1d1762f925bdaddc4201f984,0.0
15697805,1665165011.0,0x43addb2a61e752aa50b9cc54ecd9c255b903276e,0x358aa737e033f34df7c54306960a38d09aabd523,0.0
15697808,1665165047.0,0x43addb2a61e752aa50b9cc54ecd9c255b903276e,0x54c9ea2e9c9e8ed865db4a4ce6711c2a0d5063ba,0.0
15697811,1665165083.0,0x43addb2a61e752aa50b9cc54ecd9c255b903276e,0xba7b2c094c1a4757f9534a37d296a3bed7f544dc,0.0
15697812,1665165095.0,0x43addb2a61e752aa50b9cc54ecd9c255b903276e,0x95ad61b0a150d79219dcf64e1e6cc01f0b64c4ce,0.0
15697813,1665165107.0,0x43addb2a61e752aa50b9cc54ecd9c255b903276e,0xc12d1c73ee7dc3615ba4e37e4abfdbddfa38907e,0.0
15697815,1665165131.0,0x43addb2a61e752aa50b9cc54ecd9c255b903276e,0x3c03b4ec9477809072ff9cc9292c9b25d4a8e6c6,0.0
15697825,1665165251.0,0x43addb2a61e752aa50b9cc54ecd9c255b903276e,0x6599fc3e77cbfa6f6e9cac605a30b1e78827eba0,0.0
15697827,1665165275.0,0x43addb2a61e752aa50b9cc54ecd9c255b903276e,0x028171bca77440897b824ca71d1c56cac55b68a3,0.0
15697881,1665165923.0,0x43addb2a61e752aa50b9cc54ecd9c255b903276e,0x4ad7a056191f4c9519facd6d75fa94ca26003ace,0.0
15697896,1665166103.0,0x43addb2a61e752aa50b9cc54ecd9c255b903276e,0xc12d1c73ee7dc3615ba4e37e4abfdbddfa38907e,0.0
15697924,1665166439.0,0x43addb2a61e752aa50b9cc54ecd9c255b903276e,0x4ad7a056191f4c9519facd6d75fa94ca26003ace,0.0
15697938,1665166619.0,0x43addb2a61e752aa50b9cc54ecd9c255b903276e,0xc12d1c73ee7dc3615ba4e37e4abfdbddfa38907e,0.0
15697973,1665167039.0,0x43addb2a61e752aa50b9cc54ecd9c255b903276e,0x4ad7a056191f4c9519facd6d75fa94ca26003ace,0.0
15697987,1665167207.0,0x43addb2a61e752aa50b9cc54ecd9c255b903276e,0xc12d1c73ee7dc3615ba4e37e4abfdbddfa38907e,0.0
15734009,1665601619.0,0x43addb2a61e752aa50b9cc54ecd9c255b903276e,0x426ca1ea2406c07d75db9585f22781c096e3d0e0,0.0
15734058,1665602219.0,0x43addb2a61e752aa50b9cc54ecd9c255b903276e,0x426ca1ea2406c07d75db9585f22781c096e3d0e0,0.0
15734108,1665602819.0,0x43addb2a61e752aa50b9cc54ecd9c255b903276e,0x426ca1ea2406c07d75db9585f22781c096e3d0e0,0.0
15797290,1666365095.0,0x43addb2a61e752aa50b9cc54ecd9c255b903276e,0x4ad7a056191f4c9519facd6d75fa94ca26003ace,0.0
15873566,1667286095.0,0x43addb2a61e752aa50b9cc54ecd9c255b903276e,0x30d20208d987713f46dfd34ef128bb16c404d10f,0.0
15931298,1667982695.0,0x43addb2a61e752aa50b9cc54ecd9c255b903276e,0xdac17f958d2ee523a2206206994597c13d831ec7,0.0
15968065,1668426395.0,0x43addb2a61e752aa50b9cc54ecd9c255b903276e,0xdac17f958d2ee523a2206206994597c13d831ec7,0.0
16535885,1675277663.0,0x43addb2a61e752aa50b9cc54ecd9c255b903276e,0xdac17f958d2ee523a2206206994597c13d831ec7,0.0
16665332,1676842427.0,0x43addb2a61e752aa50b9cc54ecd9c255b903276e,0x389999216860ab8e0175387a0c90e5c52522c945,0.0
16701064,1677276695.0,0x43addb2a61e752aa50b9cc54ecd9c255b903276e,0x07150e919b4de5fd6a63de1f9384828396f25fdc,0.0
16704874,1677322931.0,0x43addb2a61e752aa50b9cc54ecd9c255b903276e,0xc12d1c73ee7dc3615ba4e37e4abfdbddfa38907e,0.0
16705315,1677328331.0,0x43addb2a61e752aa50b9cc54ecd9c255b903276e,0xc12d1c73ee7dc3615ba4e37e4abfdbddfa38907e,0.0
16706506,1677342839.0,0x43addb2a61e752aa50b9cc54ecd9c255b903276e,0xc12d1c73ee7dc3615ba4e37e4abfdbddfa38907e,0.0
16723080,1677543839.0,0x43addb2a61e752aa50b9cc54ecd9c255b903276e,0x5732046a883704404f284ce41ffadd5b007fd668,0.0
16773254,1678153583.0,0x43addb2a61e752aa50b9cc54ecd9c255b903276e,0xdac17f958d2ee523a2206206994597c13d831ec7,0.0
16917280,1679902643.0,0x43addb2a61e752aa50b9cc54ecd9c255b903276e,0xa0b86991c6218b36c1d19d4a2e9eb0ce3606eb48,0.0
18181721,1695268607.0,0x43addb2a61e752aa50b9cc54ecd9c255b903276e,0xf1ca9cb74685755965c7458528a36934df52a3ef,0.0
18286311,1696533119.0,0x43addb2a61e752aa50b9cc54ecd9c255b903276e,0xdac17f958d2ee523a2206206994597c13d831ec7,0.0
19278126,1708543871.0,0x43addb2a61e752aa50b9cc54ecd9c255b903276e,0xdac17f958d2ee523a2206206994597c13d831ec7,0.0
19341186,1709306507.0,0x43addb2a61e752aa50b9cc54ecd9c255b903276e,0xdac17f958d2ee523a2206206994597c13d831ec7,0.0
19392178,1709921795.0,0x43addb2a61e752aa50b9cc54ecd9c255b903276e,0x4e15361fd6b4bb609fa63c81a2be19d873717870,0.0
