BlockHeight,TimeStamp,From,To,Value
14286449,1645941258.0,0xf9fb6ac9c053130c535712d4f773e785b0f70ed7,,0.0
14286454,1645941316.0,0xe58d35add7e19702a067355fda4e6a241ab0dc19,0x4504bfbf4ae479f179453db2f5b65abb9ccd5502,0.0
14286484,1645941769.0,0xf9fb6ac9c053130c535712d4f773e785b0f70ed7,0x4504bfbf4ae479f179453db2f5b65abb9ccd5502,0.0
14286489,1645941825.0,0x2b5835543720c63b330dea5e4921d06ef3f98600,0x4504bfbf4ae479f179453db2f5b65abb9ccd5502,0.0
14286540,1645942441.0,0x86384fa6e836e86c62adfa04e782f7c51c6d2586,0x4504bfbf4ae479f179453db2f5b65abb9ccd5502,0.0
14286559,1645942815.0,0xaebb64596a8b6625daf3991b2fa5ee1a43323dae,0x4504bfbf4ae479f179453db2f5b65abb9ccd5502,0.0
14286685,1645944477.0,0xadd41c3ae471f2aeef0e0c40c479ecbf6088f10e,0x4504bfbf4ae479f179453db2f5b65abb9ccd5502,0.0
14286704,1645944722.0,0x3d49f63fb9095aa9c95f85648ddb3c8a299978e5,0x4504bfbf4ae479f179453db2f5b65abb9ccd5502,0.0
14286725,1645944926.0,0xf05f4f38f8140b63a328e7acefd09e19265b06de,0x4504bfbf4ae479f179453db2f5b65abb9ccd5502,0.0
14286751,1645945236.0,0x31acb230edb1aa7dc29d665ce471a055061c385d,0x4504bfbf4ae479f179453db2f5b65abb9ccd5502,0.0
14286812,1645946176.0,0x35ea8fcdb2cebfee41bb8040ebb43ee947f92a54,0x4504bfbf4ae479f179453db2f5b65abb9ccd5502,0.0
14287038,1645949256.0,0x57e9c3317aea1ea5a8a90d8a82d9a5db14ae1f95,0x4504bfbf4ae479f179453db2f5b65abb9ccd5502,0.0
14287129,1645950323.0,0x375c89421cd0d708189df341467ef92b4c3be8e0,0x4504bfbf4ae479f179453db2f5b65abb9ccd5502,0.0
14287211,1645951477.0,0xeedeb0ff227586f988ae90a6b12fd01647fc90c1,0x4504bfbf4ae479f179453db2f5b65abb9ccd5502,0.0
14287274,1645952576.0,0xf09a7be7b8c1391e5267b6bb1dd552913c2a8ae2,0x4504bfbf4ae479f179453db2f5b65abb9ccd5502,0.0
14287364,1645953662.0,0x57e9c3317aea1ea5a8a90d8a82d9a5db14ae1f95,0x4504bfbf4ae479f179453db2f5b65abb9ccd5502,0.0
14287424,1645954323.0,0x57e9c3317aea1ea5a8a90d8a82d9a5db14ae1f95,0x4504bfbf4ae479f179453db2f5b65abb9ccd5502,0.0
14287555,1645956109.0,0xf53619d8726f197bfac0eeac9d93cb474f2343ee,0x4504bfbf4ae479f179453db2f5b65abb9ccd5502,0.0
14287619,1645957080.0,0x57e9c3317aea1ea5a8a90d8a82d9a5db14ae1f95,0x4504bfbf4ae479f179453db2f5b65abb9ccd5502,0.0
14287622,1645957153.0,0x82d675c8e34031ec60d2927f33989ebcdf8dcf19,0x4504bfbf4ae479f179453db2f5b65abb9ccd5502,0.0
14287861,1645960227.0,0xa7ac8e09f716ffff4a5b6c035bb1f949928d3268,0x4504bfbf4ae479f179453db2f5b65abb9ccd5502,0.0
14287866,1645960294.0,0xa7ac8e09f716ffff4a5b6c035bb1f949928d3268,0x4504bfbf4ae479f179453db2f5b65abb9ccd5502,0.0
14287961,1645961416.0,0x961883c7434a5bc62c0867f47af834efbde2356b,0x4504bfbf4ae479f179453db2f5b65abb9ccd5502,0.0
14288012,1645962204.0,0xff592a010d735edb11cdd4eeb4eedf4b7faed95e,0x4504bfbf4ae479f179453db2f5b65abb9ccd5502,0.0
14288017,1645962249.0,0xd51175a51ee296be28cd9ec3c856213869bde5b5,0x4504bfbf4ae479f179453db2f5b65abb9ccd5502,0.0
14288162,1645964211.0,0xff592a010d735edb11cdd4eeb4eedf4b7faed95e,0x4504bfbf4ae479f179453db2f5b65abb9ccd5502,0.0
14288577,1645969935.0,0xe58d35add7e19702a067355fda4e6a241ab0dc19,0x4504bfbf4ae479f179453db2f5b65abb9ccd5502,0.0
14288601,1645970345.0,0xff592a010d735edb11cdd4eeb4eedf4b7faed95e,0x4504bfbf4ae479f179453db2f5b65abb9ccd5502,0.0
14288621,1645970561.0,0xf9fb6ac9c053130c535712d4f773e785b0f70ed7,0x4504bfbf4ae479f179453db2f5b65abb9ccd5502,0.0
14288658,1645971063.0,0xff592a010d735edb11cdd4eeb4eedf4b7faed95e,0x4504bfbf4ae479f179453db2f5b65abb9ccd5502,0.0
14288719,1645971942.0,0xe635a34ee321926597e012fb53317bcec71a6b8c,0x4504bfbf4ae479f179453db2f5b65abb9ccd5502,0.0
14288951,1645974938.0,0xd16d5021516ae4c4f8d89e18edd0171536f4d935,0x4504bfbf4ae479f179453db2f5b65abb9ccd5502,0.0
14289027,1645975873.0,0xff592a010d735edb11cdd4eeb4eedf4b7faed95e,0x4504bfbf4ae479f179453db2f5b65abb9ccd5502,0.0
14289075,1645976512.0,0xff592a010d735edb11cdd4eeb4eedf4b7faed95e,0x4504bfbf4ae479f179453db2f5b65abb9ccd5502,0.0
14289134,1645977030.0,0x1a4b0923b0f150b5fa8cdfb2138d0d78b1ec85fc,0x4504bfbf4ae479f179453db2f5b65abb9ccd5502,0.0
14289145,1645977181.0,0x1a4b0923b0f150b5fa8cdfb2138d0d78b1ec85fc,0x4504bfbf4ae479f179453db2f5b65abb9ccd5502,0.0
14289412,1645980519.0,0x99b572d1ee021cb838519560761320c53ccb6079,0x4504bfbf4ae479f179453db2f5b65abb9ccd5502,0.0
14289471,1645981386.0,0x99b572d1ee021cb838519560761320c53ccb6079,0x4504bfbf4ae479f179453db2f5b65abb9ccd5502,0.0
14289587,1645983114.0,0x99b572d1ee021cb838519560761320c53ccb6079,0x4504bfbf4ae479f179453db2f5b65abb9ccd5502,0.0
14289595,1645983218.0,0xe818077cba5bc212582deacbb78ece86e6a06cb8,0x4504bfbf4ae479f179453db2f5b65abb9ccd5502,0.0
14289686,1645984663.0,0x07372b1503a26fee503d565f4171bc8ba38df774,0x4504bfbf4ae479f179453db2f5b65abb9ccd5502,0.0
14289932,1645987836.0,0x70bdb5f7a82d49be6519a35324989369b60e2804,0x4504bfbf4ae479f179453db2f5b65abb9ccd5502,0.0
14290337,1645992966.0,0x82d675c8e34031ec60d2927f33989ebcdf8dcf19,0x4504bfbf4ae479f179453db2f5b65abb9ccd5502,0.0
14290526,1645995328.0,0xd16d5021516ae4c4f8d89e18edd0171536f4d935,0x4504bfbf4ae479f179453db2f5b65abb9ccd5502,0.0
14290675,1645997584.0,0xadd41c3ae471f2aeef0e0c40c479ecbf6088f10e,0x4504bfbf4ae479f179453db2f5b65abb9ccd5502,0.0
14290766,1645998828.0,0xadd41c3ae471f2aeef0e0c40c479ecbf6088f10e,0x4504bfbf4ae479f179453db2f5b65abb9ccd5502,0.0
14291360,1646006832.0,0xbecdfcf196cb5648e0edce4ec30ae9bf9f71903d,0x4504bfbf4ae479f179453db2f5b65abb9ccd5502,0.0
14291934,1646015113.0,0xadd41c3ae471f2aeef0e0c40c479ecbf6088f10e,0x4504bfbf4ae479f179453db2f5b65abb9ccd5502,0.0
14291941,1646015230.0,0xadd41c3ae471f2aeef0e0c40c479ecbf6088f10e,0x4504bfbf4ae479f179453db2f5b65abb9ccd5502,0.0
14292030,1646016641.0,0x98d749d9a3294bf23bb0e69d230cad2132204f8c,0x4504bfbf4ae479f179453db2f5b65abb9ccd5502,0.0
14292210,1646018837.0,0xbecdfcf196cb5648e0edce4ec30ae9bf9f71903d,0x4504bfbf4ae479f179453db2f5b65abb9ccd5502,0.0
14292594,1646023990.0,0xff592a010d735edb11cdd4eeb4eedf4b7faed95e,0x4504bfbf4ae479f179453db2f5b65abb9ccd5502,0.0
14292696,1646025465.0,0xe635a34ee321926597e012fb53317bcec71a6b8c,0x4504bfbf4ae479f179453db2f5b65abb9ccd5502,0.0
14292773,1646026511.0,0x19c04ca80c4168ea8ab469a0766a858d7172b320,0x4504bfbf4ae479f179453db2f5b65abb9ccd5502,0.0
14292780,1646026583.0,0x4a76af832574dcacd160ee278b9f9baf14eca16b,0x4504bfbf4ae479f179453db2f5b65abb9ccd5502,0.0
14292783,1646026664.0,0xff592a010d735edb11cdd4eeb4eedf4b7faed95e,0x4504bfbf4ae479f179453db2f5b65abb9ccd5502,0.0
14292795,1646026875.0,0x4a76af832574dcacd160ee278b9f9baf14eca16b,0x4504bfbf4ae479f179453db2f5b65abb9ccd5502,0.0
14292809,1646027130.0,0xe58d35add7e19702a067355fda4e6a241ab0dc19,0x4504bfbf4ae479f179453db2f5b65abb9ccd5502,0.1
14292810,1646027131.0,0xd3fdd8546613b517693937c144cd34cd1532ff87,0x4504bfbf4ae479f179453db2f5b65abb9ccd5502,0.0
14292811,1646027193.0,0xe58d35add7e19702a067355fda4e6a241ab0dc19,0x4504bfbf4ae479f179453db2f5b65abb9ccd5502,0.0
14292824,1646027420.0,0xe58d35add7e19702a067355fda4e6a241ab0dc19,0x4504bfbf4ae479f179453db2f5b65abb9ccd5502,0.1
14292826,1646027473.0,0xe58d35add7e19702a067355fda4e6a241ab0dc19,0x4504bfbf4ae479f179453db2f5b65abb9ccd5502,0.0
14293507,1646036384.0,0xadd41c3ae471f2aeef0e0c40c479ecbf6088f10e,0x4504bfbf4ae479f179453db2f5b65abb9ccd5502,0.0
14293532,1646036747.0,0x9a35b76191c8326b22cad30dd3a65f9941a14ff9,0x4504bfbf4ae479f179453db2f5b65abb9ccd5502,0.0
14293566,1646037236.0,0x9a35b76191c8326b22cad30dd3a65f9941a14ff9,0x4504bfbf4ae479f179453db2f5b65abb9ccd5502,0.0
14293669,1646038540.0,0x07372b1503a26fee503d565f4171bc8ba38df774,0x4504bfbf4ae479f179453db2f5b65abb9ccd5502,0.0
14293737,1646039297.0,0x2d3de06f10318f0857b6581261a16e9d1c2a2bba,0x4504bfbf4ae479f179453db2f5b65abb9ccd5502,0.0
14294464,1646049027.0,0xff592a010d735edb11cdd4eeb4eedf4b7faed95e,0x4504bfbf4ae479f179453db2f5b65abb9ccd5502,0.0
14294612,1646050845.0,0xd51175a51ee296be28cd9ec3c856213869bde5b5,0x4504bfbf4ae479f179453db2f5b65abb9ccd5502,0.0
14294651,1646051388.0,0x80c717e3bb535c38da2b3aee1bbf95d9df5effaa,0x4504bfbf4ae479f179453db2f5b65abb9ccd5502,0.0
14294787,1646053140.0,0x80c717e3bb535c38da2b3aee1bbf95d9df5effaa,0x4504bfbf4ae479f179453db2f5b65abb9ccd5502,0.0
14296768,1646079448.0,0x968bebf0217f2b1af7a0e40a6d4f1d6bc6949ca7,0x4504bfbf4ae479f179453db2f5b65abb9ccd5502,0.0
14298063,1646096894.0,0x690bd347dec56df82f332e5a2c120515f210e1f7,0x4504bfbf4ae479f179453db2f5b65abb9ccd5502,0.0
14298841,1646107515.0,0xf9fb6ac9c053130c535712d4f773e785b0f70ed7,0x4504bfbf4ae479f179453db2f5b65abb9ccd5502,0.0
14300424,1646128494.0,0x70bdb5f7a82d49be6519a35324989369b60e2804,0x4504bfbf4ae479f179453db2f5b65abb9ccd5502,0.0
14300705,1646132220.0,0x690bd347dec56df82f332e5a2c120515f210e1f7,0x4504bfbf4ae479f179453db2f5b65abb9ccd5502,0.0
14301713,1646145451.0,0xf985978de4d740d3344e50b1cd0a051c5c5cc7d8,0x4504bfbf4ae479f179453db2f5b65abb9ccd5502,0.0
14302187,1646151839.0,0xf608fc861857bb4cb74ba52417e0d25d4c4cdeb5,0x4504bfbf4ae479f179453db2f5b65abb9ccd5502,0.0
14308367,1646233953.0,0x07372b1503a26fee503d565f4171bc8ba38df774,0x4504bfbf4ae479f179453db2f5b65abb9ccd5502,0.0
14308578,1646237216.0,0x2ffe9d3348baea573fa7a25fa9c94796e00695bc,0x4504bfbf4ae479f179453db2f5b65abb9ccd5502,0.0
