BlockHeight,TimeStamp,From,To,Value
14442557,1648038597.0,0xa0d7a960a695c0ed1840b0a6a57bec49eec807fb,,0.0
14442565,1648038716.0,0xa0d7a960a695c0ed1840b0a6a57bec49eec807fb,0x45f42bea2451c0d48a34c4ef88cb240b6ce25486,0.0
14443523,1648051449.0,0xa0d7a960a695c0ed1840b0a6a57bec49eec807fb,0x45f42bea2451c0d48a34c4ef88cb240b6ce25486,0.0
14443579,1648052243.0,0xa0d7a960a695c0ed1840b0a6a57bec49eec807fb,0x45f42bea2451c0d48a34c4ef88cb240b6ce25486,0.0
14443639,1648053023.0,0xa0d7a960a695c0ed1840b0a6a57bec49eec807fb,0x45f42bea2451c0d48a34c4ef88cb240b6ce25486,0.0
14443703,1648053924.0,0xa0d7a960a695c0ed1840b0a6a57bec49eec807fb,0x45f42bea2451c0d48a34c4ef88cb240b6ce25486,0.0
14443756,1648054450.0,0x45f42bea2451c0d48a34c4ef88cb240b6ce25486,0xa0d7a960a695c0ed1840b0a6a57bec49eec807fb,59.99999999999999
14443756,1648054450.0,0xc02aaa39b223fe8d0a0e5c4f27ead9083c756cc2,0x45f42bea2451c0d48a34c4ef88cb240b6ce25486,59.99999999999999
14443756,1648054450.0,0xa0d7a960a695c0ed1840b0a6a57bec49eec807fb,0x45f42bea2451c0d48a34c4ef88cb240b6ce25486,0.0
14443784,1648054818.0,0xa0d7a960a695c0ed1840b0a6a57bec49eec807fb,0x45f42bea2451c0d48a34c4ef88cb240b6ce25486,0.0
14443843,1648055676.0,0xa0d7a960a695c0ed1840b0a6a57bec49eec807fb,0x45f42bea2451c0d48a34c4ef88cb240b6ce25486,0.0
14443901,1648056610.0,0xa0d7a960a695c0ed1840b0a6a57bec49eec807fb,0x45f42bea2451c0d48a34c4ef88cb240b6ce25486,0.0
14443967,1648057519.0,0xa0d7a960a695c0ed1840b0a6a57bec49eec807fb,0x45f42bea2451c0d48a34c4ef88cb240b6ce25486,0.0
14444102,1648059323.0,0xa0d7a960a695c0ed1840b0a6a57bec49eec807fb,0x45f42bea2451c0d48a34c4ef88cb240b6ce25486,0.0
14444116,1648059506.0,0xdbbf7a8fe8e07e11c631878b47b0f498732c1958,0x45f42bea2451c0d48a34c4ef88cb240b6ce25486,0.0
14444159,1648060032.0,0x4ae06fb032508b39b6866e2597fb1104be22ae69,0x45f42bea2451c0d48a34c4ef88cb240b6ce25486,0.0
14444184,1648060216.0,0xa0d7a960a695c0ed1840b0a6a57bec49eec807fb,0x45f42bea2451c0d48a34c4ef88cb240b6ce25486,0.0
14444259,1648061255.0,0xa0d7a960a695c0ed1840b0a6a57bec49eec807fb,0x45f42bea2451c0d48a34c4ef88cb240b6ce25486,0.0
14444259,1648061255.0,0xc02aaa39b223fe8d0a0e5c4f27ead9083c756cc2,0x45f42bea2451c0d48a34c4ef88cb240b6ce25486,88.00000000000003
14444259,1648061255.0,0x45f42bea2451c0d48a34c4ef88cb240b6ce25486,0xa0d7a960a695c0ed1840b0a6a57bec49eec807fb,88.00000000000003
14444271,1648061418.0,0xa0d7a960a695c0ed1840b0a6a57bec49eec807fb,0x45f42bea2451c0d48a34c4ef88cb240b6ce25486,0.0
14444361,1648062635.0,0xa0d7a960a695c0ed1840b0a6a57bec49eec807fb,0x45f42bea2451c0d48a34c4ef88cb240b6ce25486,0.0
14444449,1648063815.0,0xa0d7a960a695c0ed1840b0a6a57bec49eec807fb,0x45f42bea2451c0d48a34c4ef88cb240b6ce25486,0.0
14444555,1648065023.0,0xa0d7a960a695c0ed1840b0a6a57bec49eec807fb,0x45f42bea2451c0d48a34c4ef88cb240b6ce25486,0.0
14444610,1648065748.0,0x05798be078e4742a19748d8d20d5c8c7d0d42bfe,0x45f42bea2451c0d48a34c4ef88cb240b6ce25486,0.0
14444642,1648066227.0,0xa0d7a960a695c0ed1840b0a6a57bec49eec807fb,0x45f42bea2451c0d48a34c4ef88cb240b6ce25486,0.0
14444655,1648066342.0,0x8d50ac744f567617047cc503cd315e0fd1661687,0x45f42bea2451c0d48a34c4ef88cb240b6ce25486,0.0
14444721,1648067234.0,0x05798be078e4742a19748d8d20d5c8c7d0d42bfe,0x45f42bea2451c0d48a34c4ef88cb240b6ce25486,0.0
14444737,1648067417.0,0xa0d7a960a695c0ed1840b0a6a57bec49eec807fb,0x45f42bea2451c0d48a34c4ef88cb240b6ce25486,0.0
14444827,1648068576.0,0xa0d7a960a695c0ed1840b0a6a57bec49eec807fb,0x45f42bea2451c0d48a34c4ef88cb240b6ce25486,0.0
14444922,1648069836.0,0xa0d7a960a695c0ed1840b0a6a57bec49eec807fb,0x45f42bea2451c0d48a34c4ef88cb240b6ce25486,0.0
14444979,1648070686.0,0xa0d7a960a695c0ed1840b0a6a57bec49eec807fb,0x45f42bea2451c0d48a34c4ef88cb240b6ce25486,0.0
14444979,1648070686.0,0x45f42bea2451c0d48a34c4ef88cb240b6ce25486,0xa0d7a960a695c0ed1840b0a6a57bec49eec807fb,60.0
14444979,1648070686.0,0xc02aaa39b223fe8d0a0e5c4f27ead9083c756cc2,0x45f42bea2451c0d48a34c4ef88cb240b6ce25486,60.0
14445005,1648070987.0,0xa0d7a960a695c0ed1840b0a6a57bec49eec807fb,0x45f42bea2451c0d48a34c4ef88cb240b6ce25486,0.0
14445079,1648072037.0,0x75d6197108f048685c1b9f1c87e8db9c53ba64b5,0x45f42bea2451c0d48a34c4ef88cb240b6ce25486,0.0
14445080,1648072039.0,0x75d6197108f048685c1b9f1c87e8db9c53ba64b5,0x45f42bea2451c0d48a34c4ef88cb240b6ce25486,0.0
14445099,1648072215.0,0xa0d7a960a695c0ed1840b0a6a57bec49eec807fb,0x45f42bea2451c0d48a34c4ef88cb240b6ce25486,0.0
14445198,1648073643.0,0xa0d7a960a695c0ed1840b0a6a57bec49eec807fb,0x45f42bea2451c0d48a34c4ef88cb240b6ce25486,0.0
14445273,1648074613.0,0xa0d7a960a695c0ed1840b0a6a57bec49eec807fb,0x45f42bea2451c0d48a34c4ef88cb240b6ce25486,0.0
14445277,1648074644.0,0x75d6197108f048685c1b9f1c87e8db9c53ba64b5,0x45f42bea2451c0d48a34c4ef88cb240b6ce25486,0.0
14445355,1648075819.0,0xa0d7a960a695c0ed1840b0a6a57bec49eec807fb,0x45f42bea2451c0d48a34c4ef88cb240b6ce25486,0.0
14445458,1648077024.0,0xa0d7a960a695c0ed1840b0a6a57bec49eec807fb,0x45f42bea2451c0d48a34c4ef88cb240b6ce25486,0.0
14445540,1648078213.0,0xa0d7a960a695c0ed1840b0a6a57bec49eec807fb,0x45f42bea2451c0d48a34c4ef88cb240b6ce25486,0.0
14445619,1648079414.0,0xa0d7a960a695c0ed1840b0a6a57bec49eec807fb,0x45f42bea2451c0d48a34c4ef88cb240b6ce25486,0.0
14445699,1648080633.0,0xa0d7a960a695c0ed1840b0a6a57bec49eec807fb,0x45f42bea2451c0d48a34c4ef88cb240b6ce25486,0.0
14445729,1648081042.0,0x4b22999ccc1cf3bb0a752b73f7d33e1f517619c8,0x45f42bea2451c0d48a34c4ef88cb240b6ce25486,0.0
14445793,1648081821.0,0xa0d7a960a695c0ed1840b0a6a57bec49eec807fb,0x45f42bea2451c0d48a34c4ef88cb240b6ce25486,0.0
14445892,1648083037.0,0xa0d7a960a695c0ed1840b0a6a57bec49eec807fb,0x45f42bea2451c0d48a34c4ef88cb240b6ce25486,0.0
14445895,1648083085.0,0xa0d7a960a695c0ed1840b0a6a57bec49eec807fb,0x45f42bea2451c0d48a34c4ef88cb240b6ce25486,0.0
14445895,1648083085.0,0x45f42bea2451c0d48a34c4ef88cb240b6ce25486,0xa0d7a960a695c0ed1840b0a6a57bec49eec807fb,79.99999999999999
14445895,1648083085.0,0xc02aaa39b223fe8d0a0e5c4f27ead9083c756cc2,0x45f42bea2451c0d48a34c4ef88cb240b6ce25486,79.99999999999999
14445985,1648084237.0,0xa0d7a960a695c0ed1840b0a6a57bec49eec807fb,0x45f42bea2451c0d48a34c4ef88cb240b6ce25486,0.0
14446061,1648085420.0,0xa0d7a960a695c0ed1840b0a6a57bec49eec807fb,0x45f42bea2451c0d48a34c4ef88cb240b6ce25486,0.0
14446136,1648086612.0,0xa0d7a960a695c0ed1840b0a6a57bec49eec807fb,0x45f42bea2451c0d48a34c4ef88cb240b6ce25486,0.0
14446223,1648087833.0,0xa0d7a960a695c0ed1840b0a6a57bec49eec807fb,0x45f42bea2451c0d48a34c4ef88cb240b6ce25486,0.0
14446320,1648089021.0,0xa0d7a960a695c0ed1840b0a6a57bec49eec807fb,0x45f42bea2451c0d48a34c4ef88cb240b6ce25486,0.0
14448761,1648122198.0,0x4b9737145278a35220f7948a9aee5896b6a9f256,0x45f42bea2451c0d48a34c4ef88cb240b6ce25486,0.0
14449014,1648125636.0,0xa0d7a960a695c0ed1840b0a6a57bec49eec807fb,0x45f42bea2451c0d48a34c4ef88cb240b6ce25486,0.0
14449014,1648125636.0,0xc02aaa39b223fe8d0a0e5c4f27ead9083c756cc2,0x45f42bea2451c0d48a34c4ef88cb240b6ce25486,100.0
14449014,1648125636.0,0x45f42bea2451c0d48a34c4ef88cb240b6ce25486,0xa0d7a960a695c0ed1840b0a6a57bec49eec807fb,100.0
14450483,1648145129.0,0x28962f29bc572ad68329fb734482e40519bcff52,0x45f42bea2451c0d48a34c4ef88cb240b6ce25486,0.0
14456508,1648225674.0,0x828392b869c607c3e75911590b2b07e827df41b2,0x45f42bea2451c0d48a34c4ef88cb240b6ce25486,0.0
14457984,1648245775.0,0xa0d7a960a695c0ed1840b0a6a57bec49eec807fb,0x45f42bea2451c0d48a34c4ef88cb240b6ce25486,0.0
14457984,1648245775.0,0xc02aaa39b223fe8d0a0e5c4f27ead9083c756cc2,0x45f42bea2451c0d48a34c4ef88cb240b6ce25486,40.6
14457984,1648245775.0,0x45f42bea2451c0d48a34c4ef88cb240b6ce25486,0xa0d7a960a695c0ed1840b0a6a57bec49eec807fb,40.6
14483108,1648583509.0,0xa0d7a960a695c0ed1840b0a6a57bec49eec807fb,0x45f42bea2451c0d48a34c4ef88cb240b6ce25486,0.0
14483108,1648583509.0,0xc02aaa39b223fe8d0a0e5c4f27ead9083c756cc2,0x45f42bea2451c0d48a34c4ef88cb240b6ce25486,9.0
14483108,1648583509.0,0x45f42bea2451c0d48a34c4ef88cb240b6ce25486,0xa0d7a960a695c0ed1840b0a6a57bec49eec807fb,9.0
14577386,1649856624.0,0xc02aaa39b223fe8d0a0e5c4f27ead9083c756cc2,0x45f42bea2451c0d48a34c4ef88cb240b6ce25486,1.1815617281273287
14577386,1649856624.0,0xa0d7a960a695c0ed1840b0a6a57bec49eec807fb,0x45f42bea2451c0d48a34c4ef88cb240b6ce25486,0.0
14577386,1649856624.0,0x45f42bea2451c0d48a34c4ef88cb240b6ce25486,0xa0d7a960a695c0ed1840b0a6a57bec49eec807fb,1.1815617281273287
