BlockHeight,TimeStamp,From,To,Value
14218325,1645030343.0,0x6b9bc18a52a551f273c16a25d974f09f1d01687f,,0.0
14218392,1645031093.0,0x6b9bc18a52a551f273c16a25d974f09f1d01687f,0x477e83fa7dfb41e64daf20ea6950bde9ea9e253c,0.0
14218480,1645032341.0,0xa3efe3cfbb76a6f0fadf0edf256d59c9459bb5ea,0x477e83fa7dfb41e64daf20ea6950bde9ea9e253c,0.6
14218523,1645032951.0,0xa3efe3cfbb76a6f0fadf0edf256d59c9459bb5ea,0x477e83fa7dfb41e64daf20ea6950bde9ea9e253c,0.0
14218568,1645033504.0,0x03d4447bd6c73009243a6bccf1012638361b17bf,0x477e83fa7dfb41e64daf20ea6950bde9ea9e253c,0.0
14218646,1645034336.0,0x6b9bc18a52a551f273c16a25d974f09f1d01687f,0x477e83fa7dfb41e64daf20ea6950bde9ea9e253c,0.0
14218658,1645034475.0,0x6b9bc18a52a551f273c16a25d974f09f1d01687f,0x477e83fa7dfb41e64daf20ea6950bde9ea9e253c,0.0
14218673,1645034663.0,0x74483c29da4733cb818f80686094c223a6ae1be7,0x477e83fa7dfb41e64daf20ea6950bde9ea9e253c,0.6
14218699,1645035020.0,0x6b9bc18a52a551f273c16a25d974f09f1d01687f,0x477e83fa7dfb41e64daf20ea6950bde9ea9e253c,0.0
14218736,1645035617.0,0x6b9bc18a52a551f273c16a25d974f09f1d01687f,0x477e83fa7dfb41e64daf20ea6950bde9ea9e253c,0.0
14218757,1645035919.0,0x6b9bc18a52a551f273c16a25d974f09f1d01687f,0x477e83fa7dfb41e64daf20ea6950bde9ea9e253c,0.0
14218772,1645036082.0,0x893093deed155478a5f96974124c6ee21b2d4e69,0x477e83fa7dfb41e64daf20ea6950bde9ea9e253c,0.12
14218783,1645036228.0,0x6b9bc18a52a551f273c16a25d974f09f1d01687f,0x477e83fa7dfb41e64daf20ea6950bde9ea9e253c,0.0
14218834,1645036826.0,0x6b9bc18a52a551f273c16a25d974f09f1d01687f,0x477e83fa7dfb41e64daf20ea6950bde9ea9e253c,0.0
14218864,1645037086.0,0xa65a3ce1138042a41e13fb309384ab307505fb14,0x477e83fa7dfb41e64daf20ea6950bde9ea9e253c,0.12
14218883,1645037425.0,0x6b9bc18a52a551f273c16a25d974f09f1d01687f,0x477e83fa7dfb41e64daf20ea6950bde9ea9e253c,0.0
14218924,1645037874.0,0x1386547268206d56ac36d5b27a4f1ec026a1cbf2,0x477e83fa7dfb41e64daf20ea6950bde9ea9e253c,0.0
14218934,1645038020.0,0x6b9bc18a52a551f273c16a25d974f09f1d01687f,0x477e83fa7dfb41e64daf20ea6950bde9ea9e253c,0.0
14218967,1645038623.0,0x6b9bc18a52a551f273c16a25d974f09f1d01687f,0x477e83fa7dfb41e64daf20ea6950bde9ea9e253c,0.0
14219005,1645039215.0,0x6b9bc18a52a551f273c16a25d974f09f1d01687f,0x477e83fa7dfb41e64daf20ea6950bde9ea9e253c,0.0
14219041,1645039516.0,0x6b9bc18a52a551f273c16a25d974f09f1d01687f,0x477e83fa7dfb41e64daf20ea6950bde9ea9e253c,0.0
14219063,1645039818.0,0x6b9bc18a52a551f273c16a25d974f09f1d01687f,0x477e83fa7dfb41e64daf20ea6950bde9ea9e253c,0.0
14219104,1645040416.0,0x6b9bc18a52a551f273c16a25d974f09f1d01687f,0x477e83fa7dfb41e64daf20ea6950bde9ea9e253c,0.0
14219159,1645041018.0,0x6b9bc18a52a551f273c16a25d974f09f1d01687f,0x477e83fa7dfb41e64daf20ea6950bde9ea9e253c,0.0
14219203,1645041625.0,0x6b9bc18a52a551f273c16a25d974f09f1d01687f,0x477e83fa7dfb41e64daf20ea6950bde9ea9e253c,0.0
14219250,1645042223.0,0x6b9bc18a52a551f273c16a25d974f09f1d01687f,0x477e83fa7dfb41e64daf20ea6950bde9ea9e253c,0.0
14219301,1645042818.0,0x6b9bc18a52a551f273c16a25d974f09f1d01687f,0x477e83fa7dfb41e64daf20ea6950bde9ea9e253c,0.0
14219324,1645043124.0,0x6b9bc18a52a551f273c16a25d974f09f1d01687f,0x477e83fa7dfb41e64daf20ea6950bde9ea9e253c,0.0
14219344,1645043423.0,0x6b9bc18a52a551f273c16a25d974f09f1d01687f,0x477e83fa7dfb41e64daf20ea6950bde9ea9e253c,0.0
14219390,1645043991.0,0x6b9bc18a52a551f273c16a25d974f09f1d01687f,0x477e83fa7dfb41e64daf20ea6950bde9ea9e253c,0.0
14219415,1645044317.0,0x6b9bc18a52a551f273c16a25d974f09f1d01687f,0x477e83fa7dfb41e64daf20ea6950bde9ea9e253c,0.0
14219415,1645044317.0,0x1386547268206d56ac36d5b27a4f1ec026a1cbf2,0x477e83fa7dfb41e64daf20ea6950bde9ea9e253c,0.0
14219431,1645044601.0,0x6b9bc18a52a551f273c16a25d974f09f1d01687f,0x477e83fa7dfb41e64daf20ea6950bde9ea9e253c,0.0
14219478,1645045198.0,0x6b9bc18a52a551f273c16a25d974f09f1d01687f,0x477e83fa7dfb41e64daf20ea6950bde9ea9e253c,0.0
14219511,1645045723.0,0xb01787b32d3ddbad6e87429c1d60d6052307f048,0x477e83fa7dfb41e64daf20ea6950bde9ea9e253c,0.12
14219520,1645045809.0,0x6b9bc18a52a551f273c16a25d974f09f1d01687f,0x477e83fa7dfb41e64daf20ea6950bde9ea9e253c,0.0
14219586,1645046715.0,0x6b9bc18a52a551f273c16a25d974f09f1d01687f,0x477e83fa7dfb41e64daf20ea6950bde9ea9e253c,0.0
14219611,1645047006.0,0x6b9bc18a52a551f273c16a25d974f09f1d01687f,0x477e83fa7dfb41e64daf20ea6950bde9ea9e253c,0.0
14219649,1645047622.0,0x6b9bc18a52a551f273c16a25d974f09f1d01687f,0x477e83fa7dfb41e64daf20ea6950bde9ea9e253c,0.0
14219696,1645048229.0,0x6b9bc18a52a551f273c16a25d974f09f1d01687f,0x477e83fa7dfb41e64daf20ea6950bde9ea9e253c,0.0
14219701,1645048315.0,0x1386547268206d56ac36d5b27a4f1ec026a1cbf2,0x477e83fa7dfb41e64daf20ea6950bde9ea9e253c,0.0
14219743,1645048781.0,0x1386547268206d56ac36d5b27a4f1ec026a1cbf2,0x477e83fa7dfb41e64daf20ea6950bde9ea9e253c,0.0
14219745,1645048846.0,0x6b9bc18a52a551f273c16a25d974f09f1d01687f,0x477e83fa7dfb41e64daf20ea6950bde9ea9e253c,0.0
14219788,1645049420.0,0x6b9bc18a52a551f273c16a25d974f09f1d01687f,0x477e83fa7dfb41e64daf20ea6950bde9ea9e253c,0.0
14219812,1645049758.0,0x6b9bc18a52a551f273c16a25d974f09f1d01687f,0x477e83fa7dfb41e64daf20ea6950bde9ea9e253c,0.0
14219831,1645050044.0,0x1386547268206d56ac36d5b27a4f1ec026a1cbf2,0x477e83fa7dfb41e64daf20ea6950bde9ea9e253c,0.0
14219913,1645051221.0,0x6b9bc18a52a551f273c16a25d974f09f1d01687f,0x477e83fa7dfb41e64daf20ea6950bde9ea9e253c,0.0
14219942,1645051462.0,0x17aa815f602efe85db36bfcd8a3f57d81ee5bf8f,0x477e83fa7dfb41e64daf20ea6950bde9ea9e253c,0.12
14220013,1645052413.0,0x6b9bc18a52a551f273c16a25d974f09f1d01687f,0x477e83fa7dfb41e64daf20ea6950bde9ea9e253c,0.0
14220060,1645053310.0,0x6b9bc18a52a551f273c16a25d974f09f1d01687f,0x477e83fa7dfb41e64daf20ea6950bde9ea9e253c,0.0
14220097,1645053913.0,0x6b9bc18a52a551f273c16a25d974f09f1d01687f,0x477e83fa7dfb41e64daf20ea6950bde9ea9e253c,0.0
14220120,1645054220.0,0x6b9bc18a52a551f273c16a25d974f09f1d01687f,0x477e83fa7dfb41e64daf20ea6950bde9ea9e253c,0.0
14220174,1645054857.0,0x6b9bc18a52a551f273c16a25d974f09f1d01687f,0x477e83fa7dfb41e64daf20ea6950bde9ea9e253c,0.0
14220213,1645055418.0,0x6b9bc18a52a551f273c16a25d974f09f1d01687f,0x477e83fa7dfb41e64daf20ea6950bde9ea9e253c,0.0
14220270,1645056016.0,0x6b9bc18a52a551f273c16a25d974f09f1d01687f,0x477e83fa7dfb41e64daf20ea6950bde9ea9e253c,0.0
14220313,1645056594.0,0x6b9bc18a52a551f273c16a25d974f09f1d01687f,0x477e83fa7dfb41e64daf20ea6950bde9ea9e253c,0.0
14220337,1645056960.0,0x6b9bc18a52a551f273c16a25d974f09f1d01687f,0x477e83fa7dfb41e64daf20ea6950bde9ea9e253c,0.0
14220353,1645057247.0,0x6b9bc18a52a551f273c16a25d974f09f1d01687f,0x477e83fa7dfb41e64daf20ea6950bde9ea9e253c,0.0
14220373,1645057519.0,0x6b9bc18a52a551f273c16a25d974f09f1d01687f,0x477e83fa7dfb41e64daf20ea6950bde9ea9e253c,0.0
14220400,1645057821.0,0x6b9bc18a52a551f273c16a25d974f09f1d01687f,0x477e83fa7dfb41e64daf20ea6950bde9ea9e253c,0.0
14220448,1645058444.0,0x1386547268206d56ac36d5b27a4f1ec026a1cbf2,0x477e83fa7dfb41e64daf20ea6950bde9ea9e253c,0.0
14220491,1645059151.0,0x6b9bc18a52a551f273c16a25d974f09f1d01687f,0x477e83fa7dfb41e64daf20ea6950bde9ea9e253c,0.0
14220531,1645059626.0,0x6b9bc18a52a551f273c16a25d974f09f1d01687f,0x477e83fa7dfb41e64daf20ea6950bde9ea9e253c,0.0
14220572,1645060205.0,0x6b9bc18a52a551f273c16a25d974f09f1d01687f,0x477e83fa7dfb41e64daf20ea6950bde9ea9e253c,0.0
14220591,1645060519.0,0x6b9bc18a52a551f273c16a25d974f09f1d01687f,0x477e83fa7dfb41e64daf20ea6950bde9ea9e253c,0.0
14220645,1645061123.0,0x6b9bc18a52a551f273c16a25d974f09f1d01687f,0x477e83fa7dfb41e64daf20ea6950bde9ea9e253c,0.0
14220703,1645062029.0,0x6b9bc18a52a551f273c16a25d974f09f1d01687f,0x477e83fa7dfb41e64daf20ea6950bde9ea9e253c,0.0
14220761,1645062606.0,0x6b9bc18a52a551f273c16a25d974f09f1d01687f,0x477e83fa7dfb41e64daf20ea6950bde9ea9e253c,0.0
14220800,1645063216.0,0x6b9bc18a52a551f273c16a25d974f09f1d01687f,0x477e83fa7dfb41e64daf20ea6950bde9ea9e253c,0.0
14220913,1645064716.0,0x6b9bc18a52a551f273c16a25d974f09f1d01687f,0x477e83fa7dfb41e64daf20ea6950bde9ea9e253c,0.0
14220993,1645065633.0,0x6b9bc18a52a551f273c16a25d974f09f1d01687f,0x477e83fa7dfb41e64daf20ea6950bde9ea9e253c,0.0
14221028,1645066114.0,0x6b9bc18a52a551f273c16a25d974f09f1d01687f,0x477e83fa7dfb41e64daf20ea6950bde9ea9e253c,0.0
14221087,1645066843.0,0x6b9bc18a52a551f273c16a25d974f09f1d01687f,0x477e83fa7dfb41e64daf20ea6950bde9ea9e253c,0.0
14221122,1645067424.0,0x6b9bc18a52a551f273c16a25d974f09f1d01687f,0x477e83fa7dfb41e64daf20ea6950bde9ea9e253c,0.0
14221139,1645067713.0,0x6b9bc18a52a551f273c16a25d974f09f1d01687f,0x477e83fa7dfb41e64daf20ea6950bde9ea9e253c,0.0
14221168,1645068019.0,0x6b9bc18a52a551f273c16a25d974f09f1d01687f,0x477e83fa7dfb41e64daf20ea6950bde9ea9e253c,0.0
14221208,1645068586.0,0x6b9bc18a52a551f273c16a25d974f09f1d01687f,0x477e83fa7dfb41e64daf20ea6950bde9ea9e253c,0.0
14221238,1645068964.0,0xf116569b3f888d639372a5485685a6d8ee28a593,0x477e83fa7dfb41e64daf20ea6950bde9ea9e253c,0.12
14221254,1645069176.0,0xecf93fdf78575cb82dcd54b95db4975501b95e22,0x477e83fa7dfb41e64daf20ea6950bde9ea9e253c,0.12
14221257,1645069214.0,0x6b9bc18a52a551f273c16a25d974f09f1d01687f,0x477e83fa7dfb41e64daf20ea6950bde9ea9e253c,0.0
14221270,1645069396.0,0x99bbc53f84c73c0245aea97ae3cff9b0df3d7976,0x477e83fa7dfb41e64daf20ea6950bde9ea9e253c,0.12
14221318,1645070131.0,0x6b9bc18a52a551f273c16a25d974f09f1d01687f,0x477e83fa7dfb41e64daf20ea6950bde9ea9e253c,0.0
14221332,1645070316.0,0x7f36bac1bf73859bbeebc5fa46e78e4e7b39952c,0x477e83fa7dfb41e64daf20ea6950bde9ea9e253c,0.12
14221405,1645071011.0,0x4842fc5f3b3952710581d11f92e676ded363eef4,0x477e83fa7dfb41e64daf20ea6950bde9ea9e253c,0.12
14221425,1645071361.0,0x6b9bc18a52a551f273c16a25d974f09f1d01687f,0x477e83fa7dfb41e64daf20ea6950bde9ea9e253c,0.0
14221540,1645073146.0,0x6b9bc18a52a551f273c16a25d974f09f1d01687f,0x477e83fa7dfb41e64daf20ea6950bde9ea9e253c,0.0
14221684,1645074900.0,0x5d7dcb9f59d4e1cf96463a72e866966149df1552,0x477e83fa7dfb41e64daf20ea6950bde9ea9e253c,0.36
14221686,1645074946.0,0x6b9bc18a52a551f273c16a25d974f09f1d01687f,0x477e83fa7dfb41e64daf20ea6950bde9ea9e253c,0.0
14221831,1645076765.0,0x6b9bc18a52a551f273c16a25d974f09f1d01687f,0x477e83fa7dfb41e64daf20ea6950bde9ea9e253c,0.0
14221945,1645078046.0,0x93a4a706ba314802fe19007eeae0eb437624dc07,0x477e83fa7dfb41e64daf20ea6950bde9ea9e253c,0.12
14222047,1645079449.0,0x6b9bc18a52a551f273c16a25d974f09f1d01687f,0x477e83fa7dfb41e64daf20ea6950bde9ea9e253c,0.0
14222133,1645080504.0,0x1386547268206d56ac36d5b27a4f1ec026a1cbf2,0x477e83fa7dfb41e64daf20ea6950bde9ea9e253c,0.0
14222182,1645081182.0,0x8cf6b98f59487ed43f64c7a94516dca2f010acc8,0x477e83fa7dfb41e64daf20ea6950bde9ea9e253c,0.6
14222185,1645081228.0,0x6b9bc18a52a551f273c16a25d974f09f1d01687f,0x477e83fa7dfb41e64daf20ea6950bde9ea9e253c,0.0
14222259,1645082123.0,0x6b9bc18a52a551f273c16a25d974f09f1d01687f,0x477e83fa7dfb41e64daf20ea6950bde9ea9e253c,0.0
14222261,1645082165.0,0x6b9bc18a52a551f273c16a25d974f09f1d01687f,0x477e83fa7dfb41e64daf20ea6950bde9ea9e253c,0.0
14222331,1645083013.0,0x6b9bc18a52a551f273c16a25d974f09f1d01687f,0x477e83fa7dfb41e64daf20ea6950bde9ea9e253c,0.0
14222401,1645083950.0,0x6b9bc18a52a551f273c16a25d974f09f1d01687f,0x477e83fa7dfb41e64daf20ea6950bde9ea9e253c,0.0
14222471,1645084820.0,0x6b9bc18a52a551f273c16a25d974f09f1d01687f,0x477e83fa7dfb41e64daf20ea6950bde9ea9e253c,0.0
14222579,1645086463.0,0x1386547268206d56ac36d5b27a4f1ec026a1cbf2,0x477e83fa7dfb41e64daf20ea6950bde9ea9e253c,0.0
14222653,1645087700.0,0x1386547268206d56ac36d5b27a4f1ec026a1cbf2,0x477e83fa7dfb41e64daf20ea6950bde9ea9e253c,0.0
14222716,1645088440.0,0x6b9bc18a52a551f273c16a25d974f09f1d01687f,0x477e83fa7dfb41e64daf20ea6950bde9ea9e253c,0.0
14222781,1645089345.0,0x6b9bc18a52a551f273c16a25d974f09f1d01687f,0x477e83fa7dfb41e64daf20ea6950bde9ea9e253c,0.0
14222844,1645090230.0,0x6b9bc18a52a551f273c16a25d974f09f1d01687f,0x477e83fa7dfb41e64daf20ea6950bde9ea9e253c,0.0
14222906,1645091134.0,0x6b9bc18a52a551f273c16a25d974f09f1d01687f,0x477e83fa7dfb41e64daf20ea6950bde9ea9e253c,0.0
14222972,1645092046.0,0x6b9bc18a52a551f273c16a25d974f09f1d01687f,0x477e83fa7dfb41e64daf20ea6950bde9ea9e253c,0.0
14222998,1645092338.0,0x5fcdacbf5da6191256794ca1a7c2380fc147e94c,0x477e83fa7dfb41e64daf20ea6950bde9ea9e253c,0.24
14223003,1645092380.0,0x5fcdacbf5da6191256794ca1a7c2380fc147e94c,0x477e83fa7dfb41e64daf20ea6950bde9ea9e253c,0.24
14223048,1645092944.0,0x6b9bc18a52a551f273c16a25d974f09f1d01687f,0x477e83fa7dfb41e64daf20ea6950bde9ea9e253c,0.0
14223092,1645093577.0,0x1386547268206d56ac36d5b27a4f1ec026a1cbf2,0x477e83fa7dfb41e64daf20ea6950bde9ea9e253c,0.0
14223111,1645093846.0,0x6b9bc18a52a551f273c16a25d974f09f1d01687f,0x477e83fa7dfb41e64daf20ea6950bde9ea9e253c,0.0
14223159,1645094443.0,0x6b9bc18a52a551f273c16a25d974f09f1d01687f,0x477e83fa7dfb41e64daf20ea6950bde9ea9e253c,0.0
14223167,1645094535.0,0x186128aaf83b398f69dc66c68112a2e85a4b229a,0x477e83fa7dfb41e64daf20ea6950bde9ea9e253c,0.12
14223207,1645095040.0,0x6b9bc18a52a551f273c16a25d974f09f1d01687f,0x477e83fa7dfb41e64daf20ea6950bde9ea9e253c,0.0
14223245,1645095640.0,0x6b9bc18a52a551f273c16a25d974f09f1d01687f,0x477e83fa7dfb41e64daf20ea6950bde9ea9e253c,0.0
14223284,1645096029.0,0x6b9bc18a52a551f273c16a25d974f09f1d01687f,0x477e83fa7dfb41e64daf20ea6950bde9ea9e253c,0.0
14223301,1645096235.0,0x6b9bc18a52a551f273c16a25d974f09f1d01687f,0x477e83fa7dfb41e64daf20ea6950bde9ea9e253c,0.0
14223356,1645096848.0,0x6b9bc18a52a551f273c16a25d974f09f1d01687f,0x477e83fa7dfb41e64daf20ea6950bde9ea9e253c,0.0
14223377,1645097151.0,0x1386547268206d56ac36d5b27a4f1ec026a1cbf2,0x477e83fa7dfb41e64daf20ea6950bde9ea9e253c,0.0
14223383,1645097266.0,0xf5b0dfe3167726cd164d74774b2ccda79626ec92,0x477e83fa7dfb41e64daf20ea6950bde9ea9e253c,0.12
14223390,1645097446.0,0x6b9bc18a52a551f273c16a25d974f09f1d01687f,0x477e83fa7dfb41e64daf20ea6950bde9ea9e253c,0.0
14223437,1645098031.0,0x6b9bc18a52a551f273c16a25d974f09f1d01687f,0x477e83fa7dfb41e64daf20ea6950bde9ea9e253c,0.0
14223460,1645098349.0,0x6b9bc18a52a551f273c16a25d974f09f1d01687f,0x477e83fa7dfb41e64daf20ea6950bde9ea9e253c,0.0
14223475,1645098637.0,0x6b9bc18a52a551f273c16a25d974f09f1d01687f,0x477e83fa7dfb41e64daf20ea6950bde9ea9e253c,0.0
14223523,1645099243.0,0x6b9bc18a52a551f273c16a25d974f09f1d01687f,0x477e83fa7dfb41e64daf20ea6950bde9ea9e253c,0.0
14223566,1645099844.0,0x6b9bc18a52a551f273c16a25d974f09f1d01687f,0x477e83fa7dfb41e64daf20ea6950bde9ea9e253c,0.0
14223570,1645099895.0,0x6b9bc18a52a551f273c16a25d974f09f1d01687f,0x477e83fa7dfb41e64daf20ea6950bde9ea9e253c,0.0
14223584,1645100058.0,0x18d6ad70a534df2bd91ef131a06555d73dbef656,0x477e83fa7dfb41e64daf20ea6950bde9ea9e253c,0.6
14223608,1645100406.0,0x6b9bc18a52a551f273c16a25d974f09f1d01687f,0x477e83fa7dfb41e64daf20ea6950bde9ea9e253c,0.0
14223623,1645100647.0,0x270733580625da430716d46d80068100fed265bf,0x477e83fa7dfb41e64daf20ea6950bde9ea9e253c,0.6
14223631,1645100718.0,0x1386547268206d56ac36d5b27a4f1ec026a1cbf2,0x477e83fa7dfb41e64daf20ea6950bde9ea9e253c,0.0
14223653,1645101042.0,0x6b9bc18a52a551f273c16a25d974f09f1d01687f,0x477e83fa7dfb41e64daf20ea6950bde9ea9e253c,0.0
14223680,1645101351.0,0x6b9bc18a52a551f273c16a25d974f09f1d01687f,0x477e83fa7dfb41e64daf20ea6950bde9ea9e253c,0.0
14223700,1645101621.0,0x6b9bc18a52a551f273c16a25d974f09f1d01687f,0x477e83fa7dfb41e64daf20ea6950bde9ea9e253c,0.0
14223717,1645101800.0,0xb6a4280b5224d79f90d89566cd2de25fdb22a9b7,0x477e83fa7dfb41e64daf20ea6950bde9ea9e253c,0.12
14223731,1645101978.0,0x17aa815f602efe85db36bfcd8a3f57d81ee5bf8f,0x477e83fa7dfb41e64daf20ea6950bde9ea9e253c,0.12
14223751,1645102251.0,0x6b9bc18a52a551f273c16a25d974f09f1d01687f,0x477e83fa7dfb41e64daf20ea6950bde9ea9e253c,0.0
14223759,1645102349.0,0xb6a4280b5224d79f90d89566cd2de25fdb22a9b7,0x477e83fa7dfb41e64daf20ea6950bde9ea9e253c,0.12
14223773,1645102534.0,0x6b9bc18a52a551f273c16a25d974f09f1d01687f,0x477e83fa7dfb41e64daf20ea6950bde9ea9e253c,0.0
14223790,1645102747.0,0x6b9bc18a52a551f273c16a25d974f09f1d01687f,0x477e83fa7dfb41e64daf20ea6950bde9ea9e253c,0.0
14223794,1645102813.0,0x6b9bc18a52a551f273c16a25d974f09f1d01687f,0x477e83fa7dfb41e64daf20ea6950bde9ea9e253c,0.0
14223878,1645104043.0,0x6b9bc18a52a551f273c16a25d974f09f1d01687f,0x477e83fa7dfb41e64daf20ea6950bde9ea9e253c,0.0
14223897,1645104288.0,0xc1b8831e35efa10269231a0d1190eb4deba1057c,0x477e83fa7dfb41e64daf20ea6950bde9ea9e253c,0.12
14223898,1645104319.0,0x1386547268206d56ac36d5b27a4f1ec026a1cbf2,0x477e83fa7dfb41e64daf20ea6950bde9ea9e253c,0.0
14223921,1645104631.0,0x6b9bc18a52a551f273c16a25d974f09f1d01687f,0x477e83fa7dfb41e64daf20ea6950bde9ea9e253c,0.0
14223949,1645104957.0,0x6b9bc18a52a551f273c16a25d974f09f1d01687f,0x477e83fa7dfb41e64daf20ea6950bde9ea9e253c,0.0
14223975,1645105227.0,0x6b9bc18a52a551f273c16a25d974f09f1d01687f,0x477e83fa7dfb41e64daf20ea6950bde9ea9e253c,0.0
14224016,1645105842.0,0x6b9bc18a52a551f273c16a25d974f09f1d01687f,0x477e83fa7dfb41e64daf20ea6950bde9ea9e253c,0.0
14224058,1645106439.0,0x6b9bc18a52a551f273c16a25d974f09f1d01687f,0x477e83fa7dfb41e64daf20ea6950bde9ea9e253c,0.0
14224073,1645106647.0,0x4a78f4941d5ac48c2ffd2c0e4e11088819ccadde,0x477e83fa7dfb41e64daf20ea6950bde9ea9e253c,0.12
14224110,1645107041.0,0x6b9bc18a52a551f273c16a25d974f09f1d01687f,0x477e83fa7dfb41e64daf20ea6950bde9ea9e253c,0.0
14224146,1645107642.0,0x6b9bc18a52a551f273c16a25d974f09f1d01687f,0x477e83fa7dfb41e64daf20ea6950bde9ea9e253c,0.0
14224171,1645107946.0,0x1386547268206d56ac36d5b27a4f1ec026a1cbf2,0x477e83fa7dfb41e64daf20ea6950bde9ea9e253c,0.0
14224198,1645108233.0,0x6b9bc18a52a551f273c16a25d974f09f1d01687f,0x477e83fa7dfb41e64daf20ea6950bde9ea9e253c,0.0
14224219,1645108547.0,0x6b9bc18a52a551f273c16a25d974f09f1d01687f,0x477e83fa7dfb41e64daf20ea6950bde9ea9e253c,0.0
14224237,1645108851.0,0x6b9bc18a52a551f273c16a25d974f09f1d01687f,0x477e83fa7dfb41e64daf20ea6950bde9ea9e253c,0.0
14224260,1645109129.0,0x6b9bc18a52a551f273c16a25d974f09f1d01687f,0x477e83fa7dfb41e64daf20ea6950bde9ea9e253c,0.0
14224275,1645109427.0,0x6b9bc18a52a551f273c16a25d974f09f1d01687f,0x477e83fa7dfb41e64daf20ea6950bde9ea9e253c,0.0
14224296,1645109752.0,0x6b9bc18a52a551f273c16a25d974f09f1d01687f,0x477e83fa7dfb41e64daf20ea6950bde9ea9e253c,0.0
14224311,1645109948.0,0x6b9bc18a52a551f273c16a25d974f09f1d01687f,0x477e83fa7dfb41e64daf20ea6950bde9ea9e253c,0.0
14224315,1645110075.0,0x6b9bc18a52a551f273c16a25d974f09f1d01687f,0x477e83fa7dfb41e64daf20ea6950bde9ea9e253c,0.0
14224335,1645110382.0,0x1386547268206d56ac36d5b27a4f1ec026a1cbf2,0x477e83fa7dfb41e64daf20ea6950bde9ea9e253c,0.0
14224353,1645110648.0,0x6b9bc18a52a551f273c16a25d974f09f1d01687f,0x477e83fa7dfb41e64daf20ea6950bde9ea9e253c,0.0
14224367,1645110951.0,0x92443d42a939999a75318aa9965d0481c56d2dca,0x477e83fa7dfb41e64daf20ea6950bde9ea9e253c,0.24
14224367,1645110951.0,0x6b9bc18a52a551f273c16a25d974f09f1d01687f,0x477e83fa7dfb41e64daf20ea6950bde9ea9e253c,0.0
14224370,1645110973.0,0xe4c6384b03a0350eb4d891ad8b5f2af98040c0b3,0x477e83fa7dfb41e64daf20ea6950bde9ea9e253c,0.12
14224384,1645111259.0,0x6b9bc18a52a551f273c16a25d974f09f1d01687f,0x477e83fa7dfb41e64daf20ea6950bde9ea9e253c,0.0
14224393,1645111398.0,0x80b09d3730f9fd606138f0b4fde7622e31082e66,0x477e83fa7dfb41e64daf20ea6950bde9ea9e253c,0.12
14224408,1645111708.0,0x6b9bc18a52a551f273c16a25d974f09f1d01687f,0x477e83fa7dfb41e64daf20ea6950bde9ea9e253c,0.0
14224416,1645111856.0,0x6b9bc18a52a551f273c16a25d974f09f1d01687f,0x477e83fa7dfb41e64daf20ea6950bde9ea9e253c,0.0
14224431,1645112042.0,0x929f31deb8b911012c4c0529d002e2628ae94930,0x477e83fa7dfb41e64daf20ea6950bde9ea9e253c,0.6
14224445,1645112161.0,0x1386547268206d56ac36d5b27a4f1ec026a1cbf2,0x477e83fa7dfb41e64daf20ea6950bde9ea9e253c,0.0
14224466,1645112432.0,0x6b9bc18a52a551f273c16a25d974f09f1d01687f,0x477e83fa7dfb41e64daf20ea6950bde9ea9e253c,0.0
14224472,1645112531.0,0xb702a24fa70781941f4ea165608374be97b9ccc2,0x477e83fa7dfb41e64daf20ea6950bde9ea9e253c,0.12
14224476,1645112643.0,0x5f1e79d29812d974aa5d48843e12630fa9ae4cbb,0x477e83fa7dfb41e64daf20ea6950bde9ea9e253c,0.12
14224487,1645112744.0,0x6b9bc18a52a551f273c16a25d974f09f1d01687f,0x477e83fa7dfb41e64daf20ea6950bde9ea9e253c,0.0
14224514,1645113133.0,0x6b9bc18a52a551f273c16a25d974f09f1d01687f,0x477e83fa7dfb41e64daf20ea6950bde9ea9e253c,0.0
14224545,1645113522.0,0x6b9bc18a52a551f273c16a25d974f09f1d01687f,0x477e83fa7dfb41e64daf20ea6950bde9ea9e253c,0.0
14224547,1645113552.0,0x6b9bc18a52a551f273c16a25d974f09f1d01687f,0x477e83fa7dfb41e64daf20ea6950bde9ea9e253c,0.0
14224554,1645113629.0,0x62598fbe13070a89a91cfca82d148a2943f476c7,0x477e83fa7dfb41e64daf20ea6950bde9ea9e253c,0.24
14224566,1645113842.0,0x06b47b0671296b6ed733b41c968406bd1cb6b757,0x477e83fa7dfb41e64daf20ea6950bde9ea9e253c,0.12
14224567,1645113908.0,0x6b9bc18a52a551f273c16a25d974f09f1d01687f,0x477e83fa7dfb41e64daf20ea6950bde9ea9e253c,0.0
14224579,1645114090.0,0x1386547268206d56ac36d5b27a4f1ec026a1cbf2,0x477e83fa7dfb41e64daf20ea6950bde9ea9e253c,0.0
14224598,1645114277.0,0x0ddd87453ccd259e3285df021c04c22c475c3ac7,0x477e83fa7dfb41e64daf20ea6950bde9ea9e253c,0.12
14224629,1645114519.0,0x6b9bc18a52a551f273c16a25d974f09f1d01687f,0x477e83fa7dfb41e64daf20ea6950bde9ea9e253c,0.0
14224677,1645115101.0,0x6b9bc18a52a551f273c16a25d974f09f1d01687f,0x477e83fa7dfb41e64daf20ea6950bde9ea9e253c,0.0
14224709,1645115556.0,0x06b47b0671296b6ed733b41c968406bd1cb6b757,0x477e83fa7dfb41e64daf20ea6950bde9ea9e253c,0.0
14224724,1645115719.0,0x6b9bc18a52a551f273c16a25d974f09f1d01687f,0x477e83fa7dfb41e64daf20ea6950bde9ea9e253c,0.0
14224746,1645115915.0,0x6b9bc18a52a551f273c16a25d974f09f1d01687f,0x477e83fa7dfb41e64daf20ea6950bde9ea9e253c,0.0
14224786,1645116438.0,0x72a3b7daa96d8f38a14014c2b94a9693677c2902,0x477e83fa7dfb41e64daf20ea6950bde9ea9e253c,0.12
14224823,1645116935.0,0x72a3b7daa96d8f38a14014c2b94a9693677c2902,0x477e83fa7dfb41e64daf20ea6950bde9ea9e253c,0.12
14224823,1645116935.0,0x6b9bc18a52a551f273c16a25d974f09f1d01687f,0x477e83fa7dfb41e64daf20ea6950bde9ea9e253c,0.0
14224858,1645117411.0,0x993bdbb7a907adcc60ecb5aff5b6a1b03400cb3b,0x477e83fa7dfb41e64daf20ea6950bde9ea9e253c,0.24
14224870,1645117536.0,0x6b9bc18a52a551f273c16a25d974f09f1d01687f,0x477e83fa7dfb41e64daf20ea6950bde9ea9e253c,0.0
14224890,1645117697.0,0x1386547268206d56ac36d5b27a4f1ec026a1cbf2,0x477e83fa7dfb41e64daf20ea6950bde9ea9e253c,0.0
14224922,1645118136.0,0x6b9bc18a52a551f273c16a25d974f09f1d01687f,0x477e83fa7dfb41e64daf20ea6950bde9ea9e253c,0.0
14224974,1645118739.0,0x6b9bc18a52a551f273c16a25d974f09f1d01687f,0x477e83fa7dfb41e64daf20ea6950bde9ea9e253c,0.0
14225064,1645119870.0,0xc7502c148b7cf1f9fe9e7a255a77f9c1fd7dccaf,0x477e83fa7dfb41e64daf20ea6950bde9ea9e253c,0.12
14225117,1645120550.0,0x6b9bc18a52a551f273c16a25d974f09f1d01687f,0x477e83fa7dfb41e64daf20ea6950bde9ea9e253c,0.0
14225150,1645121072.0,0x6b9bc18a52a551f273c16a25d974f09f1d01687f,0x477e83fa7dfb41e64daf20ea6950bde9ea9e253c,0.0
14225162,1645121192.0,0x6b9bc18a52a551f273c16a25d974f09f1d01687f,0x477e83fa7dfb41e64daf20ea6950bde9ea9e253c,0.0
14225169,1645121295.0,0x1386547268206d56ac36d5b27a4f1ec026a1cbf2,0x477e83fa7dfb41e64daf20ea6950bde9ea9e253c,0.0
14225178,1645121386.0,0xc7502c148b7cf1f9fe9e7a255a77f9c1fd7dccaf,0x477e83fa7dfb41e64daf20ea6950bde9ea9e253c,0.48
14225191,1645121605.0,0xba79b053281a1f48d7479c9516fc8d6e919426b2,0x477e83fa7dfb41e64daf20ea6950bde9ea9e253c,0.24
14225200,1645121735.0,0x6b9bc18a52a551f273c16a25d974f09f1d01687f,0x477e83fa7dfb41e64daf20ea6950bde9ea9e253c,0.0
14225214,1645121883.0,0x6b9bc18a52a551f273c16a25d974f09f1d01687f,0x477e83fa7dfb41e64daf20ea6950bde9ea9e253c,0.0
14225230,1645122056.0,0x990df6889578c5be916e43647ce89c46ad5bedae,0x477e83fa7dfb41e64daf20ea6950bde9ea9e253c,0.12
14225233,1645122069.0,0xacf2bac183ddd7ef5abd890c426bface814bcd2c,0x477e83fa7dfb41e64daf20ea6950bde9ea9e253c,0.12
14225235,1645122107.0,0xacf2bac183ddd7ef5abd890c426bface814bcd2c,0x477e83fa7dfb41e64daf20ea6950bde9ea9e253c,0.36
14225239,1645122184.0,0x6b9bc18a52a551f273c16a25d974f09f1d01687f,0x477e83fa7dfb41e64daf20ea6950bde9ea9e253c,0.0
14225248,1645122341.0,0x6b9bc18a52a551f273c16a25d974f09f1d01687f,0x477e83fa7dfb41e64daf20ea6950bde9ea9e253c,0.0
14225252,1645122394.0,0xf71b2c489ac0ed49e50be8fd2ce34c382870a0c7,0x477e83fa7dfb41e64daf20ea6950bde9ea9e253c,0.12
14225280,1645122688.0,0x6b9bc18a52a551f273c16a25d974f09f1d01687f,0x477e83fa7dfb41e64daf20ea6950bde9ea9e253c,0.0
14225291,1645122851.0,0x689671361d07525d0c9712cbcd2ab5b93cc288f7,0x477e83fa7dfb41e64daf20ea6950bde9ea9e253c,1.2
14225292,1645122853.0,0x689671361d07525d0c9712cbcd2ab5b93cc288f7,0x477e83fa7dfb41e64daf20ea6950bde9ea9e253c,0.6
14225301,1645122938.0,0x6b9bc18a52a551f273c16a25d974f09f1d01687f,0x477e83fa7dfb41e64daf20ea6950bde9ea9e253c,0.0
14225312,1645123074.0,0x6b9bc18a52a551f273c16a25d974f09f1d01687f,0x477e83fa7dfb41e64daf20ea6950bde9ea9e253c,0.0
14225318,1645123143.0,0x6b9bc18a52a551f273c16a25d974f09f1d01687f,0x477e83fa7dfb41e64daf20ea6950bde9ea9e253c,0.0
14225356,1645123533.0,0x6b9bc18a52a551f273c16a25d974f09f1d01687f,0x477e83fa7dfb41e64daf20ea6950bde9ea9e253c,0.0
14225370,1645123766.0,0x5f4d0af3b94beb408dcb0a3aa96ec8a8c707d6ab,0x477e83fa7dfb41e64daf20ea6950bde9ea9e253c,0.12
14225386,1645124026.0,0x6b9bc18a52a551f273c16a25d974f09f1d01687f,0x477e83fa7dfb41e64daf20ea6950bde9ea9e253c,0.0
14225386,1645124026.0,0x97af81e6343b3f40b196937272e40073e194f601,0x477e83fa7dfb41e64daf20ea6950bde9ea9e253c,0.12
14225390,1645124141.0,0x6b9bc18a52a551f273c16a25d974f09f1d01687f,0x477e83fa7dfb41e64daf20ea6950bde9ea9e253c,0.0
14225438,1645124722.0,0x6b9bc18a52a551f273c16a25d974f09f1d01687f,0x477e83fa7dfb41e64daf20ea6950bde9ea9e253c,0.0
14225444,1645124839.0,0xce5beee66a8c4eab77b6231703a143bc2607fe00,0x477e83fa7dfb41e64daf20ea6950bde9ea9e253c,0.12
14225452,1645124934.0,0x6b9bc18a52a551f273c16a25d974f09f1d01687f,0x477e83fa7dfb41e64daf20ea6950bde9ea9e253c,0.0
14225476,1645125342.0,0x6b9bc18a52a551f273c16a25d974f09f1d01687f,0x477e83fa7dfb41e64daf20ea6950bde9ea9e253c,0.0
14225524,1645125923.0,0x6b9bc18a52a551f273c16a25d974f09f1d01687f,0x477e83fa7dfb41e64daf20ea6950bde9ea9e253c,0.0
14225562,1645126540.0,0x6b9bc18a52a551f273c16a25d974f09f1d01687f,0x477e83fa7dfb41e64daf20ea6950bde9ea9e253c,0.0
14225598,1645127097.0,0x6b9bc18a52a551f273c16a25d974f09f1d01687f,0x477e83fa7dfb41e64daf20ea6950bde9ea9e253c,0.0
14225644,1645127711.0,0x6b9bc18a52a551f273c16a25d974f09f1d01687f,0x477e83fa7dfb41e64daf20ea6950bde9ea9e253c,0.0
14225658,1645127952.0,0x6b9bc18a52a551f273c16a25d974f09f1d01687f,0x477e83fa7dfb41e64daf20ea6950bde9ea9e253c,0.0
14225678,1645128324.0,0x6b9bc18a52a551f273c16a25d974f09f1d01687f,0x477e83fa7dfb41e64daf20ea6950bde9ea9e253c,0.0
14225689,1645128521.0,0x6b9bc18a52a551f273c16a25d974f09f1d01687f,0x477e83fa7dfb41e64daf20ea6950bde9ea9e253c,0.0
14225717,1645128902.0,0x6b9bc18a52a551f273c16a25d974f09f1d01687f,0x477e83fa7dfb41e64daf20ea6950bde9ea9e253c,0.0
14225753,1645129379.0,0x6b9bc18a52a551f273c16a25d974f09f1d01687f,0x477e83fa7dfb41e64daf20ea6950bde9ea9e253c,0.0
14225769,1645129535.0,0x6b9bc18a52a551f273c16a25d974f09f1d01687f,0x477e83fa7dfb41e64daf20ea6950bde9ea9e253c,0.0
14225818,1645130138.0,0x6b9bc18a52a551f273c16a25d974f09f1d01687f,0x477e83fa7dfb41e64daf20ea6950bde9ea9e253c,0.0
14225863,1645130708.0,0x6b9bc18a52a551f273c16a25d974f09f1d01687f,0x477e83fa7dfb41e64daf20ea6950bde9ea9e253c,0.0
14225901,1645131157.0,0x5265ea79c0ac8d4eac553d351796a368dc243181,0x477e83fa7dfb41e64daf20ea6950bde9ea9e253c,0.48
14225910,1645131333.0,0x6b9bc18a52a551f273c16a25d974f09f1d01687f,0x477e83fa7dfb41e64daf20ea6950bde9ea9e253c,0.0
14225947,1645131867.0,0x5265ea79c0ac8d4eac553d351796a368dc243181,0x477e83fa7dfb41e64daf20ea6950bde9ea9e253c,0.12
14225947,1645131867.0,0x3d7618c825ff1b3a9a8694567f8dd81ea5820b8d,0x477e83fa7dfb41e64daf20ea6950bde9ea9e253c,0.12
14225948,1645131925.0,0x6b9bc18a52a551f273c16a25d974f09f1d01687f,0x477e83fa7dfb41e64daf20ea6950bde9ea9e253c,0.0
14225953,1645132019.0,0x3d7618c825ff1b3a9a8694567f8dd81ea5820b8d,0x477e83fa7dfb41e64daf20ea6950bde9ea9e253c,0.12
14225976,1645132233.0,0x6b9bc18a52a551f273c16a25d974f09f1d01687f,0x477e83fa7dfb41e64daf20ea6950bde9ea9e253c,0.0
14226057,1645133116.0,0x216e91e00fc6831e04a3f4f5452e1b7c99d9000b,0x477e83fa7dfb41e64daf20ea6950bde9ea9e253c,0.12
14226058,1645133130.0,0x6b9bc18a52a551f273c16a25d974f09f1d01687f,0x477e83fa7dfb41e64daf20ea6950bde9ea9e253c,0.0
14226073,1645133357.0,0x3d7618c825ff1b3a9a8694567f8dd81ea5820b8d,0x477e83fa7dfb41e64daf20ea6950bde9ea9e253c,0.0
14226073,1645133357.0,0x3d7618c825ff1b3a9a8694567f8dd81ea5820b8d,0x477e83fa7dfb41e64daf20ea6950bde9ea9e253c,0.0
14226102,1645133738.0,0x6b9bc18a52a551f273c16a25d974f09f1d01687f,0x477e83fa7dfb41e64daf20ea6950bde9ea9e253c,0.0
14226152,1645134305.0,0x6b9bc18a52a551f273c16a25d974f09f1d01687f,0x477e83fa7dfb41e64daf20ea6950bde9ea9e253c,0.0
14226177,1645134649.0,0x95298343ae03528a6b3c5d211005937f4987b51d,0x477e83fa7dfb41e64daf20ea6950bde9ea9e253c,0.12
14226195,1645134865.0,0x96c2444f392d3c56880a64150a603ac891dec6ff,0x477e83fa7dfb41e64daf20ea6950bde9ea9e253c,0.12
14226247,1645135547.0,0x6b9bc18a52a551f273c16a25d974f09f1d01687f,0x477e83fa7dfb41e64daf20ea6950bde9ea9e253c,0.0
14226261,1645135718.0,0x1cce7c248547b51cfc19729581f75b8d5827020b,0x477e83fa7dfb41e64daf20ea6950bde9ea9e253c,0.6
14226269,1645135827.0,0x1cce7c248547b51cfc19729581f75b8d5827020b,0x477e83fa7dfb41e64daf20ea6950bde9ea9e253c,0.6
14226279,1645135981.0,0x1cce7c248547b51cfc19729581f75b8d5827020b,0x477e83fa7dfb41e64daf20ea6950bde9ea9e253c,0.6
14226292,1645136137.0,0x6b9bc18a52a551f273c16a25d974f09f1d01687f,0x477e83fa7dfb41e64daf20ea6950bde9ea9e253c,0.0
14226308,1645136296.0,0x6b9bc18a52a551f273c16a25d974f09f1d01687f,0x477e83fa7dfb41e64daf20ea6950bde9ea9e253c,0.0
14226334,1645136693.0,0x52e62d8f7d68a986b88a017a950bcc4227b8be53,0x477e83fa7dfb41e64daf20ea6950bde9ea9e253c,0.12
14226337,1645136741.0,0x6b9bc18a52a551f273c16a25d974f09f1d01687f,0x477e83fa7dfb41e64daf20ea6950bde9ea9e253c,0.0
14226369,1645137151.0,0xd3436cf78cc05027abb211cac2e08b01b67fd8d9,0x477e83fa7dfb41e64daf20ea6950bde9ea9e253c,0.24
14226385,1645137339.0,0x6b9bc18a52a551f273c16a25d974f09f1d01687f,0x477e83fa7dfb41e64daf20ea6950bde9ea9e253c,0.0
14226449,1645138087.0,0x6b9bc18a52a551f273c16a25d974f09f1d01687f,0x477e83fa7dfb41e64daf20ea6950bde9ea9e253c,0.0
14226480,1645138533.0,0x6b9bc18a52a551f273c16a25d974f09f1d01687f,0x477e83fa7dfb41e64daf20ea6950bde9ea9e253c,0.0
14226528,1645139174.0,0x6b9bc18a52a551f273c16a25d974f09f1d01687f,0x477e83fa7dfb41e64daf20ea6950bde9ea9e253c,0.0
14226531,1645139220.0,0x6b9bc18a52a551f273c16a25d974f09f1d01687f,0x477e83fa7dfb41e64daf20ea6950bde9ea9e253c,0.0
14226570,1645139743.0,0x6b9bc18a52a551f273c16a25d974f09f1d01687f,0x477e83fa7dfb41e64daf20ea6950bde9ea9e253c,0.0
14226611,1645140336.0,0x6b9bc18a52a551f273c16a25d974f09f1d01687f,0x477e83fa7dfb41e64daf20ea6950bde9ea9e253c,0.0
14226657,1645140937.0,0x6b9bc18a52a551f273c16a25d974f09f1d01687f,0x477e83fa7dfb41e64daf20ea6950bde9ea9e253c,0.0
14226690,1645141513.0,0x6b9bc18a52a551f273c16a25d974f09f1d01687f,0x477e83fa7dfb41e64daf20ea6950bde9ea9e253c,0.0
14226693,1645141527.0,0x6b9bc18a52a551f273c16a25d974f09f1d01687f,0x477e83fa7dfb41e64daf20ea6950bde9ea9e253c,0.0
14226730,1645142136.0,0x6b9bc18a52a551f273c16a25d974f09f1d01687f,0x477e83fa7dfb41e64daf20ea6950bde9ea9e253c,0.0
14226756,1645142498.0,0x1d8852f8a0c9adc6918e3aa2a9ca64938c7086fd,0x477e83fa7dfb41e64daf20ea6950bde9ea9e253c,0.12
14226784,1645142712.0,0x6b9bc18a52a551f273c16a25d974f09f1d01687f,0x477e83fa7dfb41e64daf20ea6950bde9ea9e253c,0.0
14226801,1645142919.0,0x6b9bc18a52a551f273c16a25d974f09f1d01687f,0x477e83fa7dfb41e64daf20ea6950bde9ea9e253c,0.0
14226835,1645143340.0,0x6b9bc18a52a551f273c16a25d974f09f1d01687f,0x477e83fa7dfb41e64daf20ea6950bde9ea9e253c,0.0
14226870,1645143938.0,0x6b9bc18a52a551f273c16a25d974f09f1d01687f,0x477e83fa7dfb41e64daf20ea6950bde9ea9e253c,0.0
14226871,1645143946.0,0x1f16a9106b2ef346ac1748d8dc9c7f088847f694,0x477e83fa7dfb41e64daf20ea6950bde9ea9e253c,0.36
14226912,1645144457.0,0xb98836d8ae0ea68fe7362d97ff562f09500027b5,0x477e83fa7dfb41e64daf20ea6950bde9ea9e253c,0.12
14226916,1645144531.0,0x6b9bc18a52a551f273c16a25d974f09f1d01687f,0x477e83fa7dfb41e64daf20ea6950bde9ea9e253c,0.0
14226950,1645145058.0,0x6b9bc18a52a551f273c16a25d974f09f1d01687f,0x477e83fa7dfb41e64daf20ea6950bde9ea9e253c,0.0
14226955,1645145192.0,0x6b9bc18a52a551f273c16a25d974f09f1d01687f,0x477e83fa7dfb41e64daf20ea6950bde9ea9e253c,0.0
14226964,1645145314.0,0xf60374340e5919ced4fd6b6790b042127da2e7d3,0x477e83fa7dfb41e64daf20ea6950bde9ea9e253c,0.36
14226996,1645145730.0,0x6b9bc18a52a551f273c16a25d974f09f1d01687f,0x477e83fa7dfb41e64daf20ea6950bde9ea9e253c,0.0
14227040,1645146340.0,0x6b9bc18a52a551f273c16a25d974f09f1d01687f,0x477e83fa7dfb41e64daf20ea6950bde9ea9e253c,0.0
14227054,1645146531.0,0x6b9bc18a52a551f273c16a25d974f09f1d01687f,0x477e83fa7dfb41e64daf20ea6950bde9ea9e253c,0.0
14227059,1645146609.0,0x32618cebc5ea73aa52ce8bdf9cc3ba809f4701ad,0x477e83fa7dfb41e64daf20ea6950bde9ea9e253c,0.12
14227077,1645146936.0,0x6b9bc18a52a551f273c16a25d974f09f1d01687f,0x477e83fa7dfb41e64daf20ea6950bde9ea9e253c,0.0
14227127,1645147535.0,0x6b9bc18a52a551f273c16a25d974f09f1d01687f,0x477e83fa7dfb41e64daf20ea6950bde9ea9e253c,0.0
14227161,1645148035.0,0xe4c6384b03a0350eb4d891ad8b5f2af98040c0b3,0x477e83fa7dfb41e64daf20ea6950bde9ea9e253c,0.0
14227167,1645148122.0,0x6b9bc18a52a551f273c16a25d974f09f1d01687f,0x477e83fa7dfb41e64daf20ea6950bde9ea9e253c,0.0
14227213,1645148693.0,0x6b9bc18a52a551f273c16a25d974f09f1d01687f,0x477e83fa7dfb41e64daf20ea6950bde9ea9e253c,0.0
14227215,1645148740.0,0x6b9bc18a52a551f273c16a25d974f09f1d01687f,0x477e83fa7dfb41e64daf20ea6950bde9ea9e253c,0.0
14227269,1645149399.0,0x6b9bc18a52a551f273c16a25d974f09f1d01687f,0x477e83fa7dfb41e64daf20ea6950bde9ea9e253c,0.0
14227309,1645150113.0,0x6b9bc18a52a551f273c16a25d974f09f1d01687f,0x477e83fa7dfb41e64daf20ea6950bde9ea9e253c,0.0
14227334,1645150393.0,0x1386547268206d56ac36d5b27a4f1ec026a1cbf2,0x477e83fa7dfb41e64daf20ea6950bde9ea9e253c,0.0
14227351,1645150683.0,0x6b9bc18a52a551f273c16a25d974f09f1d01687f,0x477e83fa7dfb41e64daf20ea6950bde9ea9e253c,0.0
14227383,1645151019.0,0xa59eff52179185f1278d55d38800aeea98c89542,0x477e83fa7dfb41e64daf20ea6950bde9ea9e253c,0.12
14227418,1645151423.0,0x1386547268206d56ac36d5b27a4f1ec026a1cbf2,0x477e83fa7dfb41e64daf20ea6950bde9ea9e253c,0.0
14227418,1645151423.0,0xcef8dfaf271bd17ea5f2c8edd560b59570f4b5bc,0x477e83fa7dfb41e64daf20ea6950bde9ea9e253c,0.24
14227467,1645152130.0,0x1386547268206d56ac36d5b27a4f1ec026a1cbf2,0x477e83fa7dfb41e64daf20ea6950bde9ea9e253c,0.0
14227477,1645152312.0,0x6b9bc18a52a551f273c16a25d974f09f1d01687f,0x477e83fa7dfb41e64daf20ea6950bde9ea9e253c,0.0
14227524,1645152889.0,0x1386547268206d56ac36d5b27a4f1ec026a1cbf2,0x477e83fa7dfb41e64daf20ea6950bde9ea9e253c,0.0
14227571,1645153603.0,0x1386547268206d56ac36d5b27a4f1ec026a1cbf2,0x477e83fa7dfb41e64daf20ea6950bde9ea9e253c,0.0
14227587,1645153773.0,0x6b9bc18a52a551f273c16a25d974f09f1d01687f,0x477e83fa7dfb41e64daf20ea6950bde9ea9e253c,0.0
14227624,1645154325.0,0x1386547268206d56ac36d5b27a4f1ec026a1cbf2,0x477e83fa7dfb41e64daf20ea6950bde9ea9e253c,0.0
14227686,1645155041.0,0x1386547268206d56ac36d5b27a4f1ec026a1cbf2,0x477e83fa7dfb41e64daf20ea6950bde9ea9e253c,0.0
14227738,1645155754.0,0x1386547268206d56ac36d5b27a4f1ec026a1cbf2,0x477e83fa7dfb41e64daf20ea6950bde9ea9e253c,0.0
14227750,1645155907.0,0x6b9bc18a52a551f273c16a25d974f09f1d01687f,0x477e83fa7dfb41e64daf20ea6950bde9ea9e253c,0.0
14227780,1645156297.0,0xccffaf47449abebfd00a55aa34eaad5752f6f32d,0x477e83fa7dfb41e64daf20ea6950bde9ea9e253c,0.6
14227791,1645156465.0,0x1386547268206d56ac36d5b27a4f1ec026a1cbf2,0x477e83fa7dfb41e64daf20ea6950bde9ea9e253c,0.0
14227804,1645156624.0,0x1386547268206d56ac36d5b27a4f1ec026a1cbf2,0x477e83fa7dfb41e64daf20ea6950bde9ea9e253c,0.0
14227844,1645157201.0,0x1386547268206d56ac36d5b27a4f1ec026a1cbf2,0x477e83fa7dfb41e64daf20ea6950bde9ea9e253c,0.0
14227858,1645157343.0,0x6b9bc18a52a551f273c16a25d974f09f1d01687f,0x477e83fa7dfb41e64daf20ea6950bde9ea9e253c,0.0
14227868,1645157470.0,0x0d388658633418e8e51a7cf67c7059f863f053d9,0x477e83fa7dfb41e64daf20ea6950bde9ea9e253c,1.2
14227895,1645157910.0,0x1386547268206d56ac36d5b27a4f1ec026a1cbf2,0x477e83fa7dfb41e64daf20ea6950bde9ea9e253c,0.0
14227908,1645158097.0,0x0d388658633418e8e51a7cf67c7059f863f053d9,0x477e83fa7dfb41e64daf20ea6950bde9ea9e253c,1.2
14227910,1645158131.0,0x519396753727a24ca9dca41a3e21edd9873ac04b,0x477e83fa7dfb41e64daf20ea6950bde9ea9e253c,0.12
14227936,1645158607.0,0x1386547268206d56ac36d5b27a4f1ec026a1cbf2,0x477e83fa7dfb41e64daf20ea6950bde9ea9e253c,0.0
14227949,1645158800.0,0xa3a94526f3c53c1cdb4d8d1d7c193a3983f96770,0x477e83fa7dfb41e64daf20ea6950bde9ea9e253c,0.12
14227979,1645159240.0,0x72c4992799785bd8ed91d3647497960bdf36345e,0x477e83fa7dfb41e64daf20ea6950bde9ea9e253c,0.0
14227989,1645159333.0,0x1386547268206d56ac36d5b27a4f1ec026a1cbf2,0x477e83fa7dfb41e64daf20ea6950bde9ea9e253c,0.0
14228001,1645159511.0,0x6b9bc18a52a551f273c16a25d974f09f1d01687f,0x477e83fa7dfb41e64daf20ea6950bde9ea9e253c,0.0
14228042,1645160053.0,0x1386547268206d56ac36d5b27a4f1ec026a1cbf2,0x477e83fa7dfb41e64daf20ea6950bde9ea9e253c,0.0
14228089,1645160776.0,0x1386547268206d56ac36d5b27a4f1ec026a1cbf2,0x477e83fa7dfb41e64daf20ea6950bde9ea9e253c,0.0
14228097,1645160931.0,0x6b9bc18a52a551f273c16a25d974f09f1d01687f,0x477e83fa7dfb41e64daf20ea6950bde9ea9e253c,0.0
14228147,1645161524.0,0x1386547268206d56ac36d5b27a4f1ec026a1cbf2,0x477e83fa7dfb41e64daf20ea6950bde9ea9e253c,0.0
14228147,1645161524.0,0x83ba272bd44853fa1cac440c306d260d65dcf98d,0x477e83fa7dfb41e64daf20ea6950bde9ea9e253c,0.12
14228181,1645161919.0,0xeec842613ae048fb9e8f29d036a65b6a65f588c3,0x477e83fa7dfb41e64daf20ea6950bde9ea9e253c,0.6
14228198,1645162197.0,0xbaf9d2890f1f920bcc178920ee64e09707e45548,0x477e83fa7dfb41e64daf20ea6950bde9ea9e253c,0.12
14228201,1645162224.0,0x1386547268206d56ac36d5b27a4f1ec026a1cbf2,0x477e83fa7dfb41e64daf20ea6950bde9ea9e253c,0.0
14228238,1645162686.0,0xb33fc68e34f7699edeb4e3da0a2c2308d9ffdfe2,0x477e83fa7dfb41e64daf20ea6950bde9ea9e253c,0.12
14228254,1645162964.0,0x1386547268206d56ac36d5b27a4f1ec026a1cbf2,0x477e83fa7dfb41e64daf20ea6950bde9ea9e253c,0.0
14228263,1645163105.0,0x6b9bc18a52a551f273c16a25d974f09f1d01687f,0x477e83fa7dfb41e64daf20ea6950bde9ea9e253c,0.0
14228309,1645163676.0,0x1386547268206d56ac36d5b27a4f1ec026a1cbf2,0x477e83fa7dfb41e64daf20ea6950bde9ea9e253c,0.0
14228366,1645164391.0,0x1386547268206d56ac36d5b27a4f1ec026a1cbf2,0x477e83fa7dfb41e64daf20ea6950bde9ea9e253c,0.0
14228371,1645164519.0,0x6b9bc18a52a551f273c16a25d974f09f1d01687f,0x477e83fa7dfb41e64daf20ea6950bde9ea9e253c,0.0
14228410,1645165090.0,0x1386547268206d56ac36d5b27a4f1ec026a1cbf2,0x477e83fa7dfb41e64daf20ea6950bde9ea9e253c,0.0
14228450,1645165726.0,0xe5e93160b492a90182d2477ec81372bf70075f50,0x477e83fa7dfb41e64daf20ea6950bde9ea9e253c,0.12
14228459,1645165843.0,0x1386547268206d56ac36d5b27a4f1ec026a1cbf2,0x477e83fa7dfb41e64daf20ea6950bde9ea9e253c,0.0
14228517,1645166558.0,0x1386547268206d56ac36d5b27a4f1ec026a1cbf2,0x477e83fa7dfb41e64daf20ea6950bde9ea9e253c,0.0
14228521,1645166628.0,0x6b9bc18a52a551f273c16a25d974f09f1d01687f,0x477e83fa7dfb41e64daf20ea6950bde9ea9e253c,0.0
14228523,1645166719.0,0x6b9bc18a52a551f273c16a25d974f09f1d01687f,0x477e83fa7dfb41e64daf20ea6950bde9ea9e253c,0.0
14228562,1645167275.0,0x1386547268206d56ac36d5b27a4f1ec026a1cbf2,0x477e83fa7dfb41e64daf20ea6950bde9ea9e253c,0.0
14228622,1645168010.0,0x1386547268206d56ac36d5b27a4f1ec026a1cbf2,0x477e83fa7dfb41e64daf20ea6950bde9ea9e253c,0.0
14228670,1645168704.0,0x1386547268206d56ac36d5b27a4f1ec026a1cbf2,0x477e83fa7dfb41e64daf20ea6950bde9ea9e253c,0.0
14228722,1645169426.0,0x614a327739d48f526b6d18f41d1feab9a4f67fe3,0x477e83fa7dfb41e64daf20ea6950bde9ea9e253c,0.0
14228723,1645169434.0,0x1386547268206d56ac36d5b27a4f1ec026a1cbf2,0x477e83fa7dfb41e64daf20ea6950bde9ea9e253c,0.0
14228773,1645170157.0,0x1386547268206d56ac36d5b27a4f1ec026a1cbf2,0x477e83fa7dfb41e64daf20ea6950bde9ea9e253c,0.0
14228782,1645170304.0,0x6b9bc18a52a551f273c16a25d974f09f1d01687f,0x477e83fa7dfb41e64daf20ea6950bde9ea9e253c,0.0
14228804,1645170676.0,0x614a327739d48f526b6d18f41d1feab9a4f67fe3,0x477e83fa7dfb41e64daf20ea6950bde9ea9e253c,0.0
14228812,1645170764.0,0xf2c98b924fae9a13e51965a5845af633f56ab3d3,0x477e83fa7dfb41e64daf20ea6950bde9ea9e253c,0.12
14228818,1645170802.0,0xf2c98b924fae9a13e51965a5845af633f56ab3d3,0x477e83fa7dfb41e64daf20ea6950bde9ea9e253c,0.12
14228826,1645170887.0,0x1386547268206d56ac36d5b27a4f1ec026a1cbf2,0x477e83fa7dfb41e64daf20ea6950bde9ea9e253c,0.0
14228874,1645171569.0,0x1386547268206d56ac36d5b27a4f1ec026a1cbf2,0x477e83fa7dfb41e64daf20ea6950bde9ea9e253c,0.0
14228882,1645171666.0,0x614a327739d48f526b6d18f41d1feab9a4f67fe3,0x477e83fa7dfb41e64daf20ea6950bde9ea9e253c,0.0
14228894,1645171728.0,0x6b9bc18a52a551f273c16a25d974f09f1d01687f,0x477e83fa7dfb41e64daf20ea6950bde9ea9e253c,0.0
14228895,1645171745.0,0x6b9bc18a52a551f273c16a25d974f09f1d01687f,0x477e83fa7dfb41e64daf20ea6950bde9ea9e253c,0.0
14228934,1645172278.0,0x1386547268206d56ac36d5b27a4f1ec026a1cbf2,0x477e83fa7dfb41e64daf20ea6950bde9ea9e253c,0.0
14229036,1645173460.0,0x866efe130047c54d7c906afb80830c5427b1b92e,0x477e83fa7dfb41e64daf20ea6950bde9ea9e253c,0.6
14229057,1645173687.0,0x91f34a7979e873f54bde6837420d6c7800020b17,0x477e83fa7dfb41e64daf20ea6950bde9ea9e253c,0.36
14229059,1645173719.0,0x4649941b72d28fc534cec775a6f35ea1fa4cdc63,0x477e83fa7dfb41e64daf20ea6950bde9ea9e253c,0.12
14229059,1645173719.0,0x1386547268206d56ac36d5b27a4f1ec026a1cbf2,0x477e83fa7dfb41e64daf20ea6950bde9ea9e253c,0.0
14229063,1645173830.0,0x2eff66424163bdf065c1944b8d00e0ef7b676a5d,0x477e83fa7dfb41e64daf20ea6950bde9ea9e253c,0.6
14229073,1645173930.0,0xc66b8de8a287a5ec1291aefa84bc9ed735d7f08d,0x477e83fa7dfb41e64daf20ea6950bde9ea9e253c,0.6
14229087,1645174158.0,0x4649941b72d28fc534cec775a6f35ea1fa4cdc63,0x477e83fa7dfb41e64daf20ea6950bde9ea9e253c,0.6
14229087,1645174158.0,0x723fb0cfed691564192087d8f940ad832d8f13f7,0x477e83fa7dfb41e64daf20ea6950bde9ea9e253c,0.6
14229088,1645174185.0,0x723fb0cfed691564192087d8f940ad832d8f13f7,0x477e83fa7dfb41e64daf20ea6950bde9ea9e253c,0.6
14229094,1645174260.0,0x723fb0cfed691564192087d8f940ad832d8f13f7,0x477e83fa7dfb41e64daf20ea6950bde9ea9e253c,0.36
14229096,1645174275.0,0x614a327739d48f526b6d18f41d1feab9a4f67fe3,0x477e83fa7dfb41e64daf20ea6950bde9ea9e253c,0.0
14229115,1645174476.0,0x1386547268206d56ac36d5b27a4f1ec026a1cbf2,0x477e83fa7dfb41e64daf20ea6950bde9ea9e253c,0.0
14229123,1645174659.0,0xf17b56617908f2d7edd36156cabae7bcb59c2589,0x477e83fa7dfb41e64daf20ea6950bde9ea9e253c,0.12
14229163,1645175251.0,0x614a327739d48f526b6d18f41d1feab9a4f67fe3,0x477e83fa7dfb41e64daf20ea6950bde9ea9e253c,0.0
14229169,1645175334.0,0x6b9bc18a52a551f273c16a25d974f09f1d01687f,0x477e83fa7dfb41e64daf20ea6950bde9ea9e253c,0.0
14229178,1645175431.0,0xcbf239d36989b3aadc83d840e403818669d53dd3,0x477e83fa7dfb41e64daf20ea6950bde9ea9e253c,0.24
14229217,1645175946.0,0x6b9bc18a52a551f273c16a25d974f09f1d01687f,0x477e83fa7dfb41e64daf20ea6950bde9ea9e253c,0.0
14229226,1645176042.0,0xa7366dbffc6518a5c6e7c14e120da809c12775a1,0x477e83fa7dfb41e64daf20ea6950bde9ea9e253c,0.12
14229252,1645176356.0,0x1e9c9afeb6d2f256b66378442f7fe641157af190,0x477e83fa7dfb41e64daf20ea6950bde9ea9e253c,0.12
14229255,1645176415.0,0x1e9c9afeb6d2f256b66378442f7fe641157af190,0x477e83fa7dfb41e64daf20ea6950bde9ea9e253c,0.12
14229274,1645176630.0,0x1386547268206d56ac36d5b27a4f1ec026a1cbf2,0x477e83fa7dfb41e64daf20ea6950bde9ea9e253c,0.0
14229274,1645176630.0,0x614a327739d48f526b6d18f41d1feab9a4f67fe3,0x477e83fa7dfb41e64daf20ea6950bde9ea9e253c,0.0
14229331,1645177353.0,0x1386547268206d56ac36d5b27a4f1ec026a1cbf2,0x477e83fa7dfb41e64daf20ea6950bde9ea9e253c,0.0
14229341,1645177485.0,0x6b9bc18a52a551f273c16a25d974f09f1d01687f,0x477e83fa7dfb41e64daf20ea6950bde9ea9e253c,0.0
14229342,1645177519.0,0xed3ec6b39aea42db0739d4e8cc68e40d72a942c8,0x477e83fa7dfb41e64daf20ea6950bde9ea9e253c,0.48
14229355,1645177785.0,0xba0f56e27e753f39b2baf43b1b2ab27134b736c6,0x477e83fa7dfb41e64daf20ea6950bde9ea9e253c,0.12
14229358,1645177849.0,0x614a327739d48f526b6d18f41d1feab9a4f67fe3,0x477e83fa7dfb41e64daf20ea6950bde9ea9e253c,0.0
14229372,1645178083.0,0x1386547268206d56ac36d5b27a4f1ec026a1cbf2,0x477e83fa7dfb41e64daf20ea6950bde9ea9e253c,0.0
14229405,1645178452.0,0xb53f2b60a7ec0144d2c7c8fde65e292c750559e2,0x477e83fa7dfb41e64daf20ea6950bde9ea9e253c,0.12
14229414,1645178582.0,0x08f99cb26b85b71a643727be8dada6d317e324b1,0x477e83fa7dfb41e64daf20ea6950bde9ea9e253c,0.12
14229434,1645178795.0,0x1386547268206d56ac36d5b27a4f1ec026a1cbf2,0x477e83fa7dfb41e64daf20ea6950bde9ea9e253c,0.0
14229438,1645178866.0,0x614a327739d48f526b6d18f41d1feab9a4f67fe3,0x477e83fa7dfb41e64daf20ea6950bde9ea9e253c,0.0
14229440,1645178917.0,0xb53f2b60a7ec0144d2c7c8fde65e292c750559e2,0x477e83fa7dfb41e64daf20ea6950bde9ea9e253c,0.0
14229441,1645178933.0,0x6b9bc18a52a551f273c16a25d974f09f1d01687f,0x477e83fa7dfb41e64daf20ea6950bde9ea9e253c,0.0
14229443,1645178960.0,0x08f99cb26b85b71a643727be8dada6d317e324b1,0x477e83fa7dfb41e64daf20ea6950bde9ea9e253c,0.24
14229480,1645179506.0,0x1386547268206d56ac36d5b27a4f1ec026a1cbf2,0x477e83fa7dfb41e64daf20ea6950bde9ea9e253c,0.0
14229510,1645179760.0,0xeecde6c82eb1d427509c561a59f940698804d70e,0x477e83fa7dfb41e64daf20ea6950bde9ea9e253c,0.12
14229546,1645180208.0,0x1386547268206d56ac36d5b27a4f1ec026a1cbf2,0x477e83fa7dfb41e64daf20ea6950bde9ea9e253c,0.0
14229546,1645180208.0,0x614a327739d48f526b6d18f41d1feab9a4f67fe3,0x477e83fa7dfb41e64daf20ea6950bde9ea9e253c,0.0
14229584,1645180625.0,0xc3ffc501dc02ff784f6f618133308cfbbd4b1e39,0x477e83fa7dfb41e64daf20ea6950bde9ea9e253c,0.12
14229602,1645180956.0,0x1386547268206d56ac36d5b27a4f1ec026a1cbf2,0x477e83fa7dfb41e64daf20ea6950bde9ea9e253c,0.0
14229646,1645181462.0,0x614a327739d48f526b6d18f41d1feab9a4f67fe3,0x477e83fa7dfb41e64daf20ea6950bde9ea9e253c,0.0
14229665,1645181685.0,0x1386547268206d56ac36d5b27a4f1ec026a1cbf2,0x477e83fa7dfb41e64daf20ea6950bde9ea9e253c,0.0
14229707,1645182090.0,0xf776a5e6541c97bda62b5661cd8ab1e88bdf38c8,0x477e83fa7dfb41e64daf20ea6950bde9ea9e253c,0.12
14229708,1645182108.0,0xf776a5e6541c97bda62b5661cd8ab1e88bdf38c8,0x477e83fa7dfb41e64daf20ea6950bde9ea9e253c,0.12
14229731,1645182400.0,0x1386547268206d56ac36d5b27a4f1ec026a1cbf2,0x477e83fa7dfb41e64daf20ea6950bde9ea9e253c,0.0
14229742,1645182514.0,0x1386547268206d56ac36d5b27a4f1ec026a1cbf2,0x477e83fa7dfb41e64daf20ea6950bde9ea9e253c,0.0
14229763,1645182771.0,0x1386547268206d56ac36d5b27a4f1ec026a1cbf2,0x477e83fa7dfb41e64daf20ea6950bde9ea9e253c,0.0
14229792,1645183121.0,0x1386547268206d56ac36d5b27a4f1ec026a1cbf2,0x477e83fa7dfb41e64daf20ea6950bde9ea9e253c,0.0
14229854,1645183847.0,0x1386547268206d56ac36d5b27a4f1ec026a1cbf2,0x477e83fa7dfb41e64daf20ea6950bde9ea9e253c,0.0
14229900,1645184576.0,0x1386547268206d56ac36d5b27a4f1ec026a1cbf2,0x477e83fa7dfb41e64daf20ea6950bde9ea9e253c,0.0
14229909,1645184705.0,0x6b9bc18a52a551f273c16a25d974f09f1d01687f,0x477e83fa7dfb41e64daf20ea6950bde9ea9e253c,0.0
14229916,1645184889.0,0x36bb89f9924f34a2ccfe33c54c173a78ebe31341,0x477e83fa7dfb41e64daf20ea6950bde9ea9e253c,0.12
14229935,1645185076.0,0x614a327739d48f526b6d18f41d1feab9a4f67fe3,0x477e83fa7dfb41e64daf20ea6950bde9ea9e253c,0.0
14229947,1645185190.0,0x36bb89f9924f34a2ccfe33c54c173a78ebe31341,0x477e83fa7dfb41e64daf20ea6950bde9ea9e253c,0.6
14229954,1645185287.0,0x1386547268206d56ac36d5b27a4f1ec026a1cbf2,0x477e83fa7dfb41e64daf20ea6950bde9ea9e253c,0.0
14230009,1645186018.0,0x1386547268206d56ac36d5b27a4f1ec026a1cbf2,0x477e83fa7dfb41e64daf20ea6950bde9ea9e253c,0.0
14230019,1645186145.0,0x1386547268206d56ac36d5b27a4f1ec026a1cbf2,0x477e83fa7dfb41e64daf20ea6950bde9ea9e253c,0.0
14230060,1645186706.0,0x1386547268206d56ac36d5b27a4f1ec026a1cbf2,0x477e83fa7dfb41e64daf20ea6950bde9ea9e253c,0.0
14230088,1645187056.0,0xdbaecc66c89f103704e07b8c992ce506854893b2,0x477e83fa7dfb41e64daf20ea6950bde9ea9e253c,0.12
14230110,1645187429.0,0x614a327739d48f526b6d18f41d1feab9a4f67fe3,0x477e83fa7dfb41e64daf20ea6950bde9ea9e253c,0.0
14230160,1645188171.0,0x1386547268206d56ac36d5b27a4f1ec026a1cbf2,0x477e83fa7dfb41e64daf20ea6950bde9ea9e253c,0.0
14230176,1645188310.0,0x1386547268206d56ac36d5b27a4f1ec026a1cbf2,0x477e83fa7dfb41e64daf20ea6950bde9ea9e253c,0.0
14230192,1645188666.0,0x614a327739d48f526b6d18f41d1feab9a4f67fe3,0x477e83fa7dfb41e64daf20ea6950bde9ea9e253c,0.0
14230210,1645188837.0,0x1386547268206d56ac36d5b27a4f1ec026a1cbf2,0x477e83fa7dfb41e64daf20ea6950bde9ea9e253c,0.0
14230259,1645189584.0,0x1386547268206d56ac36d5b27a4f1ec026a1cbf2,0x477e83fa7dfb41e64daf20ea6950bde9ea9e253c,0.0
14230266,1645189662.0,0x614a327739d48f526b6d18f41d1feab9a4f67fe3,0x477e83fa7dfb41e64daf20ea6950bde9ea9e253c,0.0
14230272,1645189700.0,0x1386547268206d56ac36d5b27a4f1ec026a1cbf2,0x477e83fa7dfb41e64daf20ea6950bde9ea9e253c,0.0
14230272,1645189700.0,0x6b9bc18a52a551f273c16a25d974f09f1d01687f,0x477e83fa7dfb41e64daf20ea6950bde9ea9e253c,0.0
14230276,1645189758.0,0x1386547268206d56ac36d5b27a4f1ec026a1cbf2,0x477e83fa7dfb41e64daf20ea6950bde9ea9e253c,0.0
14230333,1645190315.0,0x1386547268206d56ac36d5b27a4f1ec026a1cbf2,0x477e83fa7dfb41e64daf20ea6950bde9ea9e253c,0.0
14230368,1645190691.0,0x6b9bc18a52a551f273c16a25d974f09f1d01687f,0x477e83fa7dfb41e64daf20ea6950bde9ea9e253c,0.0
14230395,1645191044.0,0x1386547268206d56ac36d5b27a4f1ec026a1cbf2,0x477e83fa7dfb41e64daf20ea6950bde9ea9e253c,0.0
14230446,1645191742.0,0x1386547268206d56ac36d5b27a4f1ec026a1cbf2,0x477e83fa7dfb41e64daf20ea6950bde9ea9e253c,0.0
14230461,1645192018.0,0x6b9bc18a52a551f273c16a25d974f09f1d01687f,0x477e83fa7dfb41e64daf20ea6950bde9ea9e253c,0.0
14230490,1645192488.0,0x1386547268206d56ac36d5b27a4f1ec026a1cbf2,0x477e83fa7dfb41e64daf20ea6950bde9ea9e253c,0.0
14230534,1645193179.0,0x1386547268206d56ac36d5b27a4f1ec026a1cbf2,0x477e83fa7dfb41e64daf20ea6950bde9ea9e253c,0.0
14230545,1645193316.0,0x6b9bc18a52a551f273c16a25d974f09f1d01687f,0x477e83fa7dfb41e64daf20ea6950bde9ea9e253c,0.0
14230555,1645193479.0,0x614a327739d48f526b6d18f41d1feab9a4f67fe3,0x477e83fa7dfb41e64daf20ea6950bde9ea9e253c,0.0
14230556,1645193516.0,0x1386547268206d56ac36d5b27a4f1ec026a1cbf2,0x477e83fa7dfb41e64daf20ea6950bde9ea9e253c,0.0
14230580,1645193870.0,0x1386547268206d56ac36d5b27a4f1ec026a1cbf2,0x477e83fa7dfb41e64daf20ea6950bde9ea9e253c,0.0
14230631,1645194504.0,0x1386547268206d56ac36d5b27a4f1ec026a1cbf2,0x477e83fa7dfb41e64daf20ea6950bde9ea9e253c,0.0
14230643,1645194623.0,0x614a327739d48f526b6d18f41d1feab9a4f67fe3,0x477e83fa7dfb41e64daf20ea6950bde9ea9e253c,0.0
14230662,1645194933.0,0x4d9566698ba7d7ecb958bcccb2e4e6a559153992,0x477e83fa7dfb41e64daf20ea6950bde9ea9e253c,0.12
14230677,1645195101.0,0x1386547268206d56ac36d5b27a4f1ec026a1cbf2,0x477e83fa7dfb41e64daf20ea6950bde9ea9e253c,0.0
14230681,1645195180.0,0x4d9566698ba7d7ecb958bcccb2e4e6a559153992,0x477e83fa7dfb41e64daf20ea6950bde9ea9e253c,0.24
14230689,1645195319.0,0x1386547268206d56ac36d5b27a4f1ec026a1cbf2,0x477e83fa7dfb41e64daf20ea6950bde9ea9e253c,0.0
14230722,1645195782.0,0x1386547268206d56ac36d5b27a4f1ec026a1cbf2,0x477e83fa7dfb41e64daf20ea6950bde9ea9e253c,0.0
14230729,1645195868.0,0x614a327739d48f526b6d18f41d1feab9a4f67fe3,0x477e83fa7dfb41e64daf20ea6950bde9ea9e253c,0.0
14230737,1645195985.0,0x1386547268206d56ac36d5b27a4f1ec026a1cbf2,0x477e83fa7dfb41e64daf20ea6950bde9ea9e253c,0.0
14230745,1645196075.0,0x1386547268206d56ac36d5b27a4f1ec026a1cbf2,0x477e83fa7dfb41e64daf20ea6950bde9ea9e253c,0.0
14230787,1645196544.0,0xa6a620b6f1bf0370b1a886c4d09d511951388542,0x477e83fa7dfb41e64daf20ea6950bde9ea9e253c,0.12
14230790,1645196609.0,0x179503687936be87ceb6b1a9c5bdbdd72dbb5161,0x477e83fa7dfb41e64daf20ea6950bde9ea9e253c,0.24
14230810,1645197098.0,0x179503687936be87ceb6b1a9c5bdbdd72dbb5161,0x477e83fa7dfb41e64daf20ea6950bde9ea9e253c,0.0
14230816,1645197178.0,0x179503687936be87ceb6b1a9c5bdbdd72dbb5161,0x477e83fa7dfb41e64daf20ea6950bde9ea9e253c,0.0
14230850,1645197523.0,0x1386547268206d56ac36d5b27a4f1ec026a1cbf2,0x477e83fa7dfb41e64daf20ea6950bde9ea9e253c,0.0
14230902,1645198235.0,0x1386547268206d56ac36d5b27a4f1ec026a1cbf2,0x477e83fa7dfb41e64daf20ea6950bde9ea9e253c,0.0
14230920,1645198437.0,0x6b9bc18a52a551f273c16a25d974f09f1d01687f,0x477e83fa7dfb41e64daf20ea6950bde9ea9e253c,0.0
14230955,1645198947.0,0xd949ea0610d4517dc2a79cce5ad866f7d17cccd8,0x477e83fa7dfb41e64daf20ea6950bde9ea9e253c,0.6
14230955,1645198947.0,0x1386547268206d56ac36d5b27a4f1ec026a1cbf2,0x477e83fa7dfb41e64daf20ea6950bde9ea9e253c,0.0
14230960,1645199030.0,0x1386547268206d56ac36d5b27a4f1ec026a1cbf2,0x477e83fa7dfb41e64daf20ea6950bde9ea9e253c,0.0
14230966,1645199134.0,0xfc1688edb753869bc51ebcd74d241ba9b13781ea,0x477e83fa7dfb41e64daf20ea6950bde9ea9e253c,0.12
14230980,1645199329.0,0xa29867a991f4aae423ca8566fee1824c968aca8d,0x477e83fa7dfb41e64daf20ea6950bde9ea9e253c,0.12
14230994,1645199480.0,0x614a327739d48f526b6d18f41d1feab9a4f67fe3,0x477e83fa7dfb41e64daf20ea6950bde9ea9e253c,0.0
14231005,1645199650.0,0x1386547268206d56ac36d5b27a4f1ec026a1cbf2,0x477e83fa7dfb41e64daf20ea6950bde9ea9e253c,0.0
14231026,1645199929.0,0x6b9bc18a52a551f273c16a25d974f09f1d01687f,0x477e83fa7dfb41e64daf20ea6950bde9ea9e253c,0.0
14231028,1645199936.0,0x6b9bc18a52a551f273c16a25d974f09f1d01687f,0x477e83fa7dfb41e64daf20ea6950bde9ea9e253c,0.0
14231037,1645200072.0,0x80fa62f308f40495f3508a4aac8d637da5c76f98,0x477e83fa7dfb41e64daf20ea6950bde9ea9e253c,0.6
14231051,1645200223.0,0x614a327739d48f526b6d18f41d1feab9a4f67fe3,0x477e83fa7dfb41e64daf20ea6950bde9ea9e253c,0.0
14231063,1645200392.0,0x1386547268206d56ac36d5b27a4f1ec026a1cbf2,0x477e83fa7dfb41e64daf20ea6950bde9ea9e253c,0.0
14231114,1645201106.0,0x1386547268206d56ac36d5b27a4f1ec026a1cbf2,0x477e83fa7dfb41e64daf20ea6950bde9ea9e253c,0.0
14231148,1645201514.0,0x614a327739d48f526b6d18f41d1feab9a4f67fe3,0x477e83fa7dfb41e64daf20ea6950bde9ea9e253c,0.0
14231209,1645202295.0,0x1386547268206d56ac36d5b27a4f1ec026a1cbf2,0x477e83fa7dfb41e64daf20ea6950bde9ea9e253c,0.0
14231210,1645202312.0,0x6b9bc18a52a551f273c16a25d974f09f1d01687f,0x477e83fa7dfb41e64daf20ea6950bde9ea9e253c,0.0
14231214,1645202416.0,0x614a327739d48f526b6d18f41d1feab9a4f67fe3,0x477e83fa7dfb41e64daf20ea6950bde9ea9e253c,0.0
14231227,1645202566.0,0x614a327739d48f526b6d18f41d1feab9a4f67fe3,0x477e83fa7dfb41e64daf20ea6950bde9ea9e253c,0.0
14231255,1645202956.0,0x614a327739d48f526b6d18f41d1feab9a4f67fe3,0x477e83fa7dfb41e64daf20ea6950bde9ea9e253c,0.0
14231276,1645203215.0,0x8479000576e386ca9d4217bab35048f458013030,0x477e83fa7dfb41e64daf20ea6950bde9ea9e253c,0.6
14231286,1645203328.0,0x6b9bc18a52a551f273c16a25d974f09f1d01687f,0x477e83fa7dfb41e64daf20ea6950bde9ea9e253c,0.0
14231309,1645203671.0,0x614a327739d48f526b6d18f41d1feab9a4f67fe3,0x477e83fa7dfb41e64daf20ea6950bde9ea9e253c,0.0
14231326,1645203836.0,0x614a327739d48f526b6d18f41d1feab9a4f67fe3,0x477e83fa7dfb41e64daf20ea6950bde9ea9e253c,0.0
14231354,1645204229.0,0xa98490a0c46f52f9b56a5538318ae663ae0ddf12,0x477e83fa7dfb41e64daf20ea6950bde9ea9e253c,0.12
14231368,1645204394.0,0x614a327739d48f526b6d18f41d1feab9a4f67fe3,0x477e83fa7dfb41e64daf20ea6950bde9ea9e253c,0.0
14231415,1645205007.0,0xc6150351a94dc96e70e7aa2398f816901f7bd324,0x477e83fa7dfb41e64daf20ea6950bde9ea9e253c,0.12
14231417,1645205092.0,0x614a327739d48f526b6d18f41d1feab9a4f67fe3,0x477e83fa7dfb41e64daf20ea6950bde9ea9e253c,0.0
14231439,1645205421.0,0x435a23ae29728c48f51699dbc6313f18abd4e87e,0x477e83fa7dfb41e64daf20ea6950bde9ea9e253c,0.12
14231439,1645205421.0,0xa4a6f061dd72ffd5132a7d5765845a1fbcf6e792,0x477e83fa7dfb41e64daf20ea6950bde9ea9e253c,0.36
14231467,1645205831.0,0x614a327739d48f526b6d18f41d1feab9a4f67fe3,0x477e83fa7dfb41e64daf20ea6950bde9ea9e253c,0.0
14231517,1645206544.0,0x614a327739d48f526b6d18f41d1feab9a4f67fe3,0x477e83fa7dfb41e64daf20ea6950bde9ea9e253c,0.0
14231564,1645207274.0,0x614a327739d48f526b6d18f41d1feab9a4f67fe3,0x477e83fa7dfb41e64daf20ea6950bde9ea9e253c,0.0
14231591,1645207604.0,0x1386547268206d56ac36d5b27a4f1ec026a1cbf2,0x477e83fa7dfb41e64daf20ea6950bde9ea9e253c,0.0
14231603,1645207758.0,0x9a672b41a9869e27f711ac82eadc4e568a5d2365,0x477e83fa7dfb41e64daf20ea6950bde9ea9e253c,0.6
14231625,1645207991.0,0x614a327739d48f526b6d18f41d1feab9a4f67fe3,0x477e83fa7dfb41e64daf20ea6950bde9ea9e253c,0.0
14231640,1645208192.0,0x645efef9c281b8c12146c7ceca72d9674a1abbbf,0x477e83fa7dfb41e64daf20ea6950bde9ea9e253c,0.12
14231654,1645208323.0,0x1386547268206d56ac36d5b27a4f1ec026a1cbf2,0x477e83fa7dfb41e64daf20ea6950bde9ea9e253c,0.0
14231676,1645208527.0,0xeab7679380acf8ee4175dadac2899ba1162dca0e,0x477e83fa7dfb41e64daf20ea6950bde9ea9e253c,0.12
14231692,1645208714.0,0x614a327739d48f526b6d18f41d1feab9a4f67fe3,0x477e83fa7dfb41e64daf20ea6950bde9ea9e253c,0.0
14231692,1645208714.0,0xeab7679380acf8ee4175dadac2899ba1162dca0e,0x477e83fa7dfb41e64daf20ea6950bde9ea9e253c,0.12
14231714,1645209037.0,0x1386547268206d56ac36d5b27a4f1ec026a1cbf2,0x477e83fa7dfb41e64daf20ea6950bde9ea9e253c,0.0
14231742,1645209429.0,0x614a327739d48f526b6d18f41d1feab9a4f67fe3,0x477e83fa7dfb41e64daf20ea6950bde9ea9e253c,0.0
14231763,1645209661.0,0xa6d1ad3211ac69965c7221ae987f6190687d4c75,0x477e83fa7dfb41e64daf20ea6950bde9ea9e253c,0.12
14231766,1645209739.0,0x1386547268206d56ac36d5b27a4f1ec026a1cbf2,0x477e83fa7dfb41e64daf20ea6950bde9ea9e253c,0.0
14231796,1645210123.0,0x614a327739d48f526b6d18f41d1feab9a4f67fe3,0x477e83fa7dfb41e64daf20ea6950bde9ea9e253c,0.0
14231817,1645210472.0,0x1386547268206d56ac36d5b27a4f1ec026a1cbf2,0x477e83fa7dfb41e64daf20ea6950bde9ea9e253c,0.0
14231820,1645210544.0,0x6b9bc18a52a551f273c16a25d974f09f1d01687f,0x477e83fa7dfb41e64daf20ea6950bde9ea9e253c,0.0
14231836,1645210881.0,0x614a327739d48f526b6d18f41d1feab9a4f67fe3,0x477e83fa7dfb41e64daf20ea6950bde9ea9e253c,0.0
14231838,1645210887.0,0x9f6800bdca120a17013425f1174cfe1da454a3d9,0x477e83fa7dfb41e64daf20ea6950bde9ea9e253c,0.6
14231850,1645211002.0,0x02d9ea14cf47562a2f1d2d2d744e628a60a1e5f8,0x477e83fa7dfb41e64daf20ea6950bde9ea9e253c,0.6
14231851,1645211036.0,0x614a327739d48f526b6d18f41d1feab9a4f67fe3,0x477e83fa7dfb41e64daf20ea6950bde9ea9e253c,0.0
14231861,1645211197.0,0x1386547268206d56ac36d5b27a4f1ec026a1cbf2,0x477e83fa7dfb41e64daf20ea6950bde9ea9e253c,0.0
14231862,1645211223.0,0x32ec8c9271997373efb9d9172977ec9be49b0747,0x477e83fa7dfb41e64daf20ea6950bde9ea9e253c,0.6
14231887,1645211583.0,0x614a327739d48f526b6d18f41d1feab9a4f67fe3,0x477e83fa7dfb41e64daf20ea6950bde9ea9e253c,0.0
14231913,1645211875.0,0x1386547268206d56ac36d5b27a4f1ec026a1cbf2,0x477e83fa7dfb41e64daf20ea6950bde9ea9e253c,0.0
14231915,1645211899.0,0x6b9bc18a52a551f273c16a25d974f09f1d01687f,0x477e83fa7dfb41e64daf20ea6950bde9ea9e253c,0.0
14231919,1645211929.0,0x1386547268206d56ac36d5b27a4f1ec026a1cbf2,0x477e83fa7dfb41e64daf20ea6950bde9ea9e253c,0.0
14231948,1645212297.0,0x614a327739d48f526b6d18f41d1feab9a4f67fe3,0x477e83fa7dfb41e64daf20ea6950bde9ea9e253c,0.0
14231969,1645212649.0,0x1386547268206d56ac36d5b27a4f1ec026a1cbf2,0x477e83fa7dfb41e64daf20ea6950bde9ea9e253c,0.0
14231994,1645212816.0,0x6e92236eb3937ff8879d39cfc8a57d8b4a0ecb6f,0x477e83fa7dfb41e64daf20ea6950bde9ea9e253c,1.2
14232003,1645213010.0,0x6b9bc18a52a551f273c16a25d974f09f1d01687f,0x477e83fa7dfb41e64daf20ea6950bde9ea9e253c,0.0
14232004,1645213032.0,0x614a327739d48f526b6d18f41d1feab9a4f67fe3,0x477e83fa7dfb41e64daf20ea6950bde9ea9e253c,0.0
14232015,1645213193.0,0xcabf70ffd3aad0b2a759534143b07a58fb839fd2,0x477e83fa7dfb41e64daf20ea6950bde9ea9e253c,0.12
14232015,1645213193.0,0xcabf70ffd3aad0b2a759534143b07a58fb839fd2,0x477e83fa7dfb41e64daf20ea6950bde9ea9e253c,0.12
14232029,1645213366.0,0x1386547268206d56ac36d5b27a4f1ec026a1cbf2,0x477e83fa7dfb41e64daf20ea6950bde9ea9e253c,0.0
14232041,1645213489.0,0x1386547268206d56ac36d5b27a4f1ec026a1cbf2,0x477e83fa7dfb41e64daf20ea6950bde9ea9e253c,0.0
14232052,1645213760.0,0x614a327739d48f526b6d18f41d1feab9a4f67fe3,0x477e83fa7dfb41e64daf20ea6950bde9ea9e253c,0.0
14232060,1645213854.0,0x1386547268206d56ac36d5b27a4f1ec026a1cbf2,0x477e83fa7dfb41e64daf20ea6950bde9ea9e253c,0.0
14232080,1645214082.0,0x1386547268206d56ac36d5b27a4f1ec026a1cbf2,0x477e83fa7dfb41e64daf20ea6950bde9ea9e253c,0.0
14232101,1645214480.0,0x614a327739d48f526b6d18f41d1feab9a4f67fe3,0x477e83fa7dfb41e64daf20ea6950bde9ea9e253c,0.0
14232102,1645214482.0,0x614a327739d48f526b6d18f41d1feab9a4f67fe3,0x477e83fa7dfb41e64daf20ea6950bde9ea9e253c,0.0
14232116,1645214641.0,0x614a327739d48f526b6d18f41d1feab9a4f67fe3,0x477e83fa7dfb41e64daf20ea6950bde9ea9e253c,0.0
14232119,1645214669.0,0x1a40da0461aa7c297abdc198e4a41bde9feb0b95,0x477e83fa7dfb41e64daf20ea6950bde9ea9e253c,0.24
14232129,1645214799.0,0x1386547268206d56ac36d5b27a4f1ec026a1cbf2,0x477e83fa7dfb41e64daf20ea6950bde9ea9e253c,0.0
14232165,1645215198.0,0x614a327739d48f526b6d18f41d1feab9a4f67fe3,0x477e83fa7dfb41e64daf20ea6950bde9ea9e253c,0.0
14232183,1645215507.0,0x1386547268206d56ac36d5b27a4f1ec026a1cbf2,0x477e83fa7dfb41e64daf20ea6950bde9ea9e253c,0.0
14232236,1645216240.0,0x1386547268206d56ac36d5b27a4f1ec026a1cbf2,0x477e83fa7dfb41e64daf20ea6950bde9ea9e253c,0.0
14232287,1645216964.0,0x1386547268206d56ac36d5b27a4f1ec026a1cbf2,0x477e83fa7dfb41e64daf20ea6950bde9ea9e253c,0.0
14232339,1645217594.0,0x6b9bc18a52a551f273c16a25d974f09f1d01687f,0x477e83fa7dfb41e64daf20ea6950bde9ea9e253c,0.0
14232342,1645217602.0,0x6b9bc18a52a551f273c16a25d974f09f1d01687f,0x477e83fa7dfb41e64daf20ea6950bde9ea9e253c,0.0
14232343,1645217615.0,0x6b9bc18a52a551f273c16a25d974f09f1d01687f,0x477e83fa7dfb41e64daf20ea6950bde9ea9e253c,0.0
14232345,1645217635.0,0x6b9bc18a52a551f273c16a25d974f09f1d01687f,0x477e83fa7dfb41e64daf20ea6950bde9ea9e253c,0.0
14232400,1645218397.0,0x1386547268206d56ac36d5b27a4f1ec026a1cbf2,0x477e83fa7dfb41e64daf20ea6950bde9ea9e253c,0.0
14232442,1645219127.0,0x1386547268206d56ac36d5b27a4f1ec026a1cbf2,0x477e83fa7dfb41e64daf20ea6950bde9ea9e253c,0.0
14232484,1645219811.0,0x48dcdf17c3cbaac7dfcd2e9bc76fa0cf97957e83,0x477e83fa7dfb41e64daf20ea6950bde9ea9e253c,0.12
14232486,1645219845.0,0x1386547268206d56ac36d5b27a4f1ec026a1cbf2,0x477e83fa7dfb41e64daf20ea6950bde9ea9e253c,0.0
14232510,1645220252.0,0x6b9bc18a52a551f273c16a25d974f09f1d01687f,0x477e83fa7dfb41e64daf20ea6950bde9ea9e253c,0.0
14232529,1645220566.0,0x1386547268206d56ac36d5b27a4f1ec026a1cbf2,0x477e83fa7dfb41e64daf20ea6950bde9ea9e253c,0.0
14232575,1645221274.0,0x1386547268206d56ac36d5b27a4f1ec026a1cbf2,0x477e83fa7dfb41e64daf20ea6950bde9ea9e253c,0.0
14232586,1645221412.0,0x628fc687847bf43e573771c98016812051321d6c,0x477e83fa7dfb41e64daf20ea6950bde9ea9e253c,0.12
14232620,1645221842.0,0x614a327739d48f526b6d18f41d1feab9a4f67fe3,0x477e83fa7dfb41e64daf20ea6950bde9ea9e253c,0.0
14232632,1645222013.0,0x628fc687847bf43e573771c98016812051321d6c,0x477e83fa7dfb41e64daf20ea6950bde9ea9e253c,0.12
14232638,1645222140.0,0x31249c9ad60b319eaa6fda00a84327ffbb74ac72,0x477e83fa7dfb41e64daf20ea6950bde9ea9e253c,0.12
14232687,1645222718.0,0x1386547268206d56ac36d5b27a4f1ec026a1cbf2,0x477e83fa7dfb41e64daf20ea6950bde9ea9e253c,0.0
14232713,1645222977.0,0x6b9bc18a52a551f273c16a25d974f09f1d01687f,0x477e83fa7dfb41e64daf20ea6950bde9ea9e253c,0.0
14232760,1645223422.0,0x1386547268206d56ac36d5b27a4f1ec026a1cbf2,0x477e83fa7dfb41e64daf20ea6950bde9ea9e253c,0.0
14232810,1645224160.0,0x1386547268206d56ac36d5b27a4f1ec026a1cbf2,0x477e83fa7dfb41e64daf20ea6950bde9ea9e253c,0.0
14232903,1645225394.0,0x614a327739d48f526b6d18f41d1feab9a4f67fe3,0x477e83fa7dfb41e64daf20ea6950bde9ea9e253c,0.0
14232966,1645226303.0,0x1386547268206d56ac36d5b27a4f1ec026a1cbf2,0x477e83fa7dfb41e64daf20ea6950bde9ea9e253c,0.0
14233034,1645227036.0,0x1386547268206d56ac36d5b27a4f1ec026a1cbf2,0x477e83fa7dfb41e64daf20ea6950bde9ea9e253c,0.0
14233137,1645228478.0,0x1386547268206d56ac36d5b27a4f1ec026a1cbf2,0x477e83fa7dfb41e64daf20ea6950bde9ea9e253c,0.0
14233182,1645229003.0,0x614a327739d48f526b6d18f41d1feab9a4f67fe3,0x477e83fa7dfb41e64daf20ea6950bde9ea9e253c,0.0
14233326,1645231021.0,0xa3efe3cfbb76a6f0fadf0edf256d59c9459bb5ea,0x477e83fa7dfb41e64daf20ea6950bde9ea9e253c,0.6
14235988,1645266333.0,0x6b9bc18a52a551f273c16a25d974f09f1d01687f,0x477e83fa7dfb41e64daf20ea6950bde9ea9e253c,0.0
14235988,1645266333.0,0x477e83fa7dfb41e64daf20ea6950bde9ea9e253c,0x112cdad58b1a9cf407226f30acc4f1c5193e9437,1.0
14235991,1645266349.0,0x6b9bc18a52a551f273c16a25d974f09f1d01687f,0x477e83fa7dfb41e64daf20ea6950bde9ea9e253c,0.0
14235991,1645266349.0,0x477e83fa7dfb41e64daf20ea6950bde9ea9e253c,0x9bfe4728b24da9edf0412da890a03b77b24505b4,1.0
14238711,1645303974.0,0x6b9bc18a52a551f273c16a25d974f09f1d01687f,0x477e83fa7dfb41e64daf20ea6950bde9ea9e253c,0.0
14238711,1645303974.0,0x477e83fa7dfb41e64daf20ea6950bde9ea9e253c,0x705a843eda9427538b885007334002423c928951,35.92
14266074,1645669136.0,0x5f1e79d29812d974aa5d48843e12630fa9ae4cbb,0x477e83fa7dfb41e64daf20ea6950bde9ea9e253c,0.0
